subject_id,measurement_id,measurement_index,AS7341_F1,AS7341_F2,AS7341_F3,AS7341_F4,AS7341_F5,AS7341_F6,AS7341_F7,AS7341_F8,AS7341_Clear,AS7341_NIR,TCS34725_R,TCS34725_G,TCS34725_B,TCS34725_Clear,VL53L1X_Distance_mm,characteristic_class
S425,S425_M02,2,116.16,133.07,150.69,149.69,157.87,157.4,145.84,138.25,767.93,266.37,120.3,128.55,102.93,442.32,36.54,Class_B
S012,S012_M02,2,115.79,132.04,151.28,157.13,157.46,158.67,149.99,140.91,782.9,261.59,129.18,129.81,101.8,432.04,39.42,Class_C
S497,S497_M01,1,108.32,123.02,147.78,157.88,154.09,155.86,137.88,133.16,774.97,258.48,125.51,132.48,116.48,429.67,42.23,Class_B
S259,S259_M03,3,93.36,122.07,142.21,157.88,160.95,157.06,145.98,123.36,781.86,240.72,116.88,132.65,102.65,423.07,38.46,Class_A
S320,S320_M05,5,119.5,131.65,142.41,143.39,142.71,144.6,141.97,132.01,774.95,266.09,126.88,129.02,103.21,418.13,41.11,Class_C
S161,S161_M02,2,94.52,116.21,131.96,142.31,156.37,159.61,150.64,128.08,796.6,249.6,118.84,126.03,102.13,428.04,39.385,Class_A
S035,S035_M01,1,106.09,122.07,138.54,147.87,159.46,140.21,137.72,123.38,792.13,271.86,111.16,124.22,105.01,417.74,42.75,Class_B
S189,S189_M01,1,121.95,132.89,141.98,155.04,159.3,160.79,153.2,139.87,812.44,262.52,115.81,117.35,93.83,423.1,36.13,Class_C
S198,S198_M04,4,117.11,130.19,133.98,144.75,149.05,153.9,162.72,138.71,774.47,255.87,123.34,124.37,107.61,422.03,38.32,Class_C
S164,S164_M05,5,107.06,116.59,132.76,141.58,146.85,151.39,142.49,132.31,798.6,267.75,126.01,133.25,121.47,420.69,36.12,Class_A
S303,S303_M04,4,106.64,120.29,130.81,146.8,148.85,142.36,142.79,129.63,786.98,252.56,118.74,129.25,102.36,424.6,40.81,Class_B
S139,S139_M04,4,108.84,126.82,136.62,148.66,162.84,158.29,144.92,133.1,788.16,256.76,127.17,132.41,108.59,437.77,40.55,Class_C
S048,S048_M03,3,103.92,126.15,141.48,150.8,153.28,134.84,135.4,129.59,800.94,250.87,117.84,112.98,93.29,417.82,38.33,Class_A
S051,S051_M03,3,110.09,122.09,137.34,149.69,156.32,146.7,136.06,128.96,792.47,264.48,123.86,136.13,113.23,423.67,41.82,Class_A
S129,S129_M04,4,111.71,126.29,144.47,142.2,159.39,149.57,143.54,131.52,792.3,269.27,111.75,124.24,107.88,422.0,41.84,Class_A
S402,S402_M05,5,111.59,132.12,139.14,150.12,152.22,145.72,140.44,127.45,775.29,259.24,127.93,133.85,102.7,414.92,41.46,Class_C
S345,S345_M02,2,102.22,123.92,136.82,138.07,146.99,147.97,151.54,135.66,776.89,260.44,113.26,121.54,107.94,405.16,36.88,Class_C
S468,S468_M05,5,113.63,130.12,145.7,154.26,156.2,153.65,148.1,131.3,771.99,267.02,131.08,135.06,119.65,429.74,42.1,Class_C
S409,S409_M03,3,103.47,119.07,122.75,136.76,153.83,148.71,136.81,113.86,776.21,256.08,103.17,119.49,102.67,425.06,35.01,Class_A
S498,S498_M04,4,109.97,128.46,137.21,149.75,156.12,144.43,145.77,135.32,752.07,253.47,120.99,127.78,106.54,421.93,36.6,Class_B
S233,S233_M04,4,115.08,136.01,144.05,150.89,162.3,149.17,152.96,137.01,780.35,248.46,124.26,137.02,119.36,418.52,37.2,Class_C
S081,S081_M03,3,118.39,140.24,146.74,158.59,158.23,157.94,155.62,144.25,779.78,261.2,125.81,135.14,116.29,428.48,41.33,Class_C
S259,S259_M04,4,101.55,124.03,140.43,156.86,160.47,153.0,147.36,124.78,772.12,254.21,118.35,129.37,107.14,420.28,40.83,Class_A
S316,S316_M01,1,108.55,125.3,145.87,161.17,166.59,160.65,149.8,139.52,758.26,269.83,115.31,120.2,106.98,412.17,40.86,Class_A
S257,S257_M02,2,117.31,137.01,139.36,149.57,147.55,154.02,144.94,130.63,787.83,259.98,127.07,119.5,101.12,431.15,42.39,Class_C
S417,S417_M01,1,107.1,119.02,129.89,142.68,160.05,158.44,154.54,139.81,773.19,258.43,112.62,124.82,101.1,422.2,39.89,Class_A
S093,S093_M02,2,110.17,135.38,150.18,157.18,165.3,161.02,152.21,133.69,769.47,257.58,114.17,129.64499999999998,108.51,420.33,40.26,Class_B
S173,S173_M03,3,111.71,120.27,139.53,153.54,161.39,153.86,129.89,127.12,764.69,265.79,100.21,123.9,99.96,407.43,42.18,Class_A
S378,S378_M02,2,101.11,120.43,137.26,150.56,158.15,149.1,140.97,129.5,792.56,242.66,125.25,121.5,108.97,413.44,37.14,Class_B
S111,S111_M05,5,106.16,119.94,141.25,150.08,152.5,157.83,150.21,139.9,784.9,245.62,122.81,135.81,118.14,427.9,40.22,Class_B
S244,S244_M02,2,104.97,129.41,147.73,164.1,172.68,155.6,148.04,137.65,766.0,269.58,107.66,126.21,118.39,405.54,39.33,Class_B
S456,S456_M01,1,107.62,122.62,140.64,150.81,158.55,150.82,147.62,130.34,777.97,245.84,113.53,126.27,109.01,412.24,40.28,Class_A
S269,S269_M01,1,94.88,117.55,131.73,155.51,159.26,148.33,141.24,122.44,779.84,264.85,114.95,126.01,104.81,418.82,36.6,Class_A
S334,S334_M05,5,120.38,134.68,148.55,154.35,153.18,155.68,151.46,144.19,800.09,260.51,135.5,137.37,112.91,428.79,42.93,Class_C
S361,S361_M02,2,113.37,123.68,139.25,145.84,149.05,138.89,146.09,137.23,787.63,243.58,127.45,127.58,99.69,417.38,45.7,Class_C
S352,S352_M01,1,102.67,124.96,144.26,157.67,161.73,149.13,138.99,130.98,771.33,260.58,116.08,129.99,112.195,434.0,38.11,Class_A
S292,S292_M01,1,101.65,116.3,133.44,146.77,160.65,143.57,130.63,121.59,766.82,264.26,121.76,134.5,117.13,434.36,38.93,Class_A
S136,S136_M04,4,97.74,117.55,143.19,158.25,172.28,168.51,169.3,140.04,779.35,266.56,101.49,111.24,101.18,423.99,40.53,Class_A
S360,S360_M03,3,122.24,142.11,150.59,158.41,169.97,159.16,146.04,132.65,789.78,248.5,103.53,118.23,103.65,418.13,39.5,Class_B
S165,S165_M02,2,132.02,145.59,157.53,160.59,189.42,187.11,165.45,155.36,787.46,264.43,121.35,117.99,104.6,421.91,39.83,Class_B
S224,S224_M03,3,114.79,132.33,141.25,148.86,153.22,141.8,148.39,136.65,801.99,257.89,115.66,123.45,107.87,427.09,44.5,Class_C
S036,S036_M04,4,97.08,109.9,136.32,155.36,154.82,151.61,145.13,131.86,763.85,261.42,116.4,132.03,104.53,410.52,36.49,Class_A
S277,S277_M01,1,92.21,122.12,137.47,147.94,151.24,137.94,132.95,122.89,791.75,249.21,109.29,122.95,107.19,420.93,40.97,Class_A
S428,S428_M02,2,116.1,130.5,134.53,146.69,150.23,136.46,140.33,127.29,786.11,261.36,112.95,121.86,110.77,409.55,42.04,Class_C
S213,S213_M02,2,107.97,126.51,143.73,150.1,152.69,151.16,146.43,128.95,753.61,260.78,105.94,125.43,107.17,405.16,30.72,Class_A
S044,S044_M04,4,104.67,121.48,136.15,149.68,164.86,159.61,144.49,123.31,778.41,264.23,107.43,125.77,108.81,429.88,36.09,Class_A
S246,S246_M05,5,120.17,126.13,136.0,138.83,154.1,164.66,151.77,138.56,760.12,260.24,106.14,115.87,86.17,404.0,39.39,Class_C
S238,S238_M03,3,125.99,129.01,138.35,149.98,153.73,140.88,141.36,136.1,793.42,251.45,118.19,121.1,92.29,423.26,41.17,Class_C
S226,S226_M01,1,118.42,140.13,146.5,145.21,142.23,146.39,142.14,131.76,789.68,264.34,117.22,129.4,103.83,419.81,41.34,Class_C
S174,S174_M02,2,117.57,136.68,151.9,156.34,157.43,153.56,154.14,141.04,773.47,247.56,120.78,126.12,95.27,425.47,44.5,Class_C
S408,S408_M03,3,108.25,119.14,140.35,150.2,155.41,149.79,139.35,126.44,764.87,248.72,119.5,128.4,109.44,422.94,44.16,Class_C
S216,S216_M04,4,99.98,111.83,126.03,146.45,152.64,155.97,149.13,128.71,775.63,263.75,125.77,134.35,102.97,423.69,41.27,Class_C
S373,S373_M01,1,111.87,125.26,146.01,155.13,161.83,153.34,138.57,117.33,781.9,272.1,133.45,138.58,126.84,406.2,43.16,Class_B
S364,S364_M01,1,110.19,125.82,138.83,148.17,163.55,157.09,155.81,134.27,777.74,272.97,111.68,125.91,106.61,425.58,36.54,Class_A
S380,S380_M02,2,116.89,126.93,142.27,152.32,155.42,159.64,155.05,152.12,804.7,264.21,127.08,129.92,104.64,435.89,38.72,Class_C
S269,S269_M05,5,93.34,115.49,131.25,147.85,156.67,150.93,141.62,122.58,769.15,263.26,116.4,127.56,108.81,414.2,37.11,Class_A
S225,S225_M05,5,108.43,120.97,142.51,157.74,164.54,160.34,156.49,142.61,793.71,251.68,115.95,128.49,116.02,435.01,40.4,Class_A
S381,S381_M03,3,113.72,129.36,142.93,155.27,148.08,145.41,137.96,124.01,763.69,254.75,120.45,124.64,104.12,452.53,32.23,Class_B
S100,S100_M01,1,117.57,132.57,147.42,150.85,163.28,159.18,160.6,148.39,784.47,260.49,118.35,129.09,107.67,408.38,39.25,Class_C
S346,S346_M05,5,120.52,131.32,132.5,138.86,145.99,148.63,144.13,130.19,793.78,252.6,131.76,134.12,108.21,417.83,41.53,Class_C
S421,S421_M04,4,123.31,141.97,161.02,163.72,167.71,155.27,142.89,148.55,796.7,267.67,118.88,133.3,110.62,424.33,37.24,Class_B
S366,S366_M01,1,115.14,132.87,149.72,153.14,163.8,156.95,153.54,136.28,776.3,256.18,112.45,126.7,110.29,419.02,34.73,Class_B
S409,S409_M05,5,100.82,117.0,119.89,136.39,151.65,139.02,143.0,121.36,768.9,255.24,102.66,116.14,102.57,417.34,38.06,Class_A
S317,S317_M04,4,110.66,125.47,140.9,146.69,154.99,150.26,142.61,131.85,809.77,273.7,136.37,140.64,124.87,446.54,39.61,Class_B
S189,S189_M02,2,112.44,126.46,143.99,157.15,155.8,157.73,153.53,129.15,774.49,262.47,119.77,120.84,96.45,445.9,39.65,Class_C
S167,S167_M05,5,106.29,115.92,129.83,138.10500000000002,149.48,131.11,138.64,128.14,792.51,263.93,111.11,125.43,105.78,414.52,41.05,Class_C
S127,S127_M03,3,103.89,114.26,125.03,140.88,152.75,159.67,148.43,126.57,778.59,250.59,116.91,132.95,103.1,446.39,39.94,Class_A
S442,S442_M04,4,105.82,122.79,139.7,150.9,154.11,155.68,147.3,129.86,760.37,256.96,122.92,137.97,109.54,403.11,39.61,Class_A
S430,S430_M04,4,96.78,116.95,136.9,143.97,150.54,149.68,150.39,127.65,811.07,249.9,112.31,117.71,99.49,431.58,42.14,Class_C
S019,S019_M04,4,116.82,124.39,140.57,147.52,169.53,164.61,151.96,130.11,792.64,265.27,133.99,137.15,107.89,432.53,42.36,Class_C
S038,S038_M04,4,109.49,127.06,132.77,152.87,157.02,143.14,140.37,131.88,779.77,261.39,124.42,129.57,112.07,418.99,42.99,Class_B
S201,S201_M05,5,124.88,127.55,150.31,165.61,161.65,164.54,150.82,146.18,782.37,254.92,129.63,126.64,105.39,431.6,36.46,Class_C
S354,S354_M05,5,121.86,133.76,141.26,156.67,165.35,154.79,141.86,135.74,778.84,263.99,121.08,124.86,110.84,422.58,38.8,Class_B
S264,S264_M03,3,108.33,126.77,141.2,154.22,156.86,147.5,133.51,119.58,790.67,256.95,121.83,139.64,103.74,418.56,39.19,Class_A
S401,S401_M05,5,114.46,124.45,135.94,146.79,151.51,153.75,141.41,129.15,757.55,247.27,115.25,127.05,109.97,440.06,36.14,Class_A
S096,S096_M05,5,109.46,128.43,146.825,145.92,170.59,155.75,150.01,129.5,789.41,263.37,110.05,121.49,108.26,406.69,34.74,Class_B
S294,S294_M01,1,108.7,124.82,141.83,159.3,157.15,154.12,140.55,126.12,757.51,265.99,124.65,131.49,104.39,412.48,35.26,Class_A
S220,S220_M04,4,96.56,115.51,137.06,146.98,150.92,148.3,134.69,119.82,773.7,274.46,119.39,123.11,105.84,400.51,41.72,Class_B
S415,S415_M02,2,104.84,122.57,142.82,155.53,169.03,160.25,147.86,132.04,789.27,249.86,121.55,139.44,115.92,425.45,39.47,Class_A
S122,S122_M01,1,98.11,127.15,149.6,156.24,173.2,161.86,159.21,142.69,792.05,256.55,115.49,121.43,118.25,412.15,37.4,Class_B
S060,S060_M04,4,105.15,118.78,146.11,147.66,165.03,153.4,145.01,136.87,790.03,257.04,123.85,131.92,110.25,436.16,43.38,Class_A
S445,S445_M05,5,101.03,114.46,128.43,138.26,150.77,143.67,145.59,134.61,778.64,259.81,120.25,125.42,108.26,422.16,38.18,Class_A
S065,S065_M05,5,109.07,127.0,141.7,150.57,165.56,161.17,153.16,151.45,773.05,293.9,143.53,132.33,109.76,415.87,42.27,Class_B
S040,S040_M02,2,100.91,123.68,135.65,146.14,153.41,150.32,144.68,126.68,793.01,259.77,126.45,131.33,107.29,412.8,39.03,Class_C
S326,S326_M02,2,111.25,132.0,152.16,162.24,158.48,154.25,143.04,131.81,789.68,263.25,118.86,133.11,117.94,423.59,42.47,Class_B
S051,S051_M05,5,99.12,112.59,129.52,139.84,151.46,152.69,136.85,122.46,793.84,271.0,116.11,133.37,106.53,422.35,39.48,Class_A
S403,S403_M02,2,124.28,132.13,144.94,152.38,162.36,154.22,153.18,141.84,781.78,260.34,124.62,131.14,104.07,427.27,41.19,Class_C
S098,S098_M02,2,106.83,120.53,141.78,158.99,168.01,153.65,142.89,120.12,783.43,269.99,113.12,131.46,106.48,420.15,38.85,Class_A
S187,S187_M02,2,112.77,127.36,139.05,150.82,161.45,148.3,133.02,125.25,787.45,262.12,115.31,123.64,103.15,429.9,41.76,Class_B
S466,S466_M03,3,121.26,131.63,140.71,149.26,161.43,158.38,152.54,138.28,768.56,247.33,125.39,129.88,106.1,436.28,45.32,Class_C
S074,S074_M03,3,110.42,130.53,152.01,157.58,159.42,146.84,145.16,126.18,788.89,259.32,108.63,127.62,104.33,401.04,42.75,Class_A
S243,S243_M02,2,107.81,121.78,138.3,149.52,163.3,156.71,148.61,130.45,776.14,261.55,123.43,137.47,102.82,410.87,41.68,Class_A
S487,S487_M01,1,104.56,126.59,137.03,148.81,160.29,161.1,143.09,133.35,795.56,258.68,113.43,133.65,101.59,424.01,46.56,Class_B
S276,S276_M02,2,118.06,140.08,144.02,154.67,167.21,152.12,148.95,137.25,782.12,243.95,120.85,128.37,111.59,420.03,41.25,Class_B
S083,S083_M05,5,131.08,131.07,145.05,138.82,142.64,142.0,143.01,127.62,792.61,262.57,123.29,126.83,109.18,439.12,40.81,Class_C
S252,S252_M04,4,98.44,108.54,131.65,143.9,154.58,156.86,145.84,138.08,799.85,255.36,145.97,148.66,118.58,426.84,40.85,Class_C
S009,S009_M04,4,102.5,117.06,136.09,147.17,156.995,156.24,141.88,123.77,788.9,251.22,111.74,130.48,113.4,408.53,42.38,Class_A
S311,S311_M04,4,110.91,134.18,145.87,152.36,157.83,152.71,148.44,144.02,765.61,262.85,123.38,117.65,105.45,419.68,39.39,Class_B
S128,S128_M03,3,108.13,129.86,144.25,159.13,168.7,160.02,151.36,131.34,759.91,231.84,121.4,137.19,103.69,409.97,37.93,Class_A
S467,S467_M02,2,109.19,136.81,153.99,162.04,156.74,150.64,148.79,140.65,784.71,256.9,148.2,152.94,133.28,437.82,38.82,Class_B
S009,S009_M05,5,97.93,117.57,138.72,141.16,156.49,152.08,136.43,122.41,775.18,251.59,110.68,136.38,108.69,409.93,41.49,Class_A
S158,S158_M05,5,106.87,125.56,146.34,146.37,156.58,149.3,146.01,133.56,782.06,247.68,125.15,131.39,109.99,424.34,41.78,Class_B
S146,S146_M03,3,101.53,121.44,142.39,148.86,164.47,159.78,152.08,135.03,803.28,257.34,127.67,139.11,109.72,412.74,33.67,Class_A
S043,S043_M02,2,106.73,120.39,135.32,141.93,145.67,143.28,141.5,128.985,761.03,259.59,111.86,125.13,98.93,401.86,39.69,Class_C
S125,S125_M02,2,110.03,134.7,149.8,153.04,166.64,153.63,130.08,119.62,775.69,285.06,120.62,136.21,115.76,416.39,39.18,Class_A
S392,S392_M03,3,103.12,120.37,134.94,148.21,152.22,154.11,158.05,141.91,793.29,261.73,116.05,124.06,106.13,406.43,39.18,Class_A
S082,S082_M04,4,92.75,111.9,123.66,134.72,148.42,137.02,126.54,114.99,773.96,273.61,117.68,118.67,109.51,415.92,44.09,Class_B
S274,S274_M02,2,116.5,132.41,144.07,155.16,159.2,160.88,160.36,149.68,751.26,251.62,123.96,124.63,115.85,407.69,36.75,Class_B
S444,S444_M03,3,110.12,132.65,147.32,157.46,166.49,169.77,158.63,146.59,796.15,248.76,107.07,112.55,94.05,411.02,40.64,Class_A
S290,S290_M03,3,101.01,108.28,122.16,143.03,146.96,149.5,140.38,129.43,758.52,252.09,114.6,124.81,108.26,406.42,34.47,Class_A
S471,S471_M04,4,117.89,138.47,151.25,159.04,162.17,159.83,145.46,132.48,781.71,277.93,115.8,120.36,112.5,419.7,44.11,Class_B
S216,S216_M01,1,99.53,115.51,137.73,143.67,151.38,154.63,150.7,133.27,789.89,259.2,126.9,137.21,106.93,423.93,43.91,Class_C
S343,S343_M05,5,127.95,140.96,144.1,142.04,157.14,156.96,156.48,144.91,783.51,262.3,135.0,150.01,118.86,422.35,39.75,Class_C
S472,S472_M02,2,110.24,126.67,138.38,145.38,152.86,146.98,136.48,120.43,791.01,261.23,124.3,132.57,115.52,410.12,36.1,Class_B
S351,S351_M05,5,126.28,148.52,153.86,160.45,176.03,165.89,152.51,142.49,780.0,250.15,115.91,130.12,111.66,409.57,37.89,Class_B
S064,S064_M04,4,110.15,121.27,129.65,136.64,147.9,142.74,136.83,125.89,782.77,257.69,118.52,131.6,103.43,426.97,38.8,Class_C
S125,S125_M01,1,107.35,125.35,144.61,146.86,165.3,153.63,131.75,118.16,769.06,263.62,114.46,132.58,112.13,409.55,38.29,Class_A
S168,S168_M02,2,114.83,124.18,139.57,143.52,153.48,148.88,144.37,137.57,776.24,261.31,122.76,124.33,110.61,401.49,41.97,Class_C
S456,S456_M05,5,110.06,120.4,133.75,150.3,161.2,148.14,148.35,129.14,765.97,271.97,114.01,130.15,105.3,426.5,41.26,Class_A
S039,S039_M05,5,98.53,120.93,130.41,142.17,159.0,156.65,148.58,129.97,762.8,261.75,118.33,139.27,106.79,434.82,40.03,Class_A
S323,S323_M05,5,107.64,125.89,141.49,150.36,159.2,150.51,136.46,127.93,758.05,269.58,104.9,132.79,101.82,428.09,37.18,Class_A
S182,S182_M03,3,116.55,132.65,141.32,156.59,156.69,146.5,137.14,125.26,798.4,257.94,108.74,112.91,97.87,419.24,45.58,Class_C
S341,S341_M04,4,104.36,117.29,130.87,147.73,165.07,153.72,143.71,129.69,778.78,249.95,114.78,131.11,111.32,435.7,38.57,Class_A
S341,S341_M02,2,103.23,121.18,135.31,148.41,163.11,163.43,148.52,132.45,798.55,252.26,108.57,123.44,104.92,426.46500000000003,39.06,Class_A
S339,S339_M05,5,103.69,130.26,143.96,152.76,160.63,156.02,152.05,142.09,772.07,251.33,116.84,125.41,111.65,433.48,38.28,Class_A
S166,S166_M05,5,115.22,132.89,152.08,159.86,149.41,144.06,138.14,135.485,772.45,252.16,121.94,129.76,111.97,410.58,41.11,Class_B
S391,S391_M03,3,109.28,125.28999999999999,154.69,160.75,171.91,163.75,147.44,136.21,773.17,258.76,122.33,135.63,114.25,407.58,43.39,Class_B
S085,S085_M01,1,105.3,126.82,158.94,157.79,164.15,168.18,152.76,126.63,785.4,254.7,107.69,125.6,105.13,417.54,35.07,Class_A
S273,S273_M02,2,99.94,117.74,136.06,157.71,172.96,161.79,151.85,130.85,771.36,245.97,118.36,128.25,104.44,412.86,33.79,Class_A
S245,S245_M03,3,120.09,132.43,154.09,156.02,166.82,156.57,143.28,126.7,790.56,262.48,117.07,126.9,110.17,417.73,38.29,Class_B
S403,S403_M05,5,118.35,131.6,142.55,152.71,158.55,154.44,148.92,141.0,783.11,265.75,137.04,139.08,111.29,426.54,42.88,Class_C
S217,S217_M01,1,103.1,118.97,133.0,146.8,155.92,150.24,135.53,125.38,770.72,277.37,129.77,137.37,111.58,429.22,38.88,Class_A
S027,S027_M05,5,110.34,121.21,138.77,149.01,157.81,150.64,136.63,128.28,774.42,261.82,121.36,125.52,108.33,413.51,40.52,Class_B
S301,S301_M03,3,118.93,129.77,146.26,162.68,164.89,153.58,157.26,137.63,786.275,276.67,127.68,123.76,99.87,444.27,38.95,Class_C
S207,S207_M05,5,99.39,116.01,130.39,148.08,155.63,146.54,138.95,133.41,758.47,247.97,124.38,133.05,105.64,413.53,34.56,Class_A
S254,S254_M02,2,84.73,113.62,126.09,136.26,153.1,143.08,133.02,114.11,777.14,253.24,125.68,126.97,98.76,413.62,42.12,Class_A
S023,S023_M02,2,112.23,123.04,144.7,152.16,153.25,143.74,143.11,124.11,767.84,259.23,126.43,124.89,101.51,427.99,41.79,Class_C
S286,S286_M05,5,96.44,115.04,127.04,128.12,136.42,137.96,140.27,130.07,771.92,253.75,107.87,118.83,102.46,386.32,40.48,Class_B
S247,S247_M05,5,107.39,123.98500000000001,144.64,150.35,157.96,157.61,138.24,128.28,775.53,265.88,116.48,121.02,102.58,415.7,41.14,Class_B
S199,S199_M04,4,91.15,115.63,130.58,143.75,159.89,154.76,141.39,122.45,788.78,248.07,112.98,137.59,108.54,401.52,42.02,Class_A
S071,S071_M05,5,98.61,119.69,133.57,153.15,174.54,160.91,162.71,144.38,767.84,263.65,120.58,132.23,108.0,412.38,40.8,Class_A
S305,S305_M02,2,100.69,116.62,132.56,135.83,146.19,134.68,141.2,140.92,789.39,251.61,118.88,122.72,108.43,422.41,38.47,Class_C
S314,S314_M01,1,99.99,124.68,133.64,136.48,141.61,135.93,130.99,121.44,778.01,279.64,129.17,130.77,113.53,415.57,40.37,Class_B
S474,S474_M04,4,106.13,118.79,136.66,143.23,152.08,143.32,139.88,120.34,778.6,257.5,116.0,119.71,109.82,405.45,31.25,Class_A
S390,S390_M01,1,102.17,114.57,129.71,138.49,142.18,142.17,137.16,126.85,783.76,263.04,127.76,127.75,99.14,419.82,34.17,Class_C
S268,S268_M03,3,101.07,118.94,137.35,153.21,164.92,160.3,142.55,125.31,795.59,267.34,114.47,131.55,104.11,415.49,36.28,Class_A
S332,S332_M05,5,95.62,109.25,130.51,143.06,147.94,143.39,139.91,121.29,762.66,254.83,112.24,127.52,107.1,418.56,40.46,Class_A
S435,S435_M03,3,85.21,109.93,130.55,143.81,156.46,146.06,137.54,128.71,774.72,265.63,117.23,132.84,102.33,418.9,34.09,Class_A
S067,S067_M03,3,110.21,125.48,136.9,145.63,155.58,154.1,144.54,133.16,775.6,251.69,111.75,115.67,101.84,431.88,41.49,Class_B
S335,S335_M04,4,95.99,127.12,142.33,158.2,168.17,153.78,147.22,137.13,768.47,257.84,117.35,128.77,106.94,403.44,39.97,Class_A
S172,S172_M02,2,110.46,120.46,143.63,151.57,162.52,158.45,147.07,138.35,741.98,247.78,129.08,137.78,119.84,429.53,44.74,Class_B
S371,S371_M01,1,127.6,135.2,146.56,146.83,157.16,157.74,154.2,135.15,804.97,257.76,129.07,135.91,123.3,410.76,39.24,Class_C
S215,S215_M02,2,113.38,135.3,146.14,150.57,159.02,150.42,148.54,140.74,815.28,253.72,133.91,131.76,103.93,421.88,42.93,Class_C
S268,S268_M04,4,94.56,117.38,143.17,153.49,160.17,154.31,140.34,126.48,796.99,251.05,120.78,127.67,107.03,404.02,34.85,Class_A
S114,S114_M04,4,119.3,135.11,149.91,153.28,156.81,146.82,138.41,124.58,756.31,261.64,122.23,136.83,113.83,423.89,38.18,Class_B
S410,S410_M01,1,113.4,123.98,140.62,143.78,152.62,142.55,144.4,133.16,759.47,259.94,123.79,126.43,104.24,412.76,34.42,Class_C
S202,S202_M01,1,118.62,133.01,143.35,157.61,157.99,145.43,145.46,131.69,793.41,260.21,124.17,125.43,100.59,419.69,43.2,Class_C
S048,S048_M05,5,97.2,119.5,139.39,146.12,151.94,134.55,130.23,129.02,788.38,246.87,113.45,112.8,90.57,416.56,36.11,Class_A
S043,S043_M03,3,108.6,124.95,131.99,138.12,147.92,146.97,148.4,138.14,766.48,269.16,110.77,125.27,103.81,421.84,43.82,Class_C
S442,S442_M02,2,106.29,119.05,135.98,144.42,151.95,161.26,149.21,125.1,755.93,252.51,116.08,131.46,105.33,408.19,44.49,Class_A
S047,S047_M04,4,115.85,129.61,143.04,163.39,159.89,149.26,136.8,126.41,771.04,273.43,113.95,114.95,101.05,416.99,40.5,Class_B
S212,S212_M01,1,112.98,144.99,147.35,155.34,157.67,153.6,148.94,134.51,789.16,256.23,129.73,135.59,124.33,428.97,39.13,Class_B
S065,S065_M02,2,108.45,123.11,142.39,144.51,165.21,157.71,152.91,143.73,779.36,277.47,137.76,135.81,115.01,403.84,36.73,Class_B
S365,S365_M03,3,115.8,131.56,145.86,154.08,159.37,153.48,146.61,136.78,773.37,225.43,119.34,126.96,118.4,427.19,43.88,Class_B
S447,S447_M05,5,111.13,121.18,141.04,149.4,158.34,155.93,146.31,135.92,777.39,264.57,121.05,120.53,112.13,410.41,48.83,Class_C
S255,S255_M04,4,102.79,122.08,137.16,148.14,156.44,151.66,140.4,120.7,774.21,254.12,116.93,125.96,104.7,432.44,38.96,Class_A
S268,S268_M02,2,102.16,118.57,139.22,149.75,153.03,149.91,136.13,119.6,789.18,252.56,120.81,132.63,106.27,409.48,39.8,Class_A
S404,S404_M01,1,103.83,118.29,133.85,146.54,159.72,146.8,135.26,116.73,787.66,255.27,100.47,120.02,101.39,405.15,41.31,Class_A
S306,S306_M01,1,108.73,128.16,145.69,151.14,157.35,151.05,141.55,130.38,800.62,261.62,111.12,122.76,107.32,416.97,37.11,Class_B
S035,S035_M04,4,110.13,123.1,140.47,148.44,151.67,133.98,131.68,129.16,779.44,265.67,118.52,125.75,105.42,425.41,43.88,Class_B
S399,S399_M05,5,117.39,133.95,149.75,150.87,154.27,148.12,133.97,126.99,799.05,261.93,125.43,125.02,108.04,411.34,39.12,Class_B
S187,S187_M01,1,104.99,123.91,137.92,144.1,153.0,140.79,132.01,126.59,774.55,259.41,113.86,126.58,104.48,426.38,44.27,Class_B
S204,S204_M04,4,107.31,127.57,150.92,155.7,164.03,156.46,150.9,135.35,792.53,261.76,121.83,123.8,104.69,392.18,41.13,Class_A
S383,S383_M02,2,108.11,117.51,128.94,139.73,156.37,150.6,138.01,130.3,777.95,247.51,122.51,123.13,108.75,423.09,38.4,Class_C
S036,S036_M01,1,97.0,114.25,135.19,148.47,154.12,148.46,142.34,133.42,780.01,252.34,113.2,130.76,104.02,411.13,37.91,Class_A
S356,S356_M03,3,106.95,122.3,143.99,153.75,160.95,158.45,150.85,135.46,795.31,265.97,125.42,129.5,114.52,424.74,41.07,Class_B
S020,S020_M02,2,120.61,132.0,147.13,157.02,158.3,156.22,148.86,130.13,824.31,251.4,135.98,144.56,124.73,411.44,44.46,Class_B
S106,S106_M03,3,115.74,128.23,144.94,154.85,155.32,148.22,147.29,130.83,767.89,241.81,125.58,128.72,105.6,409.28,39.22,Class_C
S057,S057_M03,3,110.26,125.72,145.08,155.11,169.8,164.04,141.85,132.25,780.72,255.28,119.83,123.48,117.63,434.46,40.9,Class_B
S052,S052_M05,5,99.88,123.48,132.97,148.34,163.04,162.6,151.38,135.63,783.3,262.19,111.29,127.21,108.59,426.58,36.34,Class_A
S461,S461_M03,3,126.7,133.68,150.21,151.5,166.13,156.96,156.32,138.54,799.17,266.58,117.09,127.2,114.25,427.02,44.3,Class_B
S401,S401_M04,4,114.18,125.49,138.45,142.61,154.28,153.47,144.59,132.95,780.66,247.65,116.49,125.75,106.19,432.53,36.88,Class_A
S120,S120_M05,5,108.21,125.41,135.66,142.08,145.36,137.15,135.77,131.38,802.18,259.06,121.83,127.47,103.51,402.07,46.9,Class_B
S460,S460_M01,1,106.78,121.1,129.75,132.83,142.14,136.06,136.27,126.42,784.94,237.31,113.38,123.95,111.2,411.31,41.01,Class_B
S438,S438_M03,3,103.8,123.4,136.67,147.76,151.99,146.61,152.99,139.81,774.95,248.38,122.14,123.9,101.54,411.26,38.05,Class_B
S384,S384_M03,3,108.45,128.43,137.18,156.22,156.0,150.91,149.65,138.15,776.54,264.97,116.06,128.58,104.2,422.86,41.43,Class_B
S454,S454_M04,4,112.97,126.22,132.29,150.22,167.5,160.34,141.7,129.06,795.82,242.87,115.41,133.86,105.05,407.23,42.27,Class_A
S339,S339_M02,2,105.91,125.26,147.13,162.16,168.07,161.7,152.18,134.16,794.98,253.87,118.32,118.73,110.46,434.58,39.08,Class_A
S196,S196_M04,4,114.28,125.4,140.2,139.9,160.1,160.27,147.98,137.51,781.32,253.02,122.96,130.79,104.66,410.26,37.18,Class_A
S217,S217_M05,5,100.91,123.56,130.26,143.12,152.8,149.36,139.08,129.36,758.32,260.0,128.25,136.19,110.27,417.91,41.45,Class_A
S149,S149_M02,2,109.52,124.49,137.77,142.97,160.53,158.77,142.0,132.0,789.65,256.29,128.86,137.73,122.16,426.76,46.29,Class_B
S460,S460_M03,3,106.3,118.7,129.26,130.33,138.02,136.19,137.94,125.14,799.39,238.39,109.37,116.19,109.83,417.54,45.02,Class_B
S239,S239_M01,1,106.09,118.39,138.82,150.31,157.19,152.59,138.77,121.09,766.65,271.47,110.54,124.75,108.14,435.73,36.5,Class_A
S467,S467_M04,4,108.71,138.43,151.97,158.14,167.43,148.41,149.1,135.35,778.53,260.3,123.13,128.4,115.71,430.29,35.02,Class_B
S060,S060_M02,2,102.61,119.8,145.54,149.15,169.05,161.13,150.9,133.89,795.21,274.89,124.24,131.84,106.09,435.18,50.52,Class_A
S204,S204_M03,3,103.7,123.63,148.47,158.04,163.16,163.08,154.27,135.0,773.69,249.66,115.38,124.57,106.56,410.12,43.31,Class_A
S089,S089_M04,4,93.26,104.19,115.11,130.1,146.11,141.62,132.42,127.65,778.41,253.77,113.31,132.63,111.63,408.51,36.52,Class_A
S043,S043_M01,1,110.83,121.26,139.19,144.34,153.24,144.115,139.53,128.87,755.99,272.52,113.21,121.89,99.7,409.65,44.94,Class_C
S423,S423_M01,1,113.67,142.12,159.83,165.22,169.96,162.66,164.07,137.08,766.63,263.59,124.33,131.74,104.5,415.21,36.24,Class_A
S491,S491_M01,1,119.19,133.19,134.62,148.79,161.1,153.51,150.95,137.44,796.11,262.72,117.44,125.93,108.02,424.63,42.89,Class_C
S087,S087_M01,1,114.9,123.5,133.95,148.75,148.28,153.96,145.36,127.94,794.55,254.99,125.01,127.83,87.93,413.44,44.57,Class_C
S102,S102_M03,3,109.23,125.76,141.76,144.6,150.66,148.31,140.17,133.41,770.35,250.84,117.01,125.65,106.17,421.93,37.62,Class_C
S496,S496_M01,1,98.16,112.75,121.38,136.73,146.75,145.31,136.44,129.25,769.25,244.58,122.87,125.07,112.09,426.42,37.11,Class_B
S427,S427_M02,2,93.3,118.26,131.78,148.16,159.66,146.21,133.38,124.73,803.96,248.67,121.51,135.35,110.8,422.1,44.52,Class_A
S226,S226_M04,4,115.31,135.8,147.06,146.83,149.97,151.7,144.03,129.9,808.07,272.38,128.02,132.44,109.09,420.94,42.91,Class_C
S489,S489_M05,5,114.19,125.49,146.28,150.35,160.59,148.48,136.88,122.47,768.12,246.0,120.51,131.58,111.44,425.365,39.01,Class_B
S228,S228_M01,1,113.1,128.95,147.77,156.95,159.53,143.28,134.64,132.01,776.64,269.38,131.03,136.73,105.94,425.47,36.79,Class_B
S272,S272_M05,5,108.23,117.86,135.61,156.35,165.38,150.56,140.7,121.07,794.43,246.4,110.29,123.64,108.73,430.99,40.9,Class_A
S177,S177_M02,2,105.34,120.78,137.62,146.5,159.64,153.73,146.0,130.18,797.57,251.2,112.96,115.22,106.3,423.64,50.55,Class_B
S385,S385_M01,1,108.65,123.96,139.33,151.34,161.01,155.79,145.69,133.97,789.59,273.94,132.16,138.43,107.57,406.27,42.22,Class_B
S435,S435_M04,4,89.41,113.04,133.24,148.22,159.37,146.47,145.54,133.29,786.59,259.47,122.91,136.54,106.43,420.38,33.97,Class_A
S102,S102_M05,5,109.21,123.8,135.95,136.27,146.03,143.47,143.48,128.75,774.79,254.14,113.58,126.45,106.64,414.21,41.88,Class_C
S482,S482_M04,4,98.85,115.45,130.99,151.13,167.85,153.52,142.68,131.17,751.76,259.8,102.67,117.87,100.22,405.37,38.93,Class_A
S261,S261_M05,5,101.66,125.11,142.03,158.55,162.68,151.9,142.92,126.99,751.66,262.73,129.35,144.03,122.93,420.23,36.43,Class_A
S410,S410_M02,2,112.53,120.44,129.65,136.64,153.26,149.14,144.4,131.27,773.05,255.28,128.57,130.78,99.43,404.56,39.18,Class_C
S424,S424_M01,1,109.705,120.49,137.02,156.61,166.42,155.08,142.11,124.86,778.12,249.39,111.93,121.71,103.4,419.34,44.06,Class_A
S232,S232_M05,5,96.03,119.62,128.91,138.0,145.86,143.47,140.29,131.22,758.44,270.14,120.45,128.45,107.43,399.13,45.49,Class_B
S390,S390_M04,4,97.69,112.75,126.24,141.15,147.81,146.39,142.68,131.39,801.52,260.1,127.98,125.65,104.41,436.86,36.49,Class_C
S087,S087_M04,4,101.33,118.29,125.68,148.49,150.94,153.26,144.58,128.78,770.72,253.97,118.71,126.03,97.98,417.25,44.96,Class_C
S231,S231_M02,2,103.47,116.36,138.68,150.66,155.15,156.45,146.06,131.41,798.44,263.37,124.62,128.525,101.78,444.15,35.81,Class_A
S181,S181_M03,3,113.82,131.6,142.68,154.58,159.86,155.01,142.77,129.89,779.45,254.74,136.36,135.87,113.67,418.32,38.98,Class_C
S071,S071_M04,4,97.53,117.31,130.71,156.15,172.48,153.48,150.13,137.01,764.43,258.23,118.93,133.31,103.31,424.34,38.4,Class_A
S193,S193_M05,5,109.58,124.67,144.36,145.09,163.63,154.64,144.61,138.65,765.24,256.67,121.75,130.06,104.46,428.41,37.63,Class_A
S475,S475_M04,4,95.11,121.06,135.62,142.13,153.1,152.1,141.47,131.53,763.18,265.35,113.88,123.23,102.83,395.16,42.39,Class_A
S388,S388_M05,5,110.21,120.97,138.67,146.69,159.06,150.48,152.49,138.77,788.04,260.26,123.21,132.34,112.56,416.53,40.75,Class_C
S431,S431_M02,2,114.44,134.94,150.1,153.35,149.23,153.86,143.45,141.18,780.79,251.79,117.94,127.01,107.62,436.8,38.07,Class_C
S100,S100_M04,4,108.78,129.92,150.11,149.085,165.3,161.85,158.57,141.66,790.71,251.67,123.41,127.14,111.78,403.17,41.59,Class_C
S170,S170_M01,1,120.28,133.91,152.48,152.22,152.63,152.49,142.71,133.28,775.43,270.55,124.02,128.54,102.17,416.81,39.59,Class_C
S221,S221_M03,3,105.76,129.39,143.79,151.73,156.94,150.79,148.43,130.53,787.14,252.52,119.49,138.35,117.48,416.39,36.09,Class_A
S097,S097_M01,1,113.32,124.5,140.83,151.25,152.5,143.71,139.33,127.32,768.09,251.46,107.03,111.76,94.45,415.79,40.27,Class_B
S034,S034_M04,4,96.08500000000001,111.22,135.67,141.32,148.0,140.29,129.59,121.2,795.01,287.4,115.55,132.77,116.94,415.99,32.09,Class_B
S183,S183_M02,2,109.67,130.48,146.97,156.39,151.91,146.42,145.0,129.37,784.54,268.97,127.72,124.84,111.6,424.39,34.77,Class_B
S285,S285_M03,3,104.41,124.66,146.78,144.01,153.32,149.43,137.39,130.22,790.67,248.0,130.19,142.16,125.36,428.04,36.88,Class_B
S243,S243_M04,4,108.78,126.01,137.45,150.16,165.19,151.59,141.63,129.31,751.91,248.37,123.72,133.74,108.19,411.59,40.5,Class_A
S240,S240_M01,1,115.83,129.29,146.17,158.66,153.86,155.66,141.4,134.74,771.76,274.54,115.85,122.42,95.79,410.55,45.75,Class_A
S203,S203_M05,5,121.29,127.02,140.14,154.16,161.78,160.16,164.78,144.87,769.22,276.22,120.81,128.16,108.61,424.71,39.63,Class_B
S391,S391_M05,5,103.77,129.36,147.75,162.28,177.95,160.65,143.09,137.75,781.06,243.23,118.08,135.73,117.4,394.07,40.56,Class_B
S022,S022_M05,5,117.67,131.65,145.59,153.41,160.55,163.53,148.64,128.98,782.52,254.76,131.87,134.35,111.86,412.2,41.82,Class_B
S107,S107_M03,3,97.34,111.89,130.48,146.4,152.12,139.23,139.31,122.23,786.6,241.26,114.01,116.32,98.05,401.38,40.33,Class_B
S141,S141_M01,1,106.29,130.63,139.23,146.27,161.0,154.68,139.76,131.8,761.23,243.07,112.45,117.76,98.65,437.62,40.88,Class_B
S292,S292_M02,2,109.47,118.69,135.3,141.98,157.03,143.1,139.27,123.42,764.33,250.99,116.86,136.84,124.14,444.76,37.05,Class_A
S279,S279_M05,5,115.59,124.72,147.5,155.9,161.49,156.73,150.1,134.79,799.68,243.35,119.95,118.54,98.0,421.55,36.18,Class_C
S196,S196_M02,2,114.02,125.03,140.33,147.52,154.65,149.64,146.055,135.1,779.52,258.31,123.39,128.31,107.17,409.47,39.38,Class_A
S258,S258_M02,2,100.5,125.54,140.65,150.79,160.49,156.93,145.24,135.08,772.53,239.4,106.03,121.21,97.53,405.37,38.28,Class_A
S050,S050_M02,2,104.97,124.07,143.24,158.45,169.09,159.32,154.17,144.54,763.81,252.07,119.45,137.42,117.55,423.81,40.27,Class_A
S154,S154_M03,3,108.93,120.08,132.68,146.4,159.94,154.36,145.97,132.62,785.93,249.83,126.16,129.08,106.61,404.52,42.98,Class_B
S263,S263_M01,1,106.16,120.62,139.66,151.07,169.6,160.6,152.04,130.49,795.85,255.8,102.58,123.35,99.49,411.3,36.61,Class_A
S212,S212_M04,4,109.19,135.33,144.26,151.8,161.45,156.23,145.61,137.71,781.83,255.51,127.05,129.13,114.76,425.07,40.25,Class_B
S051,S051_M02,2,108.8,122.41,134.05,147.53,157.39,150.79,134.54,119.33,794.06,269.37,121.24,134.53,113.51,421.45,43.89,Class_A
S123,S123_M01,1,106.29,125.33,143.82,157.66,165.46,157.73,142.67,128.55,760.41,259.3,123.94,137.14,113.51,402.61,36.62,Class_A
S121,S121_M02,2,116.28,127.2,137.3,150.14,159.29,149.31,140.48,131.15,771.09,247.87,110.56,120.81,110.04,431.44,36.74,Class_B
S209,S209_M05,5,108.4,122.56,140.47,152.94,159.63,166.4,152.17,135.74,763.64,246.97,105.94,122.68,105.18,407.0,37.5,Class_A
S459,S459_M03,3,109.57,124.06,146.91,152.77,155.0,147.08,142.94,139.34,784.18,254.03,117.97,123.53,110.22,394.95,40.93,Class_C
S368,S368_M03,3,112.56,131.4,141.18,152.02,159.16,156.27,146.64,132.16,776.86,263.57,115.26,127.08,99.89,405.83500000000004,48.14,Class_C
S400,S400_M02,2,115.83,130.76,149.15,158.93,169.0,158.14,138.73,131.44,776.23,255.94,121.5,119.61,104.58,412.18,39.76,Class_B
S390,S390_M03,3,97.61,113.48,131.16,143.49,146.64,145.57,147.84,131.24,768.05,252.13,133.89,133.44,106.14,424.29,33.72,Class_C
S495,S495_M03,3,113.05,127.02,143.48,152.65,153.94,160.52,149.18,130.16,775.05,254.04,126.5,127.49,100.38,417.5,36.72,Class_C
S346,S346_M01,1,117.71,127.14,137.59,140.71,146.71,151.16,150.56,131.47,781.09,265.28,122.24,128.51,108.53,433.55,45.78,Class_C
S131,S131_M05,5,103.13,121.14,138.25,149.15,159.86,155.27,146.27,124.7,792.24,261.94,102.9,122.6,99.43,409.57,37.61,Class_A
S431,S431_M05,5,110.66,130.12,144.35,155.48,154.59,151.29,145.5,138.19,769.29,259.07,115.42,122.45,104.21,438.54,38.58,Class_C
S287,S287_M01,1,103.63,125.35,146.17,149.26,162.9,145.35,134.68,121.6,781.29,268.27,130.22,121.51,105.97,419.4,37.0,Class_A
S393,S393_M04,4,104.78,123.74,132.71,149.51,153.68,158.04,144.09,137.89,801.72,276.66,130.01,140.05,109.15,435.82,41.09,Class_B
S486,S486_M03,3,117.33,128.22,144.98,136.82,149.14,148.22,143.65,125.09,769.05,265.68,123.04,121.58,104.75,429.05,41.18,Class_B
S120,S120_M02,2,114.01,125.65,134.32,142.03,148.5,142.47,140.65,135.52,790.67,270.65,115.84,123.18,109.83,396.9,45.49,Class_B
S235,S235_M01,1,110.0,129.49,151.25,159.305,163.23,167.6,159.86,142.57,774.78,249.24,124.62,129.04,109.2,417.97,44.43,Class_C
S233,S233_M02,2,121.14,127.1,137.48,146.49,154.04,149.6,150.58,129.83,770.44,244.87,129.02,134.94,120.49,410.59,40.33,Class_C
S409,S409_M04,4,102.86,118.56,130.85,138.51,155.62,147.17,144.58,123.64,779.87,252.75,109.86,116.69,98.94,413.34,38.22,Class_A
S481,S481_M02,2,107.27,127.81,137.72,146.69,157.85,153.88,148.55,137.22,760.99,258.81,120.47,134.57,112.65,407.31,38.87,Class_B
S289,S289_M02,2,125.47,142.24,155.13,161.25,164.41,155.61,142.85,129.07,761.9,269.99,135.44,135.34,118.38,436.91,38.78,Class_B
S095,S095_M02,2,99.32,115.91,135.37,144.49,159.76,155.59,147.35,127.16,783.06,253.77,124.45,137.42,115.71,405.75,40.66,Class_A
S163,S163_M01,1,102.17,120.58,142.53,150.35,165.14,152.89,140.85,129.98,774.97,259.97,112.95,131.86,117.79,433.07,42.26,Class_A
S279,S279_M04,4,120.65,123.62,147.97,159.79,165.62,162.91,154.65,140.63,797.79,246.85,124.66,127.15,109.89,440.62,37.63,Class_C
S021,S021_M01,1,113.79,125.33,145.63,148.82,150.93,146.91,143.45,140.86,780.73,276.19,126.49,126.12,115.15,429.26,39.77,Class_C
S196,S196_M05,5,115.93,119.95,134.02,142.82,160.07,155.79,144.13,129.48,793.39,262.37,119.08,122.71,110.51,427.48,38.22,Class_A
S284,S284_M04,4,99.06,111.73,127.5,138.21,152.48,159.74,143.82,137.58,780.25,234.21,119.02,126.48,105.77,418.3,41.24,Class_A
S432,S432_M02,2,118.15,137.41,149.97,153.24,161.39,154.73,147.55,130.7,777.81,256.32,124.58,131.22,100.46,421.32,42.05,Class_C
S376,S376_M04,4,110.58,131.56,146.57,156.42,163.24,153.05,144.84,129.26,775.48,270.07,106.05,127.52,109.81,415.1,39.04,Class_A
S395,S395_M04,4,93.02,105.9,127.79,143.99,154.71,146.98,140.58,129.85,778.54,250.27,104.98,125.79,96.79,414.99,44.34,Class_A
S036,S036_M05,5,96.62,117.7,141.3,149.66,155.35,151.75,149.26,137.66,761.24,265.26,112.3,131.24,103.8,411.54,38.21,Class_A
S343,S343_M03,3,128.79,149.26,144.51,150.92,162.61,157.76,157.69,145.09,785.71,261.66,133.31,147.97,117.56,432.96,43.25,Class_C
S272,S272_M02,2,110.68,118.1,135.08,153.37,164.64,151.02,142.67,123.07,763.05,246.58,112.14,122.29,104.38,424.92,38.81,Class_A
S130,S130_M03,3,104.98,126.97,140.11,150.14,154.24,154.35,143.54,138.38,797.81,254.13,128.11,124.68,115.41,433.47,40.9,Class_B
S260,S260_M05,5,117.39,136.54,143.5,161.33,165.84,150.3,143.94,140.39,790.5,285.17,122.68,130.43,118.48,438.67,43.71,Class_B
S449,S449_M05,5,111.8,125.71,139.84,154.55,168.56,156.43,137.91,135.7,767.75,248.2,121.11,143.31,106.83,397.79,39.41,Class_A
S117,S117_M03,3,108.63,131.9,134.77,149.37,160.13,148.26,143.55,135.2,799.36,258.72,123.22,132.63,111.79,422.27,46.37,Class_C
S029,S029_M02,2,109.6,124.22,146.87,151.55,164.73,156.88,148.58,136.49,779.91,249.28,119.63,127.55,111.77,397.81,38.3,Class_A
S437,S437_M01,1,106.64,125.56,143.57,156.92,178.0,174.66,152.54,125.38,756.9,255.83,116.81,140.63,117.72,433.52,40.58,Class_A
S208,S208_M02,2,107.44,118.04,136.59,142.93,151.78,152.51,145.81,134.77,807.97,252.14,123.47,129.83,104.52,423.345,39.62,Class_C
S220,S220_M05,5,95.49,113.18,133.92,152.64,152.75,146.15,131.27,120.45,765.46,250.95,119.82,121.98,108.92,407.1,40.24,Class_B
S148,S148_M02,2,116.99,139.92,149.33,155.28,166.79,153.13,136.18,123.94,791.97,258.95,113.66,125.23,108.41,421.89,37.14,Class_B
S291,S291_M05,5,111.17,125.54,137.25,142.84,147.54,145.61,149.92,136.18,773.1,252.54,116.99,128.91,95.52,433.06,39.02,Class_C
S398,S398_M04,4,102.83,115.27,127.13,141.47,151.15,143.48,140.13,124.92,767.77,266.57,110.18,125.96,105.56,410.45,38.18,Class_A
S089,S089_M01,1,89.15,102.07,114.64,124.01,143.12,144.72,138.47,129.48,774.3,253.6,113.38,124.64,109.72,402.55,34.07,Class_A
S219,S219_M05,5,108.27,112.06,137.62,143.39,152.45,148.37,150.06,129.7,779.36,260.77,113.48,122.32,116.65,422.16,42.89,Class_C
S389,S389_M02,2,101.09,120.83,143.41,151.03,158.12,162.8,157.32,131.18,782.2,235.46,115.72,132.3,105.18,417.01,34.87,Class_A
S419,S419_M03,3,94.95,117.67,136.63,146.5,158.88,150.76,141.63,130.07,762.12,260.29,116.26,129.15,113.29,417.33,36.62,Class_A
S050,S050_M03,3,103.32,120.08,143.86,157.68,169.21,157.19,159.49,134.98,753.14,269.03,117.72,134.7,115.75,428.0,41.97,Class_A
S213,S213_M05,5,111.06,127.26,145.74,154.07,158.66,156.59,153.53,137.2,787.0,259.64,102.84,125.96,107.54,408.82,33.78,Class_A
S403,S403_M03,3,118.7,131.02,146.97,152.54,157.78,159.89,156.02,141.36,782.89,270.6,133.83,135.99,107.67,431.82,44.8,Class_C
S441,S441_M03,3,105.36,123.58,135.16,142.15,150.56,144.98,145.32,130.66,776.62,251.53,127.45,132.47,100.76,428.84,43.64,Class_C
S282,S282_M02,2,96.94,116.195,127.4,141.07,160.61,164.37,144.26,134.99,769.11,242.56,119.6,130.53,98.35,414.64,35.27,Class_A
S272,S272_M03,3,105.81,121.72,136.77,157.89,159.85,149.34,142.45,121.6,776.27,248.05,107.57,130.53,106.95,410.71,41.63,Class_A
S443,S443_M04,4,110.63,129.31,139.24,145.82,148.91,150.83,139.65,132.66,789.47,264.11,126.51,131.55,109.0,418.71,40.54,Class_C
S006,S006_M05,5,124.92,132.48,151.01,148.37,167.39,162.55,145.87,143.88,784.12,260.33,121.38,123.0,102.42,425.57,39.92,Class_C
S476,S476_M03,3,95.83,117.79,138.3,154.0,167.34,156.97,149.37,134.31,776.99,252.09,121.1,137.56,107.41,416.24,38.33,Class_A
S105,S105_M03,3,120.64,129.07,149.79,141.05,151.64,142.09,139.74,132.31,805.04,274.29,124.94,126.23,99.55,422.17,41.49,Class_C
S367,S367_M05,5,117.29,133.7,141.01,148.8,157.22,149.09,157.34,143.45,791.79,261.48,132.4,129.48,110.58,461.11,40.82,Class_C
S326,S326_M05,5,112.13,128.7,150.88,152.69,159.86,150.49,141.5,128.49,803.09,273.01,121.29,130.63,114.09,414.53,42.56,Class_B
S221,S221_M01,1,110.41,129.31,151.15,160.65,165.35,160.84,151.14,135.38,771.12,260.41,121.86,136.94,114.91,429.35,36.26,Class_A
S317,S317_M05,5,115.1,129.47,144.72,144.9,157.28,150.25,137.75,126.65,788.54,261.96,126.47,127.15,110.26,431.15,36.72,Class_B
S106,S106_M04,4,107.34,128.56,143.31,149.34,150.86,153.1,150.37,129.45,764.83,244.9,123.81,130.97,111.73,407.17,39.0,Class_C
S093,S093_M05,5,103.62,131.79,150.18,159.24,162.68,159.69,154.31,134.85,796.45,251.77,118.75,127.71,105.92,409.84,43.34,Class_B
S210,S210_M03,3,113.88,131.09,146.85,147.76,146.9,150.83,152.05,133.49,767.73,262.84,115.15,125.21,101.64,440.07,37.03,Class_B
S189,S189_M05,5,111.17,129.31,143.57,160.23,160.33,155.17,148.85,135.02,786.43,256.45,119.02,123.93,97.97,438.74,39.14,Class_C
S491,S491_M04,4,118.11,129.12,132.01,150.12,162.06,152.89,150.81,131.01,783.96,270.05,128.86,128.04,99.16,422.03,39.05,Class_C
S324,S324_M04,4,111.11,124.34,139.27,149.1,154.3,151.7,144.49,129.83,788.01,248.68,118.99,137.26,124.76,407.37,42.68,Class_B
S124,S124_M03,3,101.08,122.22,136.34,154.18,163.29,159.76,155.13,145.17,780.48,233.82,121.78,125.09,107.17,421.82,40.76,Class_B
S144,S144_M05,5,111.09,121.95,138.82,149.81,147.71,145.87,142.91,130.62,773.8,257.59,124.87,125.82,116.61,409.35,35.11,Class_B
S096,S096_M04,4,111.65,130.15,149.31,158.2,169.22,158.28,152.76,134.84,768.95,283.09,117.53,128.36,112.87,404.52,37.76,Class_B
S316,S316_M02,2,107.61,125.54,152.23,168.05,175.75,156.76,152.52,140.44,762.5,269.89,112.04,122.2,105.38,413.75,38.81,Class_A
S234,S234_M01,1,124.71,129.56,148.04,154.56,157.18,152.78,144.79,129.16,756.24,250.8,117.38,120.25,103.07,415.04,42.49,Class_B
S363,S363_M04,4,95.16,117.52,144.83,149.26,159.51,154.17,146.02,134.55,779.35,250.37,104.96,122.47,107.62,417.2,42.52,Class_A
S476,S476_M05,5,101.29,122.72,142.17,152.0,160.15,151.74,144.18,136.56,763.04,253.05,121.45,139.96,107.34,397.56,33.25,Class_A
S271,S271_M03,3,108.62,119.43,128.06,142.93,155.49,145.92,139.0,128.23,775.98,233.48,116.34,136.69,111.62,428.57,35.93,Class_A
S042,S042_M04,4,112.76,134.87,146.27,155.86,161.62,156.89,150.08,141.23,794.69,259.56,129.24,135.46,115.52,419.94,43.56,Class_C
S311,S311_M01,1,114.62,133.65,150.43,159.92,164.09,153.77,151.17,137.38,784.07,269.74,118.01,124.37,100.79,423.16,41.46,Class_B
S346,S346_M02,2,118.12,126.44,132.06,137.8,145.26,143.1,144.18,135.19,807.54,266.76,129.87,132.67,109.27,442.61,42.315,Class_C
S088,S088_M01,1,111.68,129.28,145.97,153.58,163.92,159.97,148.47,126.83,779.33,245.92,124.9,132.62,112.57,426.39,35.35,Class_B
S353,S353_M03,3,110.1,125.37,143.91,157.88,168.98,169.61,152.34,140.48,804.51,262.34,129.22,127.04,102.66,439.41,41.21,Class_B
S485,S485_M01,1,107.44,132.57,153.58,160.34,159.3,159.88,150.58,132.54,775.93,260.41,112.14,129.72,113.76,431.91,46.87,Class_A
S395,S395_M03,3,93.48,102.08,124.16,137.29,151.61,142.42,141.8,127.41,791.47,234.55,106.79,121.09,98.59,417.38,44.74,Class_A
S321,S321_M05,5,108.28,125.65,139.51,152.08,152.98,142.83,143.44,134.63,774.63,261.89,124.2,133.12,122.51,428.94,40.54,Class_C
S393,S393_M03,3,110.98,121.49,130.47,145.7,156.69,153.68,139.83,132.42,783.45,263.08,126.44,138.27,113.73,431.9,37.76,Class_B
S424,S424_M03,3,106.1,130.09,145.67,162.88,172.86,156.56,140.14,125.17,773.58,247.91,114.2,118.28,95.71,430.4,37.74,Class_A
S336,S336_M01,1,105.65,120.95,139.5,148.55,155.07,143.56,142.06,128.23,784.46,272.12,129.89,131.85,113.68,418.43,43.25,Class_B
S217,S217_M04,4,102.73,122.82,134.45,140.46,151.2,147.71,139.36,127.83,776.67,262.82,130.23,135.3,108.16,428.85,39.17,Class_A
S040,S040_M05,5,101.99,120.58,135.65,146.7,152.72,151.28,150.48,131.31,792.48,271.38,132.48,132.85,108.42,401.14,40.17,Class_C
S046,S046_M05,5,118.62,132.86,144.34,155.1,168.91,154.96,144.01,126.51,796.86,254.16,121.48,124.78,104.0,427.16,40.43,Class_C
S375,S375_M05,5,104.67,115.1,129.86,147.93,157.25,148.53,141.56,135.65,758.79,254.4,112.11,122.39,101.72,413.39,38.61,Class_A
S078,S078_M03,3,89.28,108.69,124.8,132.55,125.57,123.58,109.52,109.22,791.26,266.29,129.25,124.65,102.11,422.49,45.0,Class_C
S117,S117_M02,2,112.14,128.82,134.8,153.51,163.15,156.81,149.62,137.73,765.14,274.19,128.91,128.91,108.81,411.31,44.59,Class_C
S298,S298_M04,4,97.19,115.49,140.49,141.71,150.63,145.27,141.35,132.71,787.19,261.5,112.8,126.07,106.82,419.43,36.22,Class_C
S378,S378_M04,4,102.77,115.45,133.58,150.03,155.35,155.15,141.75,130.11,783.07,243.1,118.97,120.25,107.01,433.29,45.36,Class_B
S131,S131_M01,1,96.28,120.81,137.53,150.62,166.48,153.46,144.76,130.72,791.82,250.8,110.88,126.47,96.28,403.41,36.96,Class_A
S064,S064_M01,1,110.23,113.92,122.67,136.48,143.0,138.59,136.11,123.66,786.56,251.51,123.28,134.42,107.38,427.02,42.09,Class_C
S085,S085_M03,3,101.48,128.01,159.23,165.45,172.67,174.38,162.37,139.09,784.58,251.85,111.92,126.43,97.94,418.51,34.51,Class_A
S434,S434_M03,3,92.23,112.3,138.74,142.02,149.63,143.32,143.95,125.7,794.38,260.7,120.61,126.85,108.1,428.42,39.64,Class_C
S299,S299_M02,2,132.18,133.03,146.3,153.02,156.75,156.5,154.94,142.31,761.35,250.05,139.11,139.51,115.16,418.02,41.3,Class_C
S014,S014_M05,5,124.06,135.7,157.79,166.76,172.66,166.17,160.63,138.2,782.7,263.25,123.25,131.5,115.22,418.07,37.02,Class_C
S260,S260_M01,1,122.52,137.47,147.24,159.57,159.12,153.23,151.69,143.11,768.1,291.51,118.46,120.5,118.39,421.99,42.47,Class_B
S152,S152_M01,1,107.97,126.13,136.88,139.25,147.6,149.96,138.76,138.07,770.33,268.69,119.62,127.01,100.18,406.08,33.06,Class_C
S091,S091_M01,1,101.87,124.82,145.29,156.49,169.01,155.4,142.27,126.24,805.15,242.35,120.6,125.64,101.88,415.2,42.82,Class_A
S405,S405_M04,4,127.94,130.0,144.84,163.18,168.92,165.37,164.95,145.35,774.68,260.83,120.86,123.55,100.83,450.17,35.67,Class_C
S254,S254_M05,5,89.88,110.59,124.66,143.23,157.64,140.46,134.56,123.38,780.63,262.92,115.21,132.04,101.25,414.08,40.67,Class_A
S047,S047_M02,2,116.26,129.91500000000002,141.7,159.54,153.36,149.56,133.68,126.08,792.86,266.27,117.81,121.28,106.22,407.38,38.87,Class_B
S321,S321_M01,1,110.0,125.69,143.39,151.97,150.77,144.05,144.44,139.58,774.93,267.57,119.97,132.55,113.27,415.83,42.83,Class_C
S329,S329_M05,5,111.91,126.23,144.79,155.96,160.88,145.4,136.17,123.5,774.1,259.56,134.02,131.93,104.94,433.54,35.85,Class_B
S074,S074_M04,4,108.8,129.04,147.83,161.27,165.35,155.92,147.27,134.78,779.27,264.69,110.94,127.1,103.96,412.43,43.43,Class_A
S491,S491_M05,5,122.95,136.81,136.36,153.03,161.15,147.82,149.11,135.44,794.87,259.21,112.26,124.72,106.15,428.11,39.41,Class_C
S136,S136_M05,5,93.31,121.94,143.19,155.06,167.45,170.25,169.28,139.5,780.91,257.25,110.19,120.95,95.55,420.11,39.46,Class_A
S403,S403_M04,4,122.92,139.08,146.73,157.23,162.56,155.25,150.86,138.17,765.15,280.53,129.03,131.04,103.82,419.7,41.37,Class_C
S114,S114_M01,1,123.91,140.9,155.15,156.8,157.94,147.21,133.49,123.24,777.7,261.57,122.27,133.16,117.06,437.58,38.11,Class_B
S397,S397_M01,1,116.88,129.3,151.59,165.42,165.08,158.95,153.85,141.45,802.69,260.02,123.6,130.09,113.69,408.06,40.61,Class_C
S205,S205_M04,4,104.62,123.2,141.49,153.93,170.01,152.95,140.89,125.55,790.67,242.45,134.06,141.47,112.16,398.18,43.36,Class_A
S314,S314_M03,3,104.81,118.8,133.72,130.47,137.83,129.78,127.54,123.03,757.75,255.79,128.1,131.84,113.75,422.03,38.07,Class_B
S227,S227_M02,2,97.97,125.42,133.85,147.2,162.09,162.45,144.24,128.18,779.26,269.6,120.82,132.05,104.23,419.38,41.88,Class_A
S056,S056_M05,5,110.2,133.75,142.58,156.85,159.85,157.2,149.56,148.36,772.29,259.49,129.35,133.22,102.68,411.04,47.22,Class_C
S090,S090_M01,1,122.6,138.56,147.92,143.98,153.09,146.56,149.84,128.89,775.97,266.23,125.63,127.4,107.3,426.85,40.17,Class_B
S158,S158_M03,3,107.02,128.19,146.79,146.65,154.84,147.57,142.34,133.74,782.75,262.33,122.87,129.09,113.58,418.87,46.04,Class_B
S304,S304_M04,4,109.27,119.52,144.04,150.59,157.72,149.01,148.07,129.37,792.48,268.16,128.12,144.75,118.79,426.08,40.93,Class_B
S428,S428_M03,3,111.64,128.66,130.87,135.91,153.49,141.78,140.11,127.54,781.53,263.74,118.77,121.99,106.43,412.26,40.9,Class_C
S290,S290_M04,4,108.5,118.58,128.3,147.08,156.85,153.32,143.65,125.58,771.57,258.74,114.75,123.5,109.95,410.06,33.28,Class_A
S453,S453_M01,1,102.3,124.06,142.42,155.57,157.86,150.61,146.52,138.95,784.51,264.11,127.5,131.82,114.26,419.54,39.87,Class_C
S105,S105_M02,2,121.24,127.47,152.25,152.06,155.21,145.36,142.9,138.64,823.68,272.56,125.57,131.49,105.25,408.56,42.99,Class_C
S088,S088_M04,4,113.01,127.925,139.94,153.38,170.06,152.2,146.36,126.26,783.75,266.38,126.35,130.46,106.76,416.65,38.26,Class_B
S387,S387_M04,4,110.79,129.3,146.17,144.29,156.85,154.77,148.77,137.56,796.19,240.52,133.55,130.62,117.19,417.49,42.39,Class_C
S328,S328_M05,5,115.33,127.52,134.71,147.48,154.36,139.04,137.45,129.81,777.5,258.03,108.38,122.09,105.75,410.43,36.52,Class_B
S195,S195_M04,4,99.93,116.61,131.4,151.86,158.34,151.29,146.93,134.74,776.0,257.86,118.44,141.31,112.88,429.0,34.79,Class_A
S455,S455_M03,3,123.95,136.54,143.74,150.11,161.18,156.9,151.89,127.76,782.61,273.88,117.05,127.01,100.8,450.8,35.42,Class_A
S380,S380_M03,3,116.63,128.69,137.83,149.47,153.97,157.09,151.62,153.43,787.99,269.39,121.83,134.28,107.45,422.37,41.13,Class_C
S305,S305_M04,4,98.92,118.85,131.87,139.56,153.63,139.27,141.19,138.91,787.28,258.49,119.84,128.23,115.13,418.42,36.07,Class_C
S354,S354_M01,1,119.67,135.78,147.69,160.88,169.64,153.15,135.57,129.35,790.65,259.04,127.7,125.56,107.49,437.6,37.83,Class_B
S160,S160_M04,4,121.83,127.05,137.9,142.19,150.85,154.1,154.18,143.8,810.75,261.52,114.15,130.61,106.36,421.01,38.94,Class_C
S485,S485_M04,4,103.54,125.87,146.19,155.69,162.67,164.65,149.67,130.36,768.85,252.4,113.15,126.43,112.99,421.24,41.83,Class_A
S107,S107_M01,1,98.17,110.04,127.36,135.92,152.47,139.18,142.29,120.65,754.04,249.6,115.43,122.79,103.6,396.81,40.68,Class_B
S082,S082_M03,3,98.04,115.65,131.13,141.72,154.12,138.96,127.64,114.19,794.45,268.25,117.81,130.66,112.96,413.08,39.36,Class_B
S030,S030_M05,5,120.49,128.08,146.89,155.67,159.36,151.74,139.14,130.72,793.24,250.74,128.53,125.08,111.63,436.45,39.84,Class_C
S411,S411_M01,1,118.56,127.21,142.39,153.26,164.23,155.6,144.01,137.5,787.26,246.37,130.07,134.6,106.74,433.06,40.47,Class_C
S162,S162_M05,5,101.8,120.33,130.67,136.4,152.04,150.67,149.13,139.62,776.14,272.49,125.96,132.81,108.05,415.32,44.32,Class_C
S290,S290_M02,2,100.62,112.84,124.06,143.12,157.29,154.06,141.74,125.0,776.42,244.65,112.9,121.14,105.75,392.99,32.34,Class_A
S344,S344_M03,3,104.37,124.32,136.25,154.23,159.03,144.69,138.09,131.28,780.63,257.12,117.96,126.13,107.2,426.79,38.82,Class_B
S104,S104_M04,4,116.89,134.25,148.83,163.9,157.75,149.56,135.95,127.61,784.68,273.76,122.25,122.44,100.44,439.92,41.38,Class_C
S083,S083_M01,1,123.31,129.85,147.61,147.68,149.46,149.91,144.63,129.95,801.03,283.78,130.9,126.51,105.93,425.13,39.77,Class_C
S481,S481_M05,5,110.27,128.23,142.35,151.13,162.36,159.21,148.17,134.92,766.62,257.13,121.07,130.67,112.81,416.57,40.11,Class_B
S498,S498_M05,5,107.58,132.22,141.84,150.35,153.31,146.78,148.29,138.82,762.44,264.32,122.23,127.2,104.62,421.08,36.24,Class_B
S296,S296_M01,1,109.7,113.78,128.29,143.73,142.43,149.05,139.17,129.2,776.09,263.73,117.92,130.18,114.02,429.06,42.08,Class_C
S033,S033_M04,4,109.86,116.89,135.22,138.8,155.54,143.75,136.18,126.09,800.74,255.08,113.44,126.65,107.66,412.51,36.94,Class_A
S093,S093_M04,4,108.11,135.19,144.84,154.93,161.58,155.75,146.82,130.59,764.7,260.84,114.45,133.66,106.33,423.74,41.0,Class_B
S092,S092_M03,3,115.65,124.98,149.94,155.14,154.82,144.08,136.79,129.69,788.65,229.08,120.53,123.06,97.64,425.26,39.7,Class_C
S280,S280_M04,4,112.51,123.7,146.64,157.56,156.14,160.07,145.8,128.05,770.5,257.92,108.69,122.1,108.52,421.95,36.76,Class_C
S400,S400_M03,3,114.91,116.27,139.29,152.88,164.67,154.2,134.17,126.77,768.22,260.67,129.16,131.2,105.54,424.28,40.88,Class_B
S355,S355_M01,1,122.27,135.75,149.34,150.86,157.21,144.47,149.65,135.2,792.93,246.05,125.04,123.53,106.15,421.5,38.27,Class_B
S134,S134_M04,4,103.87,121.73,147.14,154.79,162.5,154.51,138.35,131.23,789.8,251.42,126.45,130.24,110.28,438.19,41.23,Class_B
S426,S426_M05,5,124.21,134.16,140.87,155.45,157.38,146.42,140.79,127.88,759.65,259.43,122.8,128.8,110.73,419.48,39.28,Class_C
S450,S450_M01,1,115.34,123.6,143.64,158.78,167.72,155.63,140.98,126.43,785.89,258.93,117.92,129.89,111.63,375.17,39.26,Class_B
S010,S010_M05,5,120.54,142.69,154.88,154.66,160.59,151.13,135.71,130.62,788.95,251.23,117.16,123.28,111.18,421.71,39.17,Class_B
S014,S014_M03,3,124.42,137.16,153.3,161.26,169.04,165.41,161.3,143.68,765.85,272.34,122.6,130.15,106.89,425.8,38.38,Class_C
S477,S477_M05,5,113.31,127.43,146.98,165.47,163.74,145.33,141.07,133.54,771.02,257.09,129.23,132.91,112.0,420.11,44.95,Class_B
S278,S278_M02,2,105.44,124.57,131.27,149.33,160.39,150.15,145.87,140.02,789.14,255.53,121.92,127.35,113.83,418.15,36.78,Class_B
S115,S115_M03,3,108.15,120.52,133.16,133.84,148.58,147.04,147.24,134.73,774.16,258.36,110.88,122.83,114.15,399.725,40.02,Class_A
S010,S010_M04,4,110.78,135.63,152.25,150.98,159.47,154.07,134.66,124.88,763.0,261.99,115.73,128.57,118.19,428.55,38.82,Class_B
S429,S429_M01,1,110.45,133.62,139.25,158.14,165.27,156.36,154.72,131.91,773.38,244.05,111.87,127.71,114.09,411.67,43.26,Class_A
S438,S438_M02,2,112.74,127.93,150.1,157.56,171.27,155.11,148.56,145.06,771.41,253.09,118.94,116.27,101.57,417.26,37.98,Class_B
S162,S162_M04,4,74.61,95.31,97.73,97.43,118.96,128.7,116.3,131.6,795.84,258.78,115.75,128.27,102.69,428.04,43.63,Class_C
S247,S247_M02,2,98.55,125.32,141.42,147.27,157.82,155.7,148.9,139.91,783.52,276.36,121.88,129.19,107.51,419.78,41.47,Class_B
S025,S025_M05,5,118.09,129.59,143.41,147.83,160.76,146.53,149.02,135.0,813.53,278.38,115.24,124.5,108.74,453.57,35.46,Class_C
S324,S324_M02,2,114.74,125.14,140.58,148.81,157.94,160.45,151.46,137.89,802.56,257.3,122.8,140.81,129.02,411.05,39.95,Class_B
S406,S406_M02,2,107.58,131.93,146.29,152.38,161.67,161.57,156.84,137.59,782.52,256.27,127.42,134.14,111.83,407.48,34.68,Class_C
S460,S460_M05,5,102.96,112.76,122.51,130.05,139.62,135.84,143.82,123.78,778.7,248.33,115.45,124.78,113.35,425.29,47.57,Class_B
S098,S098_M01,1,111.12,122.88,140.87,155.02,167.21,150.16,136.71,122.6,792.72,259.36,112.22,127.31,105.03,419.81,39.74,Class_A
S152,S152_M02,2,110.23,128.52,137.22,145.84,148.57,142.29,135.49,132.44,767.55,271.53,118.3,132.35,105.78,400.14,36.33,Class_C
S006,S006_M01,1,117.19,129.61,149.42,149.18,165.59,155.23,144.63,138.49,768.95,252.46,118.11,125.33,102.14,424.74,40.16,Class_C
S480,S480_M01,1,118.79,129.99,140.27,146.33,159.83,157.38,152.52,133.21,759.45,255.77,134.5,144.3,118.04,417.52,44.48,Class_B
S416,S416_M05,5,100.83,120.15,140.25,149.98,157.18,152.7,140.62,125.78,778.1,246.94,121.75,131.3,101.15,421.91,41.41,Class_A
S484,S484_M02,2,110.35,129.88,139.38,152.71,159.93,158.66,154.89,133.53,757.87,261.06,122.62,132.66,116.65,419.79,37.2,Class_A
S226,S226_M03,3,117.94,137.77,143.98,146.02,140.21,139.34,137.3,130.6,782.75,265.09,128.65,133.53,110.06,427.69,39.96,Class_C
S319,S319_M04,4,104.06,129.13,142.85,158.81,167.39,153.29,143.07,141.75,750.23,258.48,118.07,136.74,114.07,414.83,36.45,Class_A
S407,S407_M02,2,106.27,122.68,149.45,166.6,168.51,159.68,157.25,132.445,775.48,270.44,106.75,128.78,106.84,403.7,39.62,Class_A
S262,S262_M04,4,99.89,131.9,141.83,154.27,160.43,151.28,143.46,130.9,769.8,284.83,113.06,112.79,95.58500000000001,406.64,39.41,Class_C
S097,S097_M03,3,116.61,124.61,145.95,153.85,156.18,150.66,145.02,130.63,772.75,264.61,110.0,116.49,101.41,433.61,39.04,Class_B
S164,S164_M03,3,112.08,112.17,129.17,143.05,152.4,152.01,145.45,131.33,777.15,259.88,121.67,133.63,115.53,421.72,38.47,Class_A
S389,S389_M04,4,102.85,125.49,143.74,154.67,159.85,163.61,150.43,131.34,774.87,256.36,121.645,135.04,113.14,427.89,34.28,Class_A
S073,S073_M02,2,108.67,121.98,131.13,140.99,153.96,148.8,147.61,133.17,761.59,252.45,123.13,121.49,112.22,427.74,40.34,Class_C
S420,S420_M01,1,111.53,131.89,143.82,156.91,166.8,153.93,159.44,133.56,796.33,286.91,126.09,132.2,106.87,420.95,36.02,Class_C
S219,S219_M01,1,106.37,116.39,132.84,140.95,141.52,144.27,145.23,137.06,767.42,259.95,116.82,119.35,113.22,402.87,41.8,Class_C
S236,S236_M03,3,119.45,127.06,148.85,156.3,163.12,149.35,141.53,135.75,782.35,256.1,120.9,120.79,106.87,417.46,46.98,Class_C
S431,S431_M03,3,109.71,126.65,145.1,159.62,151.47,151.78,152.61,141.52,774.87,268.11,112.33,117.54,104.33,438.84,36.87,Class_C
S157,S157_M02,2,110.62,123.91,133.07,144.55,160.81,157.99,143.99,124.68,773.48,247.9,113.82,128.53,96.46,396.76,39.68,Class_A
S475,S475_M03,3,89.94,117.55,137.51,143.87,154.52,154.6,139.41,132.76,765.0,247.37,105.28,123.38,101.84,400.42,33.88,Class_A
S485,S485_M02,2,106.51,128.29,156.86,162.01,166.62,162.1,152.24,135.35,787.29,274.37,112.25,124.22,115.51,447.45,44.19,Class_A
S131,S131_M02,2,100.14,122.94,130.44,150.01,167.66,154.42,148.02,130.98,793.01,256.16,107.14,121.34,98.61,408.01,36.29,Class_A
S439,S439_M05,5,122.94,127.51,134.97,149.37,145.28,142.32,144.32,131.0,786.24,255.43,123.99,132.39,115.15,429.93,40.64,Class_C
S307,S307_M04,4,124.93,130.09,153.95,158.38,156.44,144.54,143.5,130.6,775.88,272.6,124.2,136.4,112.08,446.16,48.18,Class_B
S499,S499_M05,5,109.05,128.26,148.6,151.7,156.6,145.86,140.21,133.7,757.26,254.98,112.61,124.33,104.88,416.26,37.23,Class_B
S411,S411_M05,5,120.2,134.81,149.78,157.34,166.62,156.46,154.37,147.71,797.06,262.0,133.57,144.13,118.12,430.27,38.68,Class_C
S049,S049_M01,1,112.4,123.68,144.01,154.74,156.86,146.26,141.74,137.11,786.7,244.33,113.61,118.28,99.48,420.58,41.34,Class_C
S256,S256_M05,5,120.18,131.07,151.67,160.91,171.71,162.42,144.52,136.28,802.76,255.2,136.69,133.18,108.52,406.92,43.93,Class_C
S424,S424_M04,4,109.16,127.8,139.67,156.6,168.35,159.26,145.87,131.28,768.67,256.24,114.72,124.0,99.28,415.0,41.91,Class_A
S015,S015_M01,1,104.25,116.06,135.04,142.46,166.18,165.67,154.92,135.43,790.26,259.53,123.5,135.6,104.86,405.99,40.34,Class_B
S321,S321_M03,3,108.26,125.53,142.48,151.7,153.76,141.8,148.25,135.93,770.24,259.76,118.64,134.99,115.95,427.28,43.93,Class_C
S277,S277_M03,3,95.56,126.48,146.73,146.59,152.16,143.81,139.9,124.79,813.78,254.14,112.42,133.68,108.9,407.32,39.47,Class_A
S169,S169_M01,1,107.88,123.77,141.06,148.57,158.46,154.37,135.81,129.57,758.66,259.36,112.31,117.87,96.17,416.0,39.68,Class_A
S015,S015_M04,4,106.19,118.42,142.37,148.67,159.75,160.53,152.36,138.28,764.16,264.25,123.21,126.9,108.36,399.09,41.78,Class_B
S236,S236_M04,4,122.05,126.28,145.14,157.77,164.38,147.46,139.73,137.17,787.48,264.37,122.36,126.145,101.72,427.49,46.48,Class_C
S071,S071_M01,1,100.36,123.97,136.34,151.08,166.88,150.22,154.25,138.54,779.13,256.06,115.94,125.76,107.11,419.01,40.02,Class_A
S460,S460_M02,2,110.26,122.29,132.6,131.09500000000003,144.41,142.59,138.18,129.28,784.96,253.91,117.83,118.28,116.47,418.75,43.01,Class_B
S323,S323_M02,2,106.24,124.07,137.1,152.91,158.94,150.175,136.84,128.97,771.38,254.64,104.34,129.37,105.01,428.74,37.35,Class_A
S379,S379_M02,2,104.08,117.33,133.55,145.58,157.54,146.86,139.72,134.89,775.94,253.75,123.37,127.08,113.44,410.72,40.94,Class_B
S154,S154_M01,1,107.34,120.91,130.57,146.34,159.26,153.06,141.1,126.43,771.79,243.33,125.91,130.34,102.63,402.57,44.16,Class_B
S470,S470_M02,2,120.56,133.48,150.36,150.43,162.25,155.8,141.69,129.36,764.47,262.08,123.01,130.55,110.94,409.96,38.13,Class_B
S016,S016_M02,2,97.75,119.67,140.9,153.68,158.62,151.47,143.43,131.55,780.85,282.9,131.57,139.62,113.5,421.15,33.36,Class_A
S087,S087_M03,3,110.28,121.35,135.14,150.34,151.33,151.37,146.63,127.58,776.83,258.97,120.03,117.03,83.41,423.62,43.64,Class_C
S133,S133_M03,3,122.51,142.35,152.17,157.47,168.21,160.18,147.71,137.85,787.06,264.44,123.2,131.19,118.59,431.94,42.03,Class_B
S375,S375_M02,2,102.8,117.8,133.45,146.05,162.03,145.73,147.17,138.85,779.4,251.79,118.3,125.49,106.5,405.93,40.77,Class_A
S032,S032_M03,3,111.35,124.09,134.37,143.85,153.21,147.9,141.32,137.04,788.92,251.47,117.49,118.16,100.44,408.9,40.85,Class_C
S261,S261_M02,2,103.52,121.68,139.32,154.75,159.93,155.89,147.29,127.97,737.85,274.37,126.31,139.92,117.32,416.79,31.97,Class_A
S153,S153_M02,2,107.59,122.44,142.98,151.33,159.92,144.11,135.76,123.13,795.81,260.4,126.22,140.16,109.32,407.89,40.42,Class_A
S412,S412_M03,3,106.0,124.28,136.0,143.59,150.36,152.18,141.9,132.16,786.72,250.14,129.46,129.75,107.0,424.15,35.59,Class_B
S028,S028_M01,1,102.7,119.58,131.75,146.55,154.15,144.86,139.34,122.45,791.63,264.92,110.04,123.09,105.35,425.19,40.85,Class_A
S302,S302_M02,2,102.91,126.19,146.53,161.095,170.27,164.53,151.79,133.15,801.07,274.51,110.65,135.83,115.71,403.81,43.24,Class_A
S159,S159_M01,1,117.09,127.64,148.41,147.28,148.05,146.52,142.97,134.16,810.19,260.74,113.42,117.01,97.65,417.58,41.65,Class_C
S342,S342_M04,4,117.82,125.4,134.05,144.78,152.78,145.7,141.67,128.22,775.56,280.73,117.63,124.79,94.28,416.94,37.03,Class_C
S178,S178_M04,4,122.13,131.39,141.91,149.94,153.55,147.34,152.47,137.3,786.45,266.15,130.52,134.2,110.79,405.19,43.52,Class_C
S168,S168_M05,5,112.23,116.32,131.55,137.86,149.63,148.36,139.3,128.99,763.53,269.39,117.23,126.24,104.54,414.61,40.02,Class_C
S011,S011_M02,2,104.58,122.84,133.35,144.31,157.17,149.78,137.76,122.77,790.34,244.36,125.24,135.29,110.25,403.97,44.28,Class_B
S452,S452_M02,2,105.75,124.58,145.45,154.25,170.51,166.74,149.68,136.65,791.29,269.57,115.07,120.85,97.88,418.76,41.57,Class_C
S260,S260_M04,4,118.68,138.55,149.07,159.81,164.91,150.19,152.71,146.18,793.57,298.93,119.23,124.16,119.23,425.98,41.54,Class_B
S109,S109_M05,5,88.49,115.84,136.72,147.56,149.63,146.03,130.56,120.17,761.83,252.79,112.53,124.56,105.16,418.02,42.63,Class_A
S123,S123_M04,4,111.0,127.02,141.77,159.38,169.97,160.81,144.87,128.33,764.62,270.87,122.43,139.03,113.16,414.11,40.5,Class_A
S058,S058_M05,5,105.88,121.23,139.7,144.81,152.73,138.54,134.57,123.6,777.49,255.9,122.39,132.28,110.0,425.44,38.02,Class_B
S235,S235_M04,4,110.82,132.64,150.79,158.45,160.25,160.76,152.75,136.39,772.01,245.76,123.57,128.58,107.69,435.75,40.25,Class_C
S450,S450_M04,4,115.0,131.38,141.99,152.65,162.4,154.13,143.3,132.72,783.5,262.13,123.75,127.59,117.03,411.91,39.73,Class_B
S288,S288_M02,2,103.56,126.89,136.49,140.8,152.44,155.87,142.05,127.78,803.51,264.72,128.26,137.41,116.64,422.76,42.62,Class_B
S324,S324_M05,5,110.1,124.0,135.58,141.63,151.57,151.14,145.71,136.11,782.89,265.53,128.48,138.65,127.19,422.11,38.75,Class_B
S451,S451_M05,5,105.95,119.48,144.56,155.73,164.27,155.83,151.89,132.25,792.15,249.29,114.35,135.45,113.06,413.15,38.64,Class_A
S102,S102_M04,4,106.76,121.83,132.45,134.68,152.97,150.48,141.33,129.29,775.79,273.15,110.74,125.07,107.38,408.01,37.3,Class_C
S330,S330_M03,3,100.69,114.72,141.96,148.65,161.55,157.87,147.58,139.87,798.73,244.56,117.87,131.82,114.16,416.3,35.81,Class_A
S391,S391_M02,2,101.16,127.55,151.27,158.62,173.5,162.27,142.03,126.61,793.23,249.19,123.24,136.56,119.75,412.5,37.16,Class_B
S059,S059_M02,2,107.84,133.28,147.23,158.2,166.49,155.19,143.02,129.45,762.41,260.63,107.96,121.97,95.11,437.79,34.77,Class_A
S348,S348_M05,5,109.82,122.41,140.41,149.18,158.49,143.48,136.65,121.2,788.55,274.0,119.84,131.08,102.7,400.16,41.41,Class_A
S497,S497_M02,2,108.69,122.73,149.94,161.27,160.01,157.1,142.15,128.72,769.17,255.77,128.44,135.81,114.13,420.23,39.63,Class_B
S025,S025_M04,4,114.73,135.05,144.28,148.31,155.93,155.82,154.15,138.54,803.14,263.95,121.38,130.05,112.04,433.81,38.63,Class_C
S153,S153_M05,5,100.66,119.85,143.58,147.89,154.89,144.91,133.63,122.14,784.72,259.78,132.07,141.57,107.72,405.18,38.88,Class_A
S429,S429_M03,3,117.26,135.89,151.3,152.86,160.86,164.08,149.77,130.73,780.71,243.34,110.06,123.51,100.66,409.26,38.85,Class_A
S210,S210_M04,4,118.11,127.2,138.7,140.95,147.69,152.72,147.81,141.44,756.46,257.67,112.88,129.66,100.62,427.33,41.19,Class_B
S422,S422_M03,3,98.76,120.55,136.91,148.31,157.9,153.37,146.8,131.67,767.38,247.3,131.6,139.61,117.73,403.1,38.89,Class_A
S082,S082_M02,2,97.18,115.17,129.83,139.06,141.86,135.94,129.36,122.67,771.52,270.35,116.95,121.41,111.38,415.89,43.81,Class_B
S135,S135_M01,1,102.15,125.68,142.92,166.88,165.49,155.8,149.55,128.28,779.26,259.36,121.34,121.0,111.83,420.48,37.88,Class_B
S224,S224_M02,2,117.58,133.01,145.3,151.3,157.43,144.23,150.6,137.87,794.86,266.27,117.03,126.94,104.62,435.71,46.61,Class_C
S113,S113_M05,5,90.91,112.13,134.42,138.79,148.4,147.37,138.78,123.38,766.93,251.84,123.29,138.78,110.4,391.86,39.96,Class_A
S484,S484_M01,1,109.845,125.96,138.67,147.17,159.03,162.62,151.08,127.86,756.07,259.04,124.84,126.01,111.0,409.8,39.31,Class_A
S140,S140_M01,1,104.64,119.8,147.6,160.2,155.9,153.5,140.03,133.17,762.31,255.99,118.88,140.74,115.55,425.53,42.45,Class_A
S100,S100_M03,3,105.7,125.49,146.65499999999997,149.05,169.42,162.37,156.28,142.09,792.12,255.87,111.06,122.78,107.76,403.15,41.25,Class_C
S421,S421_M03,3,123.56,137.15,154.41,157.9,162.42,153.6,144.61,143.07,792.46,244.48,123.39,135.8,113.68,432.97,36.76,Class_B
S191,S191_M03,3,89.31,99.1,111.03,115.88,125.81,126.8,121.56,111.44,760.14,277.99,119.75,125.99,97.72,415.82,38.97,Class_C
S069,S069_M03,3,96.64,112.72,124.48,134.64,151.86,147.01,140.61,127.03,772.33,239.45,106.67,127.815,103.32,409.07,33.72,Class_A
S356,S356_M01,1,112.56,125.22,147.77,158.03,161.92,153.7,142.57,128.77,782.13,253.93,125.75,132.15,114.7,412.15,39.22,Class_B
S351,S351_M03,3,122.8,146.35,152.97,161.09,177.34,170.56,154.68,144.24,774.33,258.63,114.05,124.36,112.76,408.99,40.86,Class_B
S422,S422_M05,5,95.13,115.98,135.03,148.18,163.0,158.18,152.74,135.61,767.94,240.76,123.01,137.67,113.32,417.51,39.39,Class_A
S294,S294_M04,4,111.97,127.64,143.48,152.39,161.53,160.53,142.91,123.52,796.32,278.52,124.97,127.7,103.055,412.98,38.03,Class_A
S060,S060_M05,5,102.01,117.39,141.01,152.07,166.62,159.25,150.18,138.88,772.59,258.26,111.79,129.75,108.38,421.18,45.26,Class_A
S386,S386_M01,1,117.05,127.1,138.47,142.82,153.78,149.35,145.28,128.45,809.53,272.44,130.56,140.11,120.47,418.03,39.18,Class_C
S123,S123_M02,2,108.21,127.45,141.37,150.62,163.98,157.07,139.47,126.44,779.02,276.76,122.99,139.43,113.96,419.57,38.86,Class_A
S299,S299_M05,5,123.47,132.46,142.92,148.58,158.21,147.99,143.61,137.94,784.6,259.15,139.92,139.33,115.04,419.69,37.74,Class_C
S434,S434_M01,1,99.9,115.13,139.56,143.76,146.61,143.48,144.53,132.69,779.31,267.5,125.26,127.41,96.97,412.81,41.77,Class_C
S404,S404_M02,2,100.54,121.61,134.12,148.5,155.49,142.28,137.95,115.71,784.14,259.81,98.73,120.48,102.71,416.76,44.29,Class_A
S238,S238_M05,5,123.88,122.09,136.97,149.66,153.62,146.47,142.77,132.16,784.45,257.71,113.65,116.54,101.65,402.06,37.87,Class_C
S045,S045_M01,1,118.95,133.4,145.11,149.29,165.62,159.7,148.86,139.68,779.41,268.95,128.48,131.47,108.34,414.42,41.06,Class_C
S477,S477_M03,3,111.01,127.02,140.48,159.69,163.43,144.95,143.46,130.35,801.12,265.67,129.58,132.02,106.11,411.01,42.97,Class_B
S377,S377_M04,4,116.68,132.86,142.48,152.26,156.39,149.14,148.04,127.26,773.5,260.88,122.76,130.42,110.89,409.46,34.66,Class_C
S386,S386_M04,4,137.26,151.53,166.71,168.47,176.74,168.75,169.31,157.02,775.82,268.81,132.79,142.54,117.46,429.07,38.46,Class_C
S017,S017_M05,5,114.64,128.23,148.62,152.06,158.53,169.12,162.44,151.05,778.29,265.71,123.92,133.76,107.98,411.83,41.22,Class_B
S211,S211_M04,4,110.86,124.32,143.93,151.7,164.13,148.0,144.91,136.62,802.92,266.15,122.17,129.48,104.32,409.82,45.08,Class_C
S054,S054_M02,2,116.35,132.11,144.28,150.36,152.64,144.54,141.89,131.45,789.37,265.36,128.7,118.72,98.08,416.91,45.02,Class_C
S215,S215_M01,1,107.64,127.43,140.16,145.25,163.19,154.83,147.87,139.77,790.0,274.12,138.02,133.02,107.57,433.04,37.57,Class_C
S059,S059_M01,1,111.19,136.3,146.19,154.92,161.92,144.07,138.69,124.68,763.97,260.85,105.42,119.17,97.42,419.96,37.41,Class_A
S124,S124_M04,4,105.03,127.05,140.17,155.8,164.91,154.24,150.68,145.78,758.1,242.73,122.5,129.01,111.51,415.1,40.35,Class_B
S249,S249_M05,5,117.57,123.33,132.55,146.55,161.03,146.63,140.27,124.44,799.9,256.28,126.6,127.25,109.24,415.12,38.35,Class_B
S084,S084_M02,2,101.55,122.03,133.46,140.24,157.12,149.89,145.93,129.91,766.35,244.98,114.48,119.79,100.54,402.29,47.18,Class_A
S095,S095_M03,3,99.25,113.45,132.43,146.29,157.79,152.51,149.69,129.68,783.21,244.9,116.41,128.62,104.91,403.79,37.6,Class_A
S408,S408_M01,1,107.17,120.13,137.95,150.93,150.72,151.84,142.19,127.43,784.7,252.9,121.27,120.77,101.21,431.03,41.38,Class_C
S413,S413_M04,4,103.55,119.19,141.7,154.02,162.45,157.07,148.32,133.91,776.34,243.03,120.62,130.44,103.36,416.73,41.34,Class_A
S486,S486_M02,2,111.02,118.44,135.53,137.78,144.67,145.09,143.35,127.29,764.51,245.94,116.43,123.01,105.05,431.09,38.36,Class_B
S214,S214_M04,4,104.06,117.87,130.42,146.16,154.79,152.56,151.24,137.16,769.22,266.45,122.14,124.75,108.79,398.58,42.4,Class_C
S484,S484_M04,4,110.19,128.77,144.7,158.58,169.38,158.09,149.93,130.59,765.79,263.73,127.65,130.46,111.54,417.14,40.0,Class_A
S500,S500_M05,5,111.1,127.53,139.46,144.88,149.23,146.45,130.2,122.26,785.87,265.08,121.38,127.45,108.34,411.13,41.03,Class_B
S457,S457_M04,4,103.6,122.45,139.9,152.12,158.06,157.99,150.62,136.57,787.18,266.13,120.99,124.92,109.51,417.19,40.3,Class_C
S056,S056_M04,4,104.03,126.17,145.385,161.23,164.8,152.04,148.32,138.9,771.97,260.72,126.95,126.71,102.4,425.81,46.51,Class_C
S211,S211_M01,1,115.64,130.23,141.03,149.52,159.56,152.76,151.155,137.09,794.08,255.01,123.16,127.38,100.43,416.22,46.62,Class_C
S322,S322_M03,3,122.14,134.18,146.97,158.66,171.44,156.58,157.65,143.03,796.8,261.16,129.52,132.81,120.39,416.48,33.6,Class_B
S207,S207_M04,4,100.79,120.13,139.32,147.29,151.31,146.34,138.35,124.36,773.21,239.35,126.11,129.54,107.62,409.19,37.11,Class_A
S004,S004_M04,4,110.45,131.8,135.81,149.02,152.28,149.61,146.1,130.28,780.92,261.91,118.18,132.43,105.51,435.03,40.95,Class_C
S254,S254_M04,4,94.67,115.1,128.28,144.94,156.21,145.93,136.85,124.58,776.67,267.79,115.79,123.71,98.49,415.46,42.63,Class_A
S336,S336_M03,3,106.1,124.26,142.69,154.75,152.32,139.69,136.01,126.94,777.15,277.12,124.37,129.34,112.39,405.93,39.46,Class_B
S313,S313_M04,4,99.38,111.11,138.2,142.13,165.04,145.3,130.22,115.55,750.35,255.9,112.1,132.21,109.16,392.84,36.71,Class_A
S331,S331_M01,1,121.18,137.3,145.37,149.4,160.72,158.2,148.28,134.08,766.94,258.92,125.46,124.38,99.95,412.17,39.74,Class_C
S179,S179_M02,2,116.05,136.11,147.41,155.33,160.71,155.76,157.3,146.45,781.35,264.86,112.05,126.17,106.54,432.91,41.92,Class_C
S187,S187_M03,3,115.45,128.75,137.62,154.92,157.2,150.82,132.04,125.31,800.07,262.82,117.97,124.66,99.17,431.44,42.29,Class_B
S304,S304_M03,3,99.73,117.17,141.36,151.41,153.14,148.55,143.37,130.19,765.15,247.2,136.09,144.35,119.83,439.9,43.05,Class_B
S121,S121_M03,3,121.09,137.54,138.81,152.21,157.91,146.9,140.79,136.96,774.15,249.84,115.07,129.09,112.28,413.55,37.45,Class_B
S044,S044_M05,5,104.43,118.77,141.31,149.68,166.77,154.42,137.75,121.64,765.13,256.38,106.45,120.56,99.15,415.75,35.85,Class_A
S253,S253_M02,2,106.92,122.76,139.48,150.92,160.98,158.12,144.16,133.81,787.02,267.07,117.44,129.97,112.79,402.35,37.66,Class_B
S240,S240_M02,2,112.38,126.26,146.97,161.11,158.5,152.99,146.56,134.31,771.78,268.44,118.19,123.15,95.53,404.84,43.81,Class_A
S061,S061_M04,4,112.76,129.84,138.56,149.28,155.37,148.22,148.49,130.18,791.95,254.03,127.79,132.92,105.99,416.49,38.05,Class_C
S352,S352_M02,2,102.16,122.57,138.49,153.55,161.3,151.18,138.49,129.05,792.46,256.12,116.85,131.76,112.19,423.71,38.06,Class_A
S339,S339_M03,3,102.37,125.42,143.71,149.49,154.64,152.85,153.71,141.89,784.05,261.9,115.73,114.18,102.23,426.24,41.11,Class_A
S310,S310_M02,2,109.16,125.57,143.27,151.15,159.15,150.35,158.13,137.31,759.83,249.77,110.35,127.21,104.01,420.47,43.08,Class_A
S489,S489_M04,4,112.73,128.13,145.26,153.99,160.23,150.27,133.94,122.06,773.85,238.38,121.21,134.13,116.33,436.64,40.66,Class_B
S200,S200_M05,5,106.36,122.24,147.1,152.38,167.44,156.66,139.48,121.14,767.59,260.47,120.66,126.86,101.24,423.65,38.66,Class_A
S278,S278_M01,1,113.22,127.62,141.07,154.17,164.41,154.79,149.91,139.1,785.8,266.65,118.78,130.43,124.15,420.61,36.78,Class_B
S349,S349_M02,2,109.43,128.02,146.03,148.63,152.35,159.26,146.55,133.77,782.91,257.39,120.45,118.66,100.0,434.93,37.61,Class_B
S130,S130_M05,5,103.26,124.6,140.02,148.17,160.6,156.01,150.58,141.12,798.43,247.38,129.21,123.67,113.23,429.34,37.99,Class_B
S357,S357_M01,1,124.07,124.92,142.54,151.2,159.39,160.0,143.38,129.07,758.77,257.7,119.15,118.2,93.57,417.4,44.82,Class_C
S472,S472_M04,4,109.35,126.55,134.47,141.18,154.19,151.44,136.94,120.78,810.95,251.4,116.16,131.48,113.64,420.2,36.47,Class_B
S456,S456_M03,3,107.76,122.55,139.24,156.7,165.0,155.1,147.62,129.6,770.7,267.14,114.15,134.6,103.88,421.57,42.02,Class_A
S463,S463_M03,3,104.96,124.87,134.89,131.11,139.59,140.67,145.28,139.05,766.21,255.68,128.39,126.13,104.1,422.22,40.19,Class_C
S175,S175_M04,4,100.16,119.82,142.78,145.51,151.77,138.09,141.84,122.0,788.83,254.36,109.48,121.36,98.03,409.79,41.24,Class_A
S223,S223_M05,5,102.83,131.68,132.95,137.75,152.87,144.63,139.38,126.24,769.86,261.94,126.22,124.48,102.04,418.72,40.27,Class_C
S039,S039_M03,3,94.35,114.2,131.86,145.63,160.42,154.1,146.83,127.28,744.78,248.29,115.06,131.74,103.27,416.79,37.66,Class_A
S035,S035_M05,5,112.31,122.89,138.54,146.14,154.45,137.68,138.34,126.65,780.16,265.96,117.95,127.88,111.62,406.39,42.74,Class_B
S275,S275_M01,1,114.73,123.78,132.96,146.71,155.91,147.76,144.02,129.62,787.66,246.43,119.055,130.3,108.31,419.91,38.96,Class_C
S158,S158_M02,2,105.57,126.09,142.06,142.84,155.68,144.19,141.17,136.75,789.46,262.14,124.15,124.54,118.04,426.62,42.13,Class_B
S399,S399_M01,1,115.87,132.6,146.42,153.57,152.16,148.76,140.3,130.21,803.28,258.5,121.42,126.4,107.79,410.86,37.65,Class_B
S478,S478_M02,2,100.45,121.13,135.75,154.43,170.95,150.74,137.23,129.64,751.82,255.03,126.97,131.92,115.33,409.58,41.63,Class_B
S495,S495_M05,5,106.24,124.95,146.19,154.52,159.29,161.59,156.57,145.44,777.73,254.74,138.2,138.31,104.93,426.62,38.57,Class_C
S026,S026_M04,4,100.76,118.84,132.49,140.79,156.9,156.3,148.19,137.48,760.6,264.29,115.96,129.88,100.02,404.52,32.26,Class_A
S069,S069_M01,1,100.15,111.5,127.8,139.61,156.39,148.12,135.69,127.41,769.57,244.65,106.56,130.93,105.72,408.54,31.9,Class_A
S340,S340_M03,3,117.94,129.62,145.0,148.35,150.29,153.79,146.72,132.35,768.16,264.37,124.06,121.86,98.62,428.07,42.19,Class_C
S289,S289_M05,5,125.1,147.74,159.94,170.32,164.05,157.63,146.77,130.12,774.86,267.59,138.24,137.1,117.95,424.98,41.02,Class_B
S203,S203_M01,1,125.58,132.59,144.51,156.14,164.65,162.07,159.19,142.15,758.69,262.23,122.68,130.33,111.23,425.06,38.97,Class_B
S062,S062_M03,3,112.94,133.88,138.28,152.89,168.8,149.21,144.64,134.79,768.95,260.18,125.36,134.69,117.53,427.19,41.89,Class_B
S077,S077_M04,4,106.34,121.02,135.17,150.05,163.62,155.97,148.94,133.41,762.61,253.06,119.09,124.79,103.28,416.66,37.74,Class_A
S326,S326_M04,4,119.35,136.53,153.62,165.59,161.83,149.74,147.44,132.83,780.13,281.2,120.95,136.04,116.21,422.7,41.93,Class_B
S465,S465_M02,2,112.44,133.65,147.15,160.78,170.75,168.23,152.44,131.9,782.3,255.48,131.49,137.41,120.66,411.42,38.85,Class_B
S198,S198_M02,2,116.06,127.02,140.49,149.12,159.27,159.25,157.57,143.16,793.92,264.48,124.18,123.4,103.55,407.24,40.17,Class_C
S036,S036_M03,3,99.56,114.68,135.71,142.95,152.39,150.74,142.15,132.97,750.95,260.18,113.67,133.25,108.87,421.99,38.37,Class_A
S086,S086_M02,2,105.03,122.08,142.28,164.97,167.54,165.94,156.46,139.85,780.61,257.55,115.83,130.4,103.15,416.85,36.41,Class_A
S161,S161_M03,3,96.61,123.54,138.95,141.88,158.8,160.93,151.77,126.65,773.32,240.98,125.37,126.93,100.32,429.19,38.54,Class_A
S353,S353_M05,5,106.59,122.93,147.9,155.42,167.08,164.69,150.8,138.07,784.75,273.97,129.6,126.3,110.83,421.49,40.75,Class_B
S398,S398_M03,3,97.98,116.05,131.32,145.46,151.38,144.97,140.13,122.45,778.9,259.72,106.67,130.07,109.8,426.22,38.48,Class_A
S179,S179_M01,1,112.27,132.67,148.89,162.18,164.14,156.1,155.38,145.78,777.33,255.77,108.14,126.03,101.65,416.42,44.94,Class_C
S037,S037_M05,5,104.63,126.19,152.75,150.73,160.98,151.84,153.79,136.89,771.35,261.34,109.36,116.5,104.73,421.19,41.24,Class_A
S321,S321_M02,2,112.45,118.33,136.31,150.34,152.41,146.35,150.19,139.97,757.58,273.8,118.83,131.14,115.15,423.14,40.2,Class_C
S402,S402_M04,4,104.32,125.48,141.31,149.32,152.68,145.15,136.2,121.95,777.74,252.29,125.38,138.7,101.26,433.01,44.37,Class_C
S332,S332_M01,1,96.88,109.76,131.01,143.07,144.78,140.83,141.77,120.5,761.21,248.85,117.02,129.37,110.0,420.38,37.46,Class_A
S227,S227_M05,5,92.4,114.56,134.0,144.51,155.6,156.94,142.77,138.99,787.04,268.59,119.72,129.12,102.77,430.0,38.74,Class_A
S430,S430_M05,5,98.4,119.64,134.54,146.75,151.93,147.22,143.92,123.55,799.8,261.27,116.34,116.39,98.78,431.76,41.16,Class_C
S419,S419_M04,4,96.48,111.28,134.16,149.26,156.24,151.28,138.18,132.4,767.62,263.28,110.5,125.47,114.0,420.07,38.83,Class_A
S230,S230_M02,2,104.88,128.81,147.88,150.1,159.34,153.73,139.83,121.61,794.32,268.97,131.99,135.05,109.6,416.46,41.08,Class_A
S098,S098_M05,5,109.56,123.5,139.17,153.39,167.12,154.09,139.87,119.07,796.73,266.47,119.24,127.7,106.33,404.79,42.5,Class_A
S353,S353_M04,4,114.56,120.85,146.62,163.0,173.14,169.76,158.99,149.87,796.48,268.19,128.67,132.32,112.12,411.63,39.91,Class_B
S450,S450_M03,3,110.64,127.79,143.36,156.23,159.41,153.51,143.49,125.75,770.71,255.56,117.31,131.21,114.83,410.53,39.83,Class_B
S453,S453_M03,3,110.36,129.31,144.37,156.45,158.61,150.78,149.3,139.53,796.13,253.76,126.99,135.85,113.53,419.86,44.25,Class_C
S142,S142_M03,3,111.14,122.52,139.51,150.69,164.03,160.06,143.51,130.94,792.71,258.42,110.21,122.14,113.98,417.37,44.9,Class_B
S461,S461_M04,4,118.7,131.79,149.33,156.69,167.41,154.57,152.36,135.26,791.53,264.36,118.93,128.88,111.29,432.59,40.76,Class_B
S300,S300_M04,4,110.77,126.33,143.45,158.56,166.85,149.6,136.8,128.06,777.13,270.39,117.22,114.3,97.77,415.63,38.09,Class_B
S142,S142_M01,1,109.4,121.395,142.11,147.9,159.3,159.62,143.4,128.9,766.48,253.54,108.0,119.51,103.91,406.12,41.29,Class_B
S024,S024_M04,4,108.28,134.7,148.07,150.41,154.49,159.39,164.86,142.68,788.77,265.67,123.07,129.08,108.24,410.84,43.3,Class_C
S314,S314_M05,5,110.56,125.4,139.11,137.12,147.45,137.92,129.77,119.81,755.67,259.52,138.98,136.55,117.88,424.17,37.48,Class_B
S057,S057_M02,2,111.41,132.07,144.04,150.52,163.33,160.86,140.08,137.6,780.65,257.4,117.66,126.17,117.8,429.97,40.1,Class_B
S439,S439_M03,3,116.03,119.26,135.35,144.29,142.79,137.51,139.29,135.05,784.95,251.46,123.46,126.47,111.24,433.64,39.8,Class_C
S272,S272_M01,1,111.47,124.72,142.34,157.27,162.36,151.41,144.54,121.51,782.22,252.83,107.35,125.36,110.67,436.53,37.14,Class_A
S371,S371_M05,5,123.8,131.58,154.67,153.57,158.25,156.4,153.63,134.98,791.09,253.11,126.57,142.46,127.23,428.36,44.14,Class_C
S240,S240_M05,5,111.62,133.12,147.72,157.23,153.64,155.18,147.97,135.66,760.08,259.34,123.13,128.44,93.37,427.3,46.3,Class_A
S149,S149_M03,3,112.23,121.17,140.35,142.96,160.84,157.56,145.15,135.28,770.28,251.21,129.4,145.63,125.72,416.07,44.74,Class_B
S074,S074_M02,2,110.44,131.01,143.82,153.69,163.11,147.95,144.19,128.56,768.75,250.37,117.63,130.57,107.96,404.29,40.27,Class_A
S486,S486_M01,1,118.52,125.4,138.82,137.01,149.6,147.13,143.02,128.09,768.63,268.3,122.73,123.31,103.61,424.11,38.93,Class_B
S112,S112_M01,1,113.66,123.17,142.06,154.36,172.39,160.22,155.42,127.54,783.88,272.27,122.95,142.33,113.2,443.0,39.24,Class_A
S152,S152_M05,5,113.66,128.69,142.59,146.7,145.2,143.81,129.86,121.39,771.74,270.16,119.78,129.56,109.29,415.37,35.68,Class_C
S335,S335_M01,1,100.9,125.9,139.75,156.06,170.11,156.31,146.47,140.07,784.1,266.76,116.45,130.78,101.91,423.46,42.13,Class_A
S041,S041_M04,4,106.985,133.96,145.88,162.72,159.24,152.36,145.16,135.33,805.7,240.51,113.68,131.76,105.27,405.48,47.7,Class_B
S441,S441_M02,2,105.42,116.94,133.62,140.84,142.93,144.25,145.51,133.42,801.36,258.42,131.25,130.38,97.11,435.01,42.81,Class_C
S025,S025_M01,1,117.92,130.87,142.98,141.69,160.38,153.22,154.51,140.76,811.12,279.69,117.79,128.25,117.65,430.24,33.32,Class_C
S057,S057_M04,4,109.09,131.82,146.38,153.67,165.49,164.27,143.46,139.32,789.77,268.27,122.88,128.77,117.25,422.34,38.88,Class_B
S116,S116_M01,1,100.65,117.05,131.58,137.14,144.52,145.46,140.64,124.38,766.55,267.97,121.37,131.34,110.51,404.39,40.96,Class_C
S264,S264_M02,2,114.99,132.85,149.66,153.85,157.74,156.46,136.67,123.95,774.46,252.84,118.92,135.35,108.67,420.17,45.11,Class_A
S308,S308_M04,4,115.36,132.91,149.72,163.58,159.99,149.25,144.7,133.35,805.13,276.79,118.68,120.08,102.55,441.52,38.77,Class_B
S056,S056_M01,1,107.07,131.19,144.36,152.86,159.49,158.32,150.98,140.65,797.79,253.96,136.05,140.22,105.02,420.87,40.94,Class_C
S199,S199_M01,1,93.04,119.38,127.94,139.17,155.04,155.15,141.23,118.89,787.92,252.91,117.785,140.51,115.26,403.7,39.18,Class_A
S173,S173_M02,2,114.19,118.9,140.24,143.93,153.32,149.35,139.69,123.98,772.74,271.84,102.76,124.51,102.46,421.65,38.88,Class_A
S073,S073_M01,1,105.68,113.43,131.88,147.6,160.3,150.82,150.05,136.8,783.87,251.82,125.06,127.67,116.18,418.53,39.85,Class_C
S292,S292_M05,5,108.0,123.3,133.06,143.89,155.42,139.28,136.06,118.98,780.24,270.11,115.85,135.34,112.91,433.95,35.62,Class_A
S157,S157_M03,3,108.82,128.09,137.52,149.28,161.36,156.67,143.73,136.7,789.58,256.31,112.53,134.29,98.32,414.13,42.17,Class_A
S335,S335_M05,5,94.23,126.93,141.54,152.6,161.77,152.35,146.35,138.61,775.52,273.91,120.72,125.54,103.18,412.36,40.05,Class_A
S126,S126_M05,5,113.33,123.26,142.91,158.32,162.37,155.0,149.15,137.72,774.43,279.05,122.93,128.59,118.29,419.79,45.59,Class_B
S312,S312_M05,5,125.79,126.9,142.87,148.53,158.92,152.69,143.6,126.16,772.48,256.88,119.39,126.85,120.98,423.74,35.73,Class_B
S163,S163_M03,3,105.81,117.58,140.39,151.13,159.86,154.61,138.64,128.68,768.15,263.59,108.32,117.95,106.41,425.94,41.56,Class_A
S058,S058_M02,2,107.1,112.26,132.48,144.09,152.98,140.23,136.42,126.23,769.43,250.78,130.41,137.83,113.19,411.02,37.24,Class_B
S174,S174_M05,5,120.97,136.84,152.11,154.51,154.82,147.9,150.89,146.15,787.99,258.14,122.79,127.84,100.64,423.99,46.49,Class_C
S495,S495_M04,4,108.87,127.39,138.14,151.85,152.55,157.11,147.33,135.34,792.68,246.38,127.32,132.48,100.08,415.7,40.58,Class_C
S085,S085_M04,4,108.94,132.17,157.85,162.42,170.57,170.61,153.75,138.33,799.32,270.28,103.08,124.34,105.53,406.25,34.57,Class_A
S402,S402_M01,1,108.21,129.47,141.82,150.03,149.42,148.25,136.83,124.69,803.07,257.37,116.64,138.98,104.57,423.42,44.09,Class_C
S255,S255_M03,3,101.73,117.8,129.59,137.52,159.78,150.4,137.24,116.77,763.36,246.54,118.65,125.37,104.52,426.65,43.07,Class_A
S456,S456_M02,2,106.95,120.67,139.05,152.14,157.56,153.23,147.16,126.55,764.37,270.66,105.79,128.11,104.45,403.56,39.92,Class_A
S172,S172_M03,3,104.4,121.96,142.72,158.3,162.25,152.0,144.3,138.84,761.73,256.08,119.02,134.26,112.56,414.76,42.72,Class_B
S014,S014_M01,1,119.76,137.42,154.79,161.04,168.61,166.5,157.44,142.36,778.59,268.68,120.28,129.47,114.93,414.56,42.11,Class_C
S333,S333_M03,3,117.57,139.23,154.66,159.76,169.79,162.09,154.98,135.07,801.91,265.54,125.79,139.27,117.13,437.58,37.0,Class_C
S302,S302_M01,1,105.0,126.16,148.52,159.27,167.07,155.69,147.86,134.4,796.77,265.73,114.21,140.32,117.58,418.43,39.2,Class_A
S343,S343_M01,1,122.23,147.1,148.58,144.16,155.56,157.63,155.97,144.32,781.94,259.16,130.98,145.22,118.87,427.76,40.88,Class_C
S223,S223_M04,4,109.02,130.21,134.94,138.24,153.62,143.65,145.58,133.82,790.89,260.13,120.31,125.56,105.46,425.46,42.59,Class_C
S047,S047_M01,1,116.84,131.17,152.23,165.71,165.2,150.38,145.67,133.12,799.36,264.27,120.73,118.26,106.08,411.57,36.96,Class_B
S319,S319_M02,2,98.47,128.68,145.04,160.77,169.46,160.24,152.27,143.91,756.29,272.27,120.26,131.83,115.91,420.37,38.47,Class_A
S146,S146_M05,5,102.65,120.44,142.61,146.47,163.83,151.79,147.05,131.4,768.68,258.39,127.81,131.4,106.42,415.0,34.8,Class_A
S241,S241_M01,1,112.58,123.4,134.61,139.94,153.71,141.43,148.46,132.31,778.87,253.74,130.53,134.3,115.15,433.55,41.0,Class_C
S331,S331_M02,2,115.87,134.2,146.58,152.7,160.36,156.42,150.95,139.01,778.52,258.92,125.31,132.22,106.11,436.02,42.96,Class_C
S267,S267_M05,5,82.98,106.8,128.24,148.64,155.29,141.0,126.99,117.64,776.13,263.07,111.13,126.41,106.33,414.61,37.61,Class_A
S155,S155_M03,3,100.89,120.75,142.64,150.83,162.84,159.78,155.91,137.84,793.96,270.63,114.25,136.96,107.75,409.98,41.28,Class_A
S442,S442_M05,5,103.88,122.42,138.4,149.98,154.14,157.09,146.67,134.13,777.63,272.53,113.72,125.9,109.64,400.94,41.22,Class_A
S218,S218_M03,3,110.33,126.94,152.38,155.7,162.35,157.98,149.84,127.2,780.83,262.56,115.85,130.42,109.15,448.13,38.63,Class_A
S075,S075_M05,5,112.26,126.99,145.93,150.87,163.31,154.43,135.86,130.86,782.11,245.34,110.89,118.72,99.85,420.24,37.06,Class_A
S258,S258_M04,4,108.83,126.79,143.91,152.1,163.12,155.71,150.47,130.7,782.01,242.26,116.4,126.45,96.59,418.95,34.56,Class_A
S349,S349_M05,5,106.8,125.51,142.7,147.45,151.48,156.53,148.51,135.46,784.65,262.63,128.99,118.58,100.53,413.69,41.68,Class_B
S346,S346_M04,4,112.37,122.35,128.8,132.47,147.0,147.99,150.71,133.82,785.03,248.74,126.21,135.38,112.42,428.7,40.69,Class_C
S060,S060_M03,3,104.13,119.56,138.47,149.0,163.37,157.8,148.28,134.45,761.78,260.21,117.04,135.45,109.98,427.22,45.88,Class_A
S120,S120_M04,4,109.95,120.05,135.13,147.09,146.56,137.94,139.59,138.71,774.76,253.62,121.14,124.52,109.52,401.97,44.67,Class_B
S299,S299_M01,1,122.15,137.07,151.18,155.51,161.91,152.69,151.0,140.3,777.1,257.92,132.16,138.13,112.83,406.92,40.05,Class_C
S020,S020_M05,5,115.4,133.72,149.95,159.35,159.08,153.86,145.1,130.28,796.69,238.41,137.54,141.53,124.93,410.39,45.29,Class_B
S169,S169_M02,2,106.32,121.16,142.36,152.24,159.3,159.4,138.47,132.31,757.63,252.7,110.7,120.82,97.41,404.86,38.5,Class_A
S480,S480_M02,2,113.16,125.66,142.23,141.66,159.59,153.52,142.55,129.63,802.61,241.5,133.03,138.83,119.96,423.78,43.71,Class_B
S262,S262_M05,5,107.2,130.66,140.28,150.93,152.39,158.19,146.34,131.57,784.85,274.46,113.49,114.93,95.93,404.98,42.19,Class_C
S106,S106_M05,5,114.87,125.61,143.94,153.54,155.38,154.83,150.86,135.57,794.79,247.22,124.51,127.29,108.83,400.0,36.99,Class_C
S251,S251_M02,2,101.56,109.4,123.22,136.64,149.94,146.37,134.9,129.71,774.67,257.63,129.77,140.56,125.74,428.68,39.69,Class_B
S325,S325_M05,5,125.71,132.44,147.77,154.04,156.95,154.94,149.95,140.28,792.58,265.88,131.14,136.75,108.88,419.33,35.3,Class_C
S245,S245_M04,4,120.87,135.99,157.19,158.33,162.98,150.99,135.86,124.3,778.91,266.92,113.8,121.86,107.64,425.81,41.25,Class_B
S128,S128_M02,2,104.27,130.69,146.64,156.19,164.19,156.99,143.91,126.73,769.43,236.04,109.34,123.53,92.15,428.61,38.15,Class_A
S441,S441_M04,4,111.23,122.04,129.98,138.35,140.35,142.12,146.48,131.1,803.92,248.96,126.06,131.8,100.79,419.47,42.84,Class_C
S038,S038_M01,1,103.79,122.34,136.93,143.72,151.41,149.7,141.54,134.21,789.26,257.45,125.56,130.38,108.9,410.74,42.53,Class_B
S281,S281_M05,5,115.33,134.97,152.86,158.52,164.23,166.71,156.76,136.08,791.96,256.86,124.8,139.23,113.71,430.46,35.06,Class_A
S194,S194_M05,5,123.83,132.01,150.5,160.87,158.97,157.64,151.27,133.98,776.47,264.65,129.6,121.22,97.64,416.65,43.61,Class_C
S278,S278_M03,3,106.87,121.32,130.52,151.17,166.12,155.7,146.78,134.68,775.6,251.12,125.24,135.34,112.67,416.66,36.61,Class_B
S189,S189_M03,3,113.81,128.64,139.14,159.91,156.63,157.26,149.89,130.34,789.46,282.81,113.57,116.37,97.14,437.22,27.63,Class_C
S483,S483_M05,5,115.5,133.49,148.24,163.37,170.6,160.11,148.93,145.85,800.0,268.62,118.66,132.61,109.1,415.59,42.82,Class_B
S103,S103_M02,2,98.84,115.39,146.67,158.66,165.08,159.97,142.84,129.33,786.77,253.06,109.58,123.83,101.35,420.47,39.67,Class_A
S397,S397_M05,5,121.75,132.11,157.5,168.25,165.41,154.56,149.93,141.53,780.5,256.69,122.51,126.24,112.04,427.23,40.48,Class_C
S399,S399_M02,2,112.75,132.81,147.34,147.25,147.52,143.48,142.14,126.45,789.77,267.89,119.28,121.95,106.27,408.97,38.16,Class_B
S283,S283_M01,1,102.4,124.27,137.88,149.66,157.9,159.66,140.53,124.77,772.13,254.48,113.93,129.75,102.63,426.16,36.46,Class_A
S418,S418_M05,5,109.74,127.01,139.68,145.66,161.4,158.06,156.36,148.66,766.69,259.69,132.89,131.68,107.8,421.73,39.5,Class_C
S122,S122_M03,3,104.02,125.4,143.17,149.22,168.4,156.74,151.09,139.26,790.54,257.83,119.59,126.44,120.95,420.67,37.27,Class_B
S446,S446_M02,2,115.62,131.71,149.68,157.93,170.05,161.64,154.79,139.31,785.04,256.83,131.53,146.83,112.6,430.65,42.27,Class_C
S373,S373_M03,3,111.06,125.23,145.29,151.31,155.61,144.61,138.62,123.22,794.35,264.29,132.5,145.24,131.57,402.66,41.55,Class_B
S031,S031_M02,2,113.72,128.42,143.43,148.52,155.15,156.81,149.57,134.56,811.66,274.63,123.0,137.37,120.65,439.8,39.54,Class_C
S315,S315_M04,4,106.96,129.42,145.25,149.84,159.98,158.07,150.39,127.6,773.59,255.83,131.01,127.01,107.85,415.75,45.11,Class_B
S175,S175_M05,5,107.26,121.36,145.94,149.13,153.51,139.91,142.39,122.11,794.29,261.9,108.98,118.79,100.32,411.13,39.38,Class_A
S225,S225_M04,4,111.65,126.88,141.98,156.81,160.91,157.16,150.84,141.67,779.6,248.28,116.53,126.02,114.02,427.32,40.22,Class_A
S396,S396_M05,5,120.51,140.12,147.6,161.18,166.81,160.71,154.41,144.1,772.53,266.14,125.89,135.04,114.22,438.21,43.12,Class_B
S457,S457_M03,3,107.02,128.52,144.08,158.1,166.22,160.89,149.53,134.92,777.2,243.91,121.07,128.8,105.1,437.28,39.42,Class_C
S005,S005_M04,4,111.53,124.59,136.13,156.2,165.06,160.32,141.87,119.75,774.1,245.17,114.79,127.27,110.62,421.18,33.82,Class_A
S032,S032_M04,4,101.24,120.74,138.33,141.61,147.75,146.27,136.32,127.59,775.18,254.17,118.2,122.78,99.3,410.07,39.04,Class_C
S067,S067_M02,2,109.2,122.88,133.11,147.13,156.0,152.11,138.47,136.41,791.1,263.13,110.91,119.8,102.75,426.13,43.84,Class_B
S286,S286_M03,3,96.7,109.65,129.24,132.69,148.73,145.03,145.31,139.03,774.115,271.61,108.05,119.1,104.0,390.79,40.73,Class_B
S479,S479_M05,5,111.98,129.31,142.78,154.49,162.67,156.03,144.27,136.75,782.67,261.59,122.83,123.06,102.07,421.83,36.46,Class_B
S348,S348_M01,1,109.75,117.97,137.77,152.1,155.23,142.8,139.42,125.59,760.24,269.43,120.32,132.5,100.54,394.63,40.26,Class_A
S401,S401_M01,1,111.76,122.42,133.06,142.09,153.74,154.19,138.96,129.82,769.09,253.2,118.62,131.66,115.05,419.56,41.35,Class_A
S492,S492_M03,3,110.49,122.75,133.22,148.01,157.03,149.72,142.76,132.79,778.81,263.5,118.15,126.54,108.41,416.42,42.86,Class_B
S129,S129_M03,3,108.45,125.38,140.42,145.95,155.82,148.42,141.77,132.69,774.41,278.45,119.34,127.47,103.88,414.32,35.61,Class_A
S253,S253_M01,1,116.04,127.21,146.16,156.51,165.04,161.28,143.42,132.91,764.49,260.79,117.26,127.25,114.26,416.32,41.28,Class_B
S063,S063_M02,2,128.6,138.02,156.26,157.01,159.26,150.01,144.38,138.99,794.96,257.43,127.46,125.68,107.12,430.87,44.66,Class_B
S071,S071_M02,2,102.42,121.79,131.91,155.88,170.79,154.85,149.86,133.15,773.87,255.5,118.57,128.11,110.89,412.55,44.48,Class_A
S110,S110_M04,4,122.58,129.57,147.27,149.39,156.21,146.07,137.48,133.65,782.1,274.07,129.45,133.94,117.27,430.49,36.54,Class_C
S283,S283_M02,2,100.11,123.53,132.71,150.82,161.24,162.36,147.18,128.0,776.85,266.7,112.83,129.3,103.78,414.12,38.83,Class_A
S393,S393_M05,5,110.05,125.18,132.56,148.52,159.46,158.34,141.81,134.915,784.48,275.22,124.34,142.37,112.84,439.69,40.79,Class_B
S062,S062_M02,2,119.93,136.78,138.66,151.83,165.54,152.26,150.24,139.24,809.57,254.35,127.47,136.3,113.79,431.8,38.04,Class_B
S058,S058_M03,3,108.31,119.26,142.6,140.63,150.32,139.25,131.56,125.24,777.83,265.19,126.51,138.63,110.41,423.99,40.49,Class_B
S139,S139_M05,5,107.89,132.85,141.82,150.62,157.78,154.72,146.0,138.0,794.06,254.84,129.5,141.38,110.49,429.86,41.66,Class_C
S323,S323_M04,4,101.68,121.64,138.93,150.48,166.93,149.84,136.33,126.4,767.06,258.33,110.39,126.21,100.24,408.27,35.8,Class_A
S127,S127_M01,1,102.34,116.2,129.78,136.95,153.08,152.95,151.58,133.79,766.53,245.39,119.3,129.66,105.35,410.3,42.26,Class_A
S367,S367_M02,2,120.17,130.93,143.34,153.28,163.87,160.61,159.45,141.89,784.46,275.51,125.47,128.86,112.86,434.21,42.89,Class_C
S208,S208_M03,3,107.54,123.75,143.75,152.75,152.67,149.73,145.16,130.04,796.67,255.84,123.8,129.95,111.01,420.37,39.27,Class_C
S282,S282_M01,1,99.13,117.03,124.0,144.67,161.26,160.54,145.06,140.57,765.44,247.07,120.38,129.91,102.52,423.03,34.07,Class_A
S203,S203_M02,2,123.52,132.31,145.07,153.82,163.53,155.16,163.6,139.86,767.38,261.11,116.25,124.18,106.92,418.92,36.66,Class_B
S359,S359_M01,1,110.83,130.02,144.85,161.31,159.49,157.08,151.61,136.58,753.91,268.17,120.03,124.06,107.14,423.72,44.42,Class_B
S322,S322_M02,2,116.38,132.47,148.86,162.57,174.45,149.54,154.44,143.58,783.32,276.93,138.18,140.1,117.56,428.4,35.82,Class_B
S307,S307_M01,1,123.79,134.83,147.89,154.3,154.59,146.92,142.27,128.62,768.96,255.62,121.48,125.97,109.1,434.05,44.46,Class_B
S421,S421_M05,5,123.92,139.12,156.11,157.7,164.99,153.18,143.73,137.9,796.51,257.65,125.24,140.2,113.815,419.99,37.13,Class_B
S376,S376_M05,5,105.88,132.91,147.59,155.32,162.32,156.03,141.29,128.76,774.75,247.93,102.77,121.32,96.93,428.62,41.57,Class_A
S265,S265_M02,2,116.54,123.93,132.39,146.77,148.02,151.96,145.2,134.33,794.36,253.52,126.44,125.85,101.07,424.53,38.82,Class_C
S311,S311_M03,3,113.79,130.35,145.53,154.59,157.99,152.44,143.02,137.93,771.81,255.72,124.33,120.58,102.96,424.65,41.41,Class_B
S003,S003_M04,4,107.77,118.58,141.53,159.58,160.68,150.45,147.31,140.22,779.31,258.66,124.62,131.41,98.15,405.13,35.18,Class_C
S222,S222_M01,1,110.44,127.61,147.36,153.59,158.1,160.19,150.99,131.74,791.57,243.6,130.69,132.04,115.53,410.8,39.95,Class_B
S285,S285_M04,4,104.83,131.28,144.91,146.39,151.63,147.72,138.2,125.81,789.18,261.24,126.07,134.56,122.49,434.0,41.35,Class_B
S103,S103_M05,5,104.83,119.44,147.02,156.41,163.91,160.75,146.69,136.83,786.68,262.98,107.83,126.27,103.2,428.87,39.56,Class_A
S082,S082_M05,5,93.64,114.67,126.82,141.71,146.92,140.37,132.92,112.07,779.26,266.15,121.83,126.24,112.72,414.16,38.43,Class_B
S176,S176_M05,5,114.67,128.06,141.02,149.45,167.64,166.7,156.71,139.05,779.83,244.09,121.43,137.25,111.87,425.68,41.24,Class_A
S063,S063_M04,4,122.5,137.29,149.81,149.19,150.2,155.48,148.65,139.87,798.82,248.87,132.97,133.64,109.21,435.79,45.29,Class_B
S378,S378_M05,5,102.87,118.97,139.15,148.07,145.83,147.38,141.0,126.49,787.5,244.08,119.8,115.49,107.11,406.41,42.25,Class_B
S212,S212_M02,2,112.87,132.61,142.88,157.54,159.6,155.38,149.09,134.36,786.69,270.32,129.1,130.14,116.82,421.77,38.74,Class_B
S256,S256_M04,4,121.98,129.47,149.59,155.47,168.92,161.65,148.74,134.37,816.41,267.6,133.39,128.66,109.23,428.2,42.72,Class_C
S181,S181_M04,4,113.98,120.34,134.93,147.66,155.04,146.44,143.5,136.14,794.01,258.96,119.78,119.24,93.45,429.91,42.19,Class_C
S379,S379_M04,4,111.32,120.23,136.78,149.37,159.16,150.23,142.09,133.72,761.08,256.89,126.995,131.92,110.86,428.69,39.55,Class_B
S077,S077_M03,3,96.77,116.59,136.76,156.13,166.75,155.55,151.33,130.72,760.55,256.29,119.67,126.23,97.77,414.24,38.15,Class_A
S223,S223_M01,1,102.71,127.29,128.05,130.1,145.81,143.75,137.46,126.78,777.73,263.49,128.43,128.22,103.3,428.53,38.39,Class_C
S329,S329_M01,1,113.6,126.45,146.35,149.76,155.65,143.17,137.97,124.34,774.89,243.09,125.36,136.45,110.85,429.28,38.43,Class_B
S445,S445_M01,1,99.36,117.52,133.48,142.35,154.76,141.44,147.19,131.45,772.97,277.11,118.75,126.76,104.97,427.61,40.9,Class_A
S174,S174_M03,3,114.74,135.07,151.5,153.71,158.1,154.39,151.55,142.73,777.82,254.71,112.94,124.23,100.48,399.1,44.6,Class_C
S407,S407_M01,1,106.59,130.11,148.14,166.45,168.45,158.22,155.37,128.95,788.24,258.02,110.21,125.68,112.87,435.01,37.39,Class_A
S212,S212_M03,3,117.46,135.08,148.25,152.47,158.25,151.82,144.44,131.39,781.36,270.17,132.02,136.45,114.38,420.37,42.98,Class_B
S053,S053_M04,4,117.92,132.37,145.7,155.95,162.93,154.83,152.83,141.52,786.01,277.73,135.41,138.27,117.84,426.98,41.405,Class_C
S293,S293_M04,4,116.85,120.45,134.46,144.56,142.14,144.05,137.33,131.7,776.79,254.52,130.15,130.53,108.56,436.98,41.93,Class_C
S434,S434_M02,2,98.1,114.4,134.3,140.97,140.01,138.76,136.04,133.24,787.13,249.42,120.8,129.12,103.25,411.52,41.02,Class_C
S162,S162_M03,3,112.44,124.85,136.85,135.41,153.36,145.97,152.67,141.07,792.25,275.01,120.82,122.88,102.94,414.7,43.3,Class_C
S084,S084_M01,1,101.66,126.06,133.47,142.4,152.52,147.22,147.64,127.76,790.55,250.38,115.1,123.26,103.55,408.93,45.24,Class_A
S448,S448_M05,5,102.85,123.12,138.09,153.33,159.1,149.66,148.93,142.11,786.46,271.31,121.02,130.48,107.76,430.82,41.01,Class_B
S072,S072_M04,4,107.93,119.51,143.88,148.44,154.28,140.55,133.98,132.24,751.53,253.04,116.37,129.77,113.52,422.04,39.55,Class_B
S452,S452_M03,3,107.96,123.44,142.76,151.45,167.59,162.27,144.6,133.54,792.19,258.2,110.88,117.82,101.1,412.3,44.99,Class_C
S002,S002_M04,4,103.95,122.7,136.3,142.31,153.53,140.97,126.98,116.46,767.08,251.73,105.7,123.62,105.04,406.45,38.0,Class_B
S303,S303_M01,1,107.57,121.34,135.79,148.21,150.51,138.25,141.44,128.73,784.25,247.07,123.15,129.77,97.3,412.33,37.83,Class_B
S064,S064_M02,2,115.72,120.48,129.84,139.82,150.93,139.01,137.49,121.2,793.99,254.0,127.6,138.33,105.29,434.77,38.45,Class_C
S061,S061_M05,5,114.67,131.37,136.62,145.73,155.38,148.64,147.625,127.49,785.14,248.47,128.23,130.21,111.33,409.13,38.46,Class_C
S086,S086_M03,3,107.33,122.52,143.13,167.5,178.19,169.94,155.19,137.09,776.93,264.74,121.27,132.58,104.89,411.2,37.86,Class_A
S022,S022_M01,1,112.29,127.63,139.11,148.35,148.03,152.83,144.49,135.77,780.32,243.88,126.83,134.34,113.99,417.15,40.29,Class_B
S302,S302_M04,4,104.595,122.57,148.92,163.19,170.54,158.76,149.97,139.23,780.49,264.79,112.07,142.22,124.08,395.91,38.57,Class_A
S025,S025_M02,2,114.17,132.29,148.89,151.75,161.54,154.88,154.8,139.43,814.89,267.0,118.1,125.52,112.99,445.86,37.72,Class_C
S168,S168_M04,4,119.43,121.64,141.34,146.07,153.96,150.16,143.71,136.52,786.09,265.5,115.28,125.54,101.24,406.22,41.43,Class_C
S422,S422_M02,2,97.75,120.0,137.15,150.36,161.67,160.07,148.1,137.09,761.43,246.83,131.11,141.94,115.18,415.18,38.66,Class_A
S161,S161_M01,1,96.21,128.97,144.77,153.25,164.13,162.9,150.46,123.4,783.26,248.04,128.0,134.88,98.71,425.68,39.37,Class_A
S427,S427_M05,5,99.84,117.15,126.67,145.23,158.88,146.44,137.8,117.85,794.16,261.66,120.16,135.8,108.72,405.59,42.11,Class_A
S359,S359_M04,4,112.02,128.65,141.62,158.22,160.89,147.99,145.77,135.66,757.48,261.47,118.1,125.67,106.58,429.24,46.58,Class_B
S250,S250_M03,3,114.18,125.95,146.25,155.57,159.27,148.18,147.98,141.63,778.69,268.0,121.63,122.43,110.67,409.73,45.18,Class_B
S024,S024_M01,1,112.7,136.93,150.66,160.23,161.46,165.34,155.88,143.03,795.89,268.1,132.02,139.46,108.1,407.32,43.64,Class_C
S385,S385_M03,3,101.5,120.16,134.99,149.34,157.46,149.16,141.44,134.6,784.69,257.13,131.81,143.85,110.7,419.01,40.75,Class_B
S149,S149_M05,5,111.56,125.45,145.88,144.58,161.86,158.16500000000002,142.68,131.21,774.34,257.51,127.36,142.45,125.94,427.61,45.22,Class_B
S494,S494_M01,1,116.91,135.25,149.71,153.24,157.81,157.55,141.63,130.91,787.77,251.17,117.54,130.78,105.94,399.42,40.14,Class_A
S469,S469_M01,1,93.13,118.19,140.85,151.79,153.57,145.6,138.47,129.2,761.28,266.09,107.51,122.7,111.13,412.54,39.54,Class_A
S228,S228_M03,3,116.3,126.96,148.59,153.4,158.81,142.47,140.55,138.41,797.89,259.69,131.37,134.82,109.2,420.31,36.17,Class_B
S253,S253_M04,4,115.62,125.66,142.43,153.93,162.53,159.35,141.7,130.0,788.25,264.86,117.53,128.69,115.8,405.87,36.23,Class_B
S135,S135_M03,3,105.07,118.53,137.2,150.78,159.99,150.85,146.18,129.41,779.93,253.93,126.72,123.5,109.68,434.71,41.49,Class_B
S463,S463_M04,4,110.69,125.84,138.43,136.93,149.16,146.32,150.87,141.49,774.57,240.9,127.14,128.65,99.65,414.71,40.29,Class_C
S285,S285_M02,2,98.03,123.24,138.82,144.39,154.18,145.68,141.44,126.93,784.52,250.28,124.41,136.33,123.48,445.44,39.03,Class_B
S332,S332_M03,3,89.65,103.28,130.02,141.09,141.33,145.32,141.67,119.62,791.84,255.49,114.54,130.04,110.17,424.68,42.15,Class_A
S062,S062_M05,5,110.91,126.19,131.13,148.64,164.63,149.8,142.26,135.38,778.5,263.52,124.86,132.7,112.66,413.1,40.75,Class_B
S119,S119_M02,2,99.91,122.85,138.99,140.98,152.41,148.77,141.58,129.56,768.03,258.93,120.37,120.45,112.95,421.13,41.75,Class_B
S093,S093_M03,3,107.24,135.61,148.1,161.28,165.19,156.59,152.43,133.28,758.32,253.5,119.01,129.0,105.6,414.62,41.74,Class_B
S297,S297_M04,4,116.88,134.33,139.55,145.68,154.31,154.69,142.38,127.76,786.93,275.16,122.03,126.2,98.66,415.29,42.36,Class_C
S194,S194_M01,1,122.71,132.19,153.9,161.06,159.34,147.85,145.39,131.07,777.76,275.44,127.79,127.37,105.11,429.72,41.63,Class_C
S449,S449_M04,4,108.77,121.93,138.69,157.76,169.14,157.54,142.84,131.83,771.44,274.01,119.46,141.52,104.59,405.69,40.88,Class_A
S186,S186_M03,3,124.31,131.25,141.96,150.77,158.42,154.88,144.89,135.41,818.57,259.2,132.56,132.55,113.45,409.2,41.31,Class_C
S111,S111_M03,3,106.11,127.7,138.1,148.21,149.0,149.45,146.21,137.38,770.7,249.02,125.87,139.55,118.88,424.96,41.39,Class_B
S018,S018_M03,3,97.28,122.24,139.82,150.12,163.78,162.01,149.94,134.66,756.66,262.18,125.29,131.18,108.07,431.54,41.88,Class_A
S139,S139_M01,1,106.99,123.03,132.04,147.77,155.23,151.45,139.07,134.82,781.74,259.26,127.12,135.5,108.14,436.84,37.08,Class_C
S342,S342_M05,5,117.78,121.1,135.58,147.97,153.89,147.37,141.0,119.08,761.09,256.74,121.41,125.92,96.16,434.11,41.94,Class_C
S283,S283_M04,4,106.38,130.17,137.81,152.67,157.35,158.4,141.01,131.17,782.22,263.92,115.79,128.85,102.69,428.47,39.58,Class_A
S484,S484_M05,5,101.94,125.02,140.88,149.76,161.51,155.9,147.68,128.26,753.46,268.51,124.69,131.31,113.24,417.26,39.38,Class_A
S327,S327_M03,3,115.54,129.51,141.38,154.13,158.11,152.66,145.51,135.28,817.08,264.16,120.76,136.74,108.84,406.54,39.07,Class_C
S252,S252_M01,1,103.59,112.05,132.92,145.84,151.25,157.32,153.56,139.24,771.7,258.59,137.61,142.06,126.66,411.41,42.49,Class_C
S414,S414_M05,5,114.76,128.21,145.5,152.21,159.29,154.19,145.46,138.04,756.29,258.09,113.03,127.67,112.63,411.24,47.96,Class_C
S061,S061_M01,1,113.6,127.13,133.44,148.13,153.13,145.81,149.45,128.91,795.03,254.08,132.39,134.21,110.59,415.86,39.21,Class_C
S262,S262_M03,3,104.12,125.73,141.94,155.78,158.52,154.96,146.32,128.31,788.36,270.97,112.65,113.63,104.66,405.98,38.73,Class_C
S109,S109_M04,4,92.89,118.29,136.6,147.27,148.06,141.93,131.15,120.68,776.64,258.45,108.68,120.51,102.35,413.55,42.75,Class_A
S356,S356_M04,4,107.13,116.73,147.19,161.24,163.92,158.55,151.01,138.48,792.65,262.32,123.97,137.12,115.18,435.69,41.9,Class_B
S445,S445_M04,4,95.14,113.54,124.38,139.72,154.61,145.29,145.82,132.31,758.57,266.585,120.52,127.05,104.44,410.55,38.66,Class_A
S099,S099_M05,5,97.32,102.86,129.38,143.92,154.53,156.1,140.13,117.71,778.78,249.71,120.75,128.09,113.01,418.16,40.18,Class_A
S074,S074_M01,1,109.43,131.62,147.47,155.7,167.61,161.18,152.4,133.27,766.7,255.72,114.85,123.7,109.61,422.82,40.74,Class_A
S454,S454_M01,1,108.63,126.09,134.23,147.19,162.1,162.26,151.23,133.36,783.2,261.92,117.34,137.12,106.15,404.34,42.4,Class_A
S314,S314_M02,2,109.26,126.13,140.1,139.81,149.9,130.48,134.51,122.55,773.99,268.38,126.26,127.94,111.73,417.89,39.23,Class_B
S055,S055_M04,4,123.26,144.96,158.31,168.18,175.99,164.68,157.2,135.87,785.37,260.19,134.15,139.73,109.79,429.68,48.48,Class_C
S158,S158_M04,4,111.52,131.85,150.16,150.41,155.6,147.23,140.07,131.03,779.33,259.11,120.23,128.34,114.04,435.7,43.57,Class_B
S015,S015_M02,2,110.09,115.01,138.12,147.05,158.82,161.76,153.48,140.56,766.86,261.06,121.75,134.18,109.83,406.29,37.46,Class_B
S471,S471_M05,5,125.36,143.6,154.38,158.01,156.46,148.73,138.19,121.28,780.24,265.32,112.33,121.96,111.41,429.74,40.35,Class_B
S367,S367_M01,1,115.83,127.06,141.26,154.51,161.39,159.15,155.07,139.6,793.79,256.55,135.99,134.38,111.14,445.95,39.98,Class_C
S013,S013_M04,4,118.7,120.28,138.93,156.51,162.19,159.67,154.13,141.85,771.11,284.99,115.39,128.56,105.17,427.77,41.48,Class_B
S079,S079_M05,5,113.56,126.54,146.73,156.39,159.2,152.82,137.41,129.72,797.91,243.49,109.28,120.79,106.95,422.96,38.93,Class_B
S380,S380_M04,4,106.88,118.92,129.79,146.36,149.8,155.56,151.46,146.95,781.64,258.16,124.12,135.43,105.86,416.85,38.68,Class_C
S069,S069_M04,4,100.79,114.33,137.49,145.98,154.88,148.03,135.4,121.63,768.76,255.3,109.34,129.75,103.28,398.73,34.12,Class_A
S412,S412_M04,4,106.65,126.82,141.31,149.07,145.74,147.14,146.6,133.04,782.65,267.38,126.23,129.05,106.8,427.57,37.49,Class_B
S388,S388_M01,1,113.39,122.57,137.32,147.12,164.13,150.56,152.56,137.42,790.91,270.88,122.8,132.89,114.34,424.82,37.52,Class_C
S101,S101_M01,1,106.03,125.94,142.53,147.61,153.04,147.41,139.44,131.95,790.25,261.76,117.1,120.88,104.7,423.53,44.01,Class_C
S339,S339_M01,1,101.57,127.26,145.66,152.42,162.37,156.67,157.06,144.57,783.81,268.52,116.79,119.61,110.92,432.02,40.38,Class_A
S136,S136_M03,3,97.06,126.51,143.19,158.77,168.86,170.77,169.31,137.32,784.89,257.78999999999996,103.89,119.95,100.49,409.86,38.88,Class_A
S209,S209_M02,2,111.18,120.2,139.02,142.37,154.65,162.48,145.35,132.93,761.75,263.63,115.65,124.35,109.88,399.0,40.78,Class_A
S382,S382_M01,1,108.8,125.95,136.73,146.11,148.93,156.61,157.23,145.86,778.19,247.91,135.65,144.61,115.46,414.88,38.19,Class_C
S309,S309_M05,5,112.505,133.09,155.66,161.16,173.58,164.51,151.02,131.79,791.65,266.87,107.8,125.4,117.19,429.5,35.46,Class_A
S055,S055_M03,3,113.05,140.33,159.84,162.91,172.39,164.68,155.77,132.13,779.53,277.69,132.94,141.13,107.66,423.3,44.01,Class_C
S190,S190_M05,5,113.21,122.4,135.43,152.24,155.43,149.25,142.37,125.03,780.385,260.61,111.1,133.19,114.17,427.84,43.81,Class_A
S042,S042_M01,1,110.83,133.58,147.73,154.67,159.92,155.08,155.49,140.33,792.75,269.61,126.01,129.41,112.91,422.07,46.61,Class_C
S147,S147_M04,4,109.38,133.18,145.73,153.73,154.41,143.66,142.07,135.83,764.98,273.45,127.64,130.13,115.4,416.69,40.24,Class_B
S031,S031_M03,3,111.62,120.6,141.87,145.1,148.13,153.93,147.94,129.09,818.06,263.2,122.65,134.74,120.65,433.26,42.24,Class_C
S172,S172_M05,5,109.08,125.61,144.95,158.12,168.23,162.78,141.76,135.09,756.77,252.63,127.165,132.18,120.0,435.59,41.41,Class_B
S112,S112_M03,3,109.37,123.19,136.85,150.5,168.65,166.36,157.26,135.98,775.15,270.45,123.21,138.2,112.01,423.88,43.5,Class_A
S076,S076_M03,3,114.02,125.4,130.62,142.82,152.56,144.92,130.27,120.25,770.29,243.68,110.81,115.81,100.04,419.27,37.17,Class_A
S385,S385_M02,2,109.12,118.7,136.35,147.49,152.94,149.6,135.42,130.48,770.51,264.79,128.79,140.54,113.98,397.2,42.77,Class_B
S108,S108_M01,1,110.95,127.46,147.75,158.35,174.77,155.94,137.9,118.25,763.05,259.97,116.66,129.51,108.42,410.63,40.84,Class_A
S200,S200_M04,4,102.01,120.38,138.88,148.86,165.55,155.46,137.97,122.42,780.77,260.58,117.87,134.01,105.92,392.11,36.68,Class_A
S206,S206_M01,1,119.25,124.525,140.69,156.97,166.66,166.28,151.09,137.71,759.92,263.81,122.06,135.37,114.98,428.33,35.16,Class_A
S421,S421_M01,1,113.8,136.47,156.21,160.17,162.86,153.48,136.84,140.12,797.42,262.88,125.83,135.35,113.95,425.55,35.41,Class_B
S040,S040_M04,4,100.21,119.3,128.38,138.32,145.24,147.45,144.46,127.9,794.99,255.7,128.61,131.65,110.1,408.37,37.05,Class_C
S113,S113_M02,2,95.08,111.47,132.98,143.69,155.28,149.4,134.24,122.82,774.3,253.01,128.11,139.73,110.36,407.35,38.8,Class_A
S138,S138_M01,1,106.85,125.32,146.43,146.83,158.35,154.51,143.76,132.13,757.47,271.54,123.78,113.24,99.89,405.22,38.54,Class_B
S246,S246_M04,4,120.81,128.36,137.69,143.27,158.9,162.07,148.82,140.52,780.03,266.92,113.34,120.08,89.5,409.21,40.97,Class_C
S119,S119_M01,1,102.33,125.8,139.23,150.32,155.77,155.56,146.23,130.55,768.58,257.75,119.22,127.69,116.0,418.99,41.36,Class_B
S104,S104_M05,5,115.06,133.98,149.13,158.35,159.36,149.42,143.05,130.17,772.72,259.63,119.9,117.99,98.12,437.8,41.5,Class_C
S062,S062_M04,4,114.03,122.75,128.74,150.95,167.36,153.14,146.95,138.68,793.19,271.77,121.44,131.34,117.45,421.63,38.8,Class_B
S121,S121_M05,5,122.3,129.17,133.41,143.92,157.86,144.84,141.18,137.4,776.47,265.07,121.04,129.73,114.93,438.99,47.12,Class_B
S433,S433_M02,2,117.4,133.7,142.96,153.64,160.65,159.15,162.64,151.34,773.05,247.55,119.29,133.1,106.44,425.77,42.7,Class_C
S312,S312_M02,2,119.4,127.56,137.91,151.56,158.21,152.47,141.83,130.53,767.34,284.56,121.77,131.99,114.98,419.57,41.36,Class_B
S012,S012_M05,5,114.94,124.01,141.12,150.34,155.22,160.49,149.38,140.03,771.49,267.45,127.24,125.42,106.33,429.15,39.24,Class_C
S117,S117_M04,4,111.24,124.83,141.69,155.41,167.91,161.29,149.41,141.36,770.5,266.02,126.64,124.23,105.16,414.52,44.46,Class_C
S454,S454_M02,2,110.27,122.76,136.34,148.4,166.91,161.57,151.68,132.9,782.45,269.88,116.4,134.98,103.43,413.44,42.01,Class_A
S042,S042_M03,3,107.75,128.65,147.24,155.28,160.865,156.86,151.34,140.15,782.08,264.61,124.44,130.6,109.11,410.05,40.02,Class_C
S408,S408_M02,2,112.99,125.75,141.5,156.15,153.81,150.25,138.13,125.59,762.85,255.31,117.38,121.32,109.77,414.71,44.17,Class_C
S178,S178_M05,5,123.64,131.41,145.84,148.55,156.11,150.51,149.31,138.59,781.43,274.16,125.48,132.46,105.76,410.54,42.73,Class_C
S158,S158_M01,1,113.02,127.88,145.82,149.32,149.03,142.9,141.79,133.06,771.95,242.1,121.68,125.33,109.61,437.69,43.4,Class_B
S186,S186_M05,5,112.1,125.56,135.33,149.7,161.16,156.03,148.29,136.64,800.58,260.14,129.05,130.86,118.48,422.65,43.65,Class_C
S487,S487_M05,5,112.15,122.93,141.51,151.8,158.53,154.16,148.49,136.73,774.18,250.14,116.22,132.67,108.92,420.64,46.04,Class_B
S159,S159_M03,3,111.57,129.75,149.03,150.22,148.29,140.26,137.49,127.45,795.66,264.35,118.54,120.54,91.18,408.97,40.81,Class_C
S167,S167_M02,2,102.18,118.77,130.0,137.75,154.96,141.72,143.49,128.44,791.27,268.88,121.05,124.75,100.04,417.3,38.15,Class_C
S033,S033_M03,3,129.96,141.38,168.4,164.95,185.75,161.87,158.91,138.84,809.7,265.59,105.89,124.84,108.15,404.74,37.29,Class_A
S265,S265_M03,3,120.63,125.4,136.53,148.48,156.5,160.12,152.43,136.96,794.6,263.53,120.96,128.9,105.54,425.27,43.03,Class_C
S106,S106_M02,2,115.83,129.31,148.54,151.37,153.1,155.78,147.43,134.35,784.54,238.57,130.8,132.62,103.6,406.36,37.33,Class_C
S181,S181_M01,1,114.84,129.57,138.05,147.33,158.31,151.22,137.99,136.01,809.68,264.0,137.51,137.26,105.12,427.1,41.98,Class_C
S052,S052_M02,2,96.78,120.89,137.19,142.35,158.76,165.26,149.5,137.21,773.06,267.84,114.44,132.45,109.13,423.97,43.57,Class_A
S102,S102_M02,2,116.51,124.17,142.01,140.29,150.79,150.48,143.21,129.34,772.59,261.5,113.73,125.49,99.5,415.77,38.64,Class_C
S396,S396_M01,1,123.13,139.18,142.06,159.23,168.68,159.55,152.97,141.15,768.24,267.84,128.91,134.28,110.38,437.39,41.07,Class_B
S426,S426_M03,3,122.62,132.72,142.57,155.14,150.65,144.72,143.15,131.25,799.3,272.39,123.75,130.3,117.14,414.94,40.6,Class_C
S487,S487_M02,2,110.05,127.08,140.23,150.63,159.89,157.91,149.79,131.83,792.8,254.61,112.8,129.31,103.6,430.56,45.1,Class_B
S435,S435_M02,2,89.26,106.99,129.98,142.64,159.23,150.0,144.74,129.48,781.44,264.33,116.01,129.59,104.3,434.46,37.9,Class_A
S319,S319_M03,3,95.57,125.83,149.49,158.5,170.02,157.55,152.17,145.34,775.13,256.91,127.65,135.01,112.61,423.26,38.12,Class_A
S382,S382_M03,3,116.42,135.78,146.89,152.51,157.4,160.07,159.57,141.74,787.01,257.69,127.84,143.6,118.41,413.0,39.78,Class_C
S433,S433_M04,4,118.89,126.61,147.88,154.4,164.01,159.97,159.11,147.7,779.23,248.64,122.9,138.97,111.53,418.2,38.72,Class_C
S005,S005_M01,1,112.1,127.74,144.41,151.26,156.34,151.16,143.54,117.15,767.56,261.13,119.68,128.02,110.02,431.87,37.75,Class_A
S285,S285_M01,1,129.03,153.43,163.53,173.21,195.19,176.74,163.54,159.01,781.54,250.77,122.88,138.78,123.29,420.4,37.9,Class_B
S088,S088_M05,5,107.48,127.53,148.02,154.76,166.56,157.54,144.82,131.03,777.43,259.2,130.15,131.47,112.0,424.76,38.61,Class_B
S261,S261_M03,3,109.3,127.7,141.29,153.06,161.39,158.79,147.03,130.42,759.18,249.73,133.14,142.04,114.38,431.11,34.77,Class_A
S077,S077_M02,2,101.07,118.65,134.2,147.53,159.15,154.43,149.12,132.53,762.93,248.63,114.94,127.39,98.77,407.46,40.19,Class_A
S273,S273_M05,5,104.515,125.63,137.57,151.57,164.97,156.4,148.47,130.85,804.84,257.39,117.49,127.02,110.91,429.42,37.05,Class_A
S467,S467_M01,1,100.85,137.98,152.33,157.89,162.79,152.62,144.95,144.5,770.48,265.33,119.96,127.06,116.19,428.4,36.36,Class_B
S108,S108_M04,4,108.5,123.94,141.38,152.95,167.72,150.44,134.26,114.27,765.87,254.87,115.35,128.36,108.33,406.59,39.37,Class_A
S313,S313_M02,2,108.32,119.78,138.71,147.26,165.95,141.78,131.68,114.81,767.18,250.83,116.93,130.06,104.63,393.79,39.94,Class_A
S185,S185_M04,4,105.25,117.18,132.02,143.73,156.24,154.81,153.2,139.58,763.16,257.04,116.29,121.33,106.52,408.25,43.08,Class_C
S017,S017_M04,4,116.84,133.38,146.4,148.2,152.67,156.48,155.67,139.23,783.39,268.55,131.73,137.12,110.71,432.11,40.87,Class_B
S184,S184_M02,2,102.91,115.24,134.14,158.0,172.4,161.96,148.86,133.81,770.33,245.59,117.16,129.84,98.22,392.53,42.7,Class_A
S334,S334_M01,1,123.81,136.75,155.31,155.98,158.15,158.87,149.95,137.4,771.91,255.56,134.3,137.9,110.98,412.01,40.63,Class_C
S402,S402_M03,3,101.64,123.76,140.22,146.66,153.04,144.05,144.66,131.11,787.53,241.27,125.87,143.1,104.79,416.84,43.05,Class_C
S177,S177_M04,4,100.72,122.2,140.52,146.67,161.8,158.74,150.05,135.15,790.45,254.99,117.82,123.63,108.7,426.74,42.37,Class_B
S249,S249_M02,2,113.65,124.58,132.66,143.53,155.64,146.42,137.52,125.28,792.88,255.95,129.07,123.96,106.73,422.36,40.14,Class_B
S298,S298_M02,2,101.58,122.24,137.45,144.3,146.69,136.27,144.36,138.41,790.8,258.59,114.94,120.44,104.96,433.81,36.56,Class_C
S354,S354_M03,3,117.81,132.63,145.53,157.43,166.9,158.26,145.11,131.43,796.33,258.82,122.59,125.82,103.53,428.32,36.28,Class_B
S178,S178_M02,2,127.59,134.8,148.41,147.21,153.44,151.54,147.1,137.08,772.65,269.14,126.48,130.45,110.65,425.97,40.7,Class_C
S055,S055_M01,1,117.01,138.76,156.78,170.35,173.31,161.62,151.81,135.27,768.0,263.33,132.62,139.32,110.45,417.89,48.27,Class_C
S372,S372_M01,1,100.43,129.84,147.59,150.71,158.1,143.11,138.39,124.64,738.96,266.27,119.03,138.52,113.91,399.56,35.96,Class_A
S359,S359_M03,3,109.34,128.27,143.76,161.52,160.36,155.64,147.05,134.26,761.08,262.61,120.03,121.02,97.36,421.72,45.48,Class_B
S414,S414_M03,3,117.34,129.17,140.91,154.64,161.43,164.7,148.73,140.03,757.69,260.73,116.06,130.42,114.45,429.22,43.82,Class_C
S455,S455_M01,1,119.12,129.37,148.09,151.19,164.42,155.16,147.51,124.07,799.83,264.43,113.66,122.79,101.5,431.1,34.58,Class_A
S324,S324_M01,1,87.64,106.69,117.56,123.73,122.24,133.58,124.28,133.8,766.71,258.35,124.62,136.81,123.14,415.99,41.06,Class_B
S188,S188_M03,3,96.05,103.0,127.85,140.37,148.44,149.58,147.19,136.93,761.38,264.16,119.35,138.91,125.56,434.98,45.02,Class_A
S477,S477_M02,2,104.37,119.62,141.16,160.4,157.08,143.31,133.72,125.31,782.49,265.76,124.14,125.31,108.64,414.11,44.2,Class_B
S086,S086_M05,5,110.97,122.3,147.24,168.06,173.59,162.03,153.29,136.95,770.43,261.41,124.71,130.13,104.3,426.41,35.98,Class_A
S399,S399_M04,4,120.4,135.17,149.57,151.6,153.2,148.49,138.38,131.4,775.7,265.55,119.19,121.28,105.51,408.17,37.41,Class_B
S454,S454_M05,5,110.68,124.7,134.24,152.34,166.33,165.53,147.41,128.68,778.3,257.53,114.42,135.11,108.5,424.39,39.3,Class_A
S443,S443_M02,2,114.22,129.19,141.69,147.46,148.08,144.47,141.65,130.94,765.25,267.25,122.0,130.68,115.78,411.24,39.23,Class_C
S092,S092_M04,4,114.42,127.7,139.69,150.85,159.21,149.57,137.95999999999998,132.74,782.37,237.53,118.03,129.71,102.39,410.17,37.49,Class_C
S016,S016_M04,4,101.27,120.08,147.24,157.29,164.1,151.72,147.39,132.29,762.93,270.4,132.28,144.23,116.29,429.1,31.96,Class_A
S488,S488_M02,2,124.97,134.0,147.81,162.38,166.25,152.76,142.66500000000002,124.37,767.01,249.1,119.77,127.84,111.21,419.73,37.14,Class_A
S426,S426_M02,2,120.85,134.67,143.0,155.93,159.77,147.33,146.95,131.37,794.05,264.05,123.05,130.09,113.56,413.21,39.04,Class_C
S007,S007_M03,3,120.75,138.09,148.51,158.26,166.96,166.45,149.08,129.84,802.11,271.76,123.19,119.68,99.05,439.3,42.83,Class_C
S182,S182_M02,2,115.09,127.66,132.58,153.52,153.58,147.32,139.74,133.12,770.49,267.14,111.85,117.43,103.13,428.44,46.21,Class_C
S222,S222_M02,2,114.71,127.59,146.04,154.0,156.14,161.18,151.45,135.11,793.29,266.2,128.99,143.22,116.03,413.06,38.9,Class_B
S451,S451_M01,1,111.18,121.37,145.0,158.14,158.49,159.48,150.68,134.5,787.32,251.61,112.25,127.17,112.1,408.95,37.9,Class_A
S077,S077_M01,1,106.69,123.18,139.0,161.27,167.07,156.61,149.86,135.79,753.15,260.17,122.01,132.56,100.8,423.46,35.62,Class_A
S046,S046_M02,2,117.09,132.0,142.51,158.32,167.31,156.18,147.12,131.44,782.05,252.76,123.62,122.29,102.07,411.52,44.41,Class_C
S277,S277_M02,2,94.34,128.95,146.54,152.83,154.63,144.38,139.96,124.01,797.96,254.5,112.12,129.41,103.51,444.11,41.96,Class_A
S242,S242_M03,3,110.98,122.26,133.47,139.14,150.27,144.09,136.91,132.38,775.88,252.3,127.36,134.74,113.31,413.38,40.74,Class_C
S144,S144_M01,1,117.13,124.21,136.81,151.82,154.62,152.32,150.44,134.8,779.02,259.51,127.56,132.42,115.85,408.47,38.68,Class_B
S443,S443_M01,1,112.98,128.03,144.05,150.93,150.34,146.85,142.68,130.36,778.61,265.68,123.14,132.5,119.24,424.16,40.19,Class_C
S138,S138_M02,2,103.26,122.58500000000001,144.03,151.12,154.4,153.89,151.68,136.61,792.51,246.42,119.66,116.59,109.09,413.7,39.15,Class_B
S428,S428_M04,4,112.38,127.41,131.07,139.16,147.91,140.31,136.4,120.62,790.89,273.43,119.08,124.01,104.97,419.73,42.61,Class_C
S383,S383_M04,4,109.92,121.65,123.77,139.98,158.97,148.51,136.02,129.5,774.44,240.74,119.56,125.54,108.16,425.37,40.03,Class_C
S062,S062_M01,1,120.95,138.64,140.5,151.64,166.16,154.12,142.34,137.35,784.13,247.51,122.91,136.14,118.95,420.47,37.91,Class_B
S042,S042_M05,5,108.61,129.4,150.28,156.53,160.11,155.87,152.88,141.61,760.66,257.14,127.54,131.29,112.91,414.92,41.87,Class_C
S469,S469_M02,2,92.06,116.26,135.01,148.85,153.78,144.93,143.71,133.54,774.35,267.45,107.63,119.77,103.22,420.19,37.7,Class_A
S338,S338_M04,4,120.68,130.87,146.36,156.92,162.17,159.98,149.96,138.18,766.44,269.75,117.83,128.60999999999999,116.49,417.18,42.27,Class_C
S498,S498_M01,1,112.45,132.58,139.72,148.42,160.44,152.79,150.3,141.52,758.83,262.05,123.26,133.54,108.9,409.9,34.26,Class_B
S218,S218_M01,1,111.27,121.09,146.97,153.69,159.49,157.3,154.63,133.18,790.49,253.67,111.95,130.69,106.2,437.13,39.7,Class_A
S391,S391_M04,4,104.05,118.53,152.1,154.24,166.67,158.13,140.68,126.7,779.33,264.58,115.0,126.63,108.77,404.31,36.76,Class_B
S245,S245_M01,1,122.68,135.76,151.55,160.99,167.78,155.81,139.07,119.15,786.68,263.85,106.47,116.34,107.87,426.08,41.47,Class_B
S485,S485_M05,5,99.34,128.58,151.36,157.23,159.79,161.79,158.11,127.99,772.61,260.03,115.96,127.99,115.15,427.4,41.4,Class_A
S308,S308_M01,1,115.39,134.29,146.03,156.43,158.82,156.73,150.42,129.32,805.13,271.84,119.59,122.72,103.63,427.71,42.48,Class_B
S386,S386_M05,5,115.44,128.89,134.59,146.77,153.22,148.01,150.65,132.48,781.78,262.35,129.88,135.88,120.11,413.1,40.17,Class_C
S284,S284_M05,5,96.04,114.91,129.87,139.17,161.03,157.98,144.16,132.78,797.18,248.47,126.47,128.59,107.62,435.45,41.98,Class_A
S039,S039_M02,2,100.49,122.98,138.54,150.74,157.73,155.21,153.43,133.25,759.88,261.86,117.19,130.32,110.77,413.32,39.8,Class_A
S246,S246_M02,2,119.92,128.96,136.21,144.56,155.31,159.94,150.69,139.82,761.08,277.86,112.91,118.21,89.27,405.82,40.9,Class_C
S218,S218_M05,5,111.93,124.19,144.22,151.2,160.31,155.69,150.77,130.63,774.13,253.56,113.44,131.23,109.22,435.71,40.55,Class_A
S493,S493_M05,5,110.47,131.02,139.55,149.16,160.04,146.33,140.63,124.02,776.2,273.45,134.19,137.72,126.08,423.99,34.21,Class_B
S097,S097_M04,4,112.34,124.45,137.6,146.25,151.34,150.62,141.31,129.54,780.85,260.5,106.84,116.61,97.39,427.02,39.9,Class_B
S479,S479_M01,1,111.72,126.43,141.78,148.53,159.38,152.51,146.28,136.54,767.24,264.27,123.37,122.45,99.73,420.04,37.02,Class_B
S184,S184_M01,1,99.69,119.34,129.9,154.03,175.01,160.61,146.64,133.65,780.37,249.27,125.0,130.71,100.02,401.36,44.31,Class_A
S296,S296_M02,2,107.59,120.13,128.41,140.3,142.67,147.74,136.39,124.59,793.79,262.63,122.6,141.19,114.97,428.8,42.15,Class_C
S056,S056_M03,3,105.86,126.76,148.71,162.41,161.93,159.49,145.81,140.53,776.98,257.89,127.55,133.63,105.92,429.29,47.52,Class_C
S408,S408_M05,5,107.89,120.83,143.62,150.41,151.97,144.5,141.58,129.9,787.78,255.34,116.2,118.66,103.3,421.22,39.61,Class_C
S045,S045_M02,2,111.96,123.35,139.56,147.0,159.49,156.19,144.92,138.78,781.86,265.49,133.84,134.26,104.93,413.4,42.72,Class_C
S464,S464_M02,2,93.84,111.44,133.47,144.45,154.99,150.56,143.4,132.37,781.95,253.95,117.39,128.52,101.22,422.14,38.63,Class_A
S115,S115_M02,2,110.56,119.47,134.9,133.74,149.04,148.71,146.07,134.77,766.26,248.45,109.42,118.42,114.44,396.29,40.46,Class_A
S083,S083_M02,2,128.17,135.81,146.14,147.18,153.42,150.05,144.5,128.14,777.2,269.31,120.57,122.22,110.32,417.79,42.5,Class_C
S320,S320_M04,4,117.29,132.14,141.67,146.83,146.71,140.18,139.09,132.94,790.98,258.74,129.21,123.56,98.96,404.75,34.94,Class_C
S385,S385_M05,5,99.64,119.47,136.2,157.46,162.01,151.21,145.16,131.07,785.17,256.96,128.48,141.37,106.4,419.61,41.485,Class_B
S193,S193_M03,3,113.95,121.37,142.96,146.23,158.06,155.19,144.95,137.82,765.37,271.42,118.31,130.9,103.32,411.2,36.35,Class_A
S118,S118_M01,1,112.3,125.16,137.38,141.19,145.15,144.49,138.49,126.15,785.14,253.22,115.14,123.45,102.63,408.01,42.17,Class_C
S245,S245_M02,2,123.61,130.27,149.81,159.96,169.41,148.5,135.32,125.29,779.03,260.13,115.47,127.65,106.36,417.13,39.28,Class_B
S261,S261_M04,4,101.47,120.21,137.17,159.9,164.84,151.22,147.82,131.1,761.99,274.24,124.95,134.88,116.55,413.93,34.07,Class_A
S393,S393_M02,2,108.35,121.88,130.52,147.63,160.28,153.02,137.43,133.29,781.79,272.56,129.67,141.83,113.95,427.62,41.89,Class_B
S135,S135_M05,5,100.78,117.81,143.73,159.9,165.8,154.25,145.53,128.7,760.3,258.02,124.28,121.76,109.66,425.89,39.81,Class_B
S239,S239_M03,3,102.94,122.73,138.78,146.08,156.33,149.1,146.04,126.06,763.49,276.53,108.37,122.16,100.08,454.6,38.47,Class_A
S172,S172_M01,1,105.95,120.13,142.11,151.74,156.22,152.07,144.85,138.63,768.38,269.39,125.25,136.61,120.55,427.91,41.75,Class_B
S090,S090_M03,3,118.38,138.81,148.21,147.65,161.73,148.87,145.99,129.89,773.05,240.43,120.09,125.84,106.4,427.49,40.75,Class_B
S394,S394_M04,4,118.56,124.2,134.95,149.34,159.72,156.04,147.72,134.95,787.76,278.76,136.21,131.46,103.14,432.65,41.56,Class_C
S395,S395_M02,2,93.5,106.44,128.46,149.15,157.84,144.01,142.5,130.44,775.58,242.19,114.72,125.22,104.57,409.6,42.65,Class_A
S045,S045_M03,3,113.77,124.97,140.01,145.54,159.05,156.47,145.54,140.41,772.82,267.35,130.18,131.28,109.68,413.90999999999997,40.74,Class_C
S349,S349_M03,3,108.77,129.79,146.5,150.87,149.97,152.45,149.93,141.7,793.62,258.03,132.11,123.03,100.42,415.69,40.02,Class_B
S447,S447_M03,3,104.54,112.37,142.41,154.47,156.21,155.81,143.18,140.14,769.93,262.9,121.0,120.46,109.22,408.87,46.61,Class_C
S330,S330_M01,1,98.27,115.83,135.79,150.42,159.28,158.41,145.56,135.04,799.05,253.96,114.81,135.54,108.36,405.55,35.89,Class_A
S315,S315_M03,3,109.86,128.84,147.63,148.51,158.23,156.03,150.59,135.08,752.1,258.96,131.7,127.48,104.52,416.16,43.95,Class_B
S227,S227_M04,4,96.13,116.05,138.91,148.04,161.7,160.02,145.51,134.24,802.47,265.79,123.96,137.38,110.5,445.62,39.5,Class_A
S010,S010_M01,1,116.38,133.7,150.59,158.23,160.35,154.41,136.65,129.8,790.68,261.64,124.7,123.54,112.87,418.09,38.47,Class_B
S440,S440_M02,2,110.04,129.33,148.63,155.61,156.62,155.68,152.67,130.4,783.27,262.43,127.19,129.44,111.6,444.36,43.79,Class_B
S206,S206_M03,3,113.35,122.56,141.56,156.15,163.97,162.44,148.44,142.94,775.0,249.71,119.31,129.8,110.71,426.15,37.71,Class_A
S193,S193_M02,2,116.05,118.86,138.88,144.56,160.56,154.97,150.53,131.59,790.74,264.69,122.76,127.46,101.86,419.885,39.71,Class_A
S059,S059_M05,5,110.89,130.65,143.73,157.31,162.62,145.23,134.87,126.73,786.62,260.66,102.41,115.62,94.29,431.0,35.91,Class_A
S235,S235_M05,5,111.29,133.49,153.21,160.3,165.86,168.89,154.69,135.67,775.8,245.95,129.82,129.87,104.83,423.36,43.89,Class_C
S118,S118_M04,4,115.2,131.87,136.69,148.35,151.84,147.48,141.35,135.9,787.48,247.06,116.95,125.13,102.84,404.26,44.92,Class_C
S413,S413_M01,1,114.1,122.93,139.45,153.97,162.46,163.23,158.61,129.92,798.19,242.4,118.64,132.51,105.81,440.65,41.2,Class_A
S052,S052_M03,3,95.93,120.0,138.48,152.81,165.24,164.44,157.92,143.63,768.02,264.03,108.58,126.95,108.73,393.87,40.3,Class_A
S368,S368_M05,5,120.19,138.54,141.46,154.61,161.65,153.99,148.68,124.6,790.76,263.38,109.0,123.97,100.82,406.17,41.02,Class_C
S387,S387_M03,3,117.84,124.15,140.8,143.39,152.26,145.16,149.19,138.06,776.8,240.52,121.32,129.3,113.5,408.77,40.2,Class_C
S186,S186_M02,2,121.63,128.96,150.04,156.4,160.98,153.35,147.5,135.75,789.6,256.31,131.34,132.41,112.47,406.96,42.41,Class_C
S426,S426_M01,1,122.56,129.52,141.83,153.52,154.5,147.31,145.82,128.12,798.76,270.51,118.05,131.07,116.12,413.04,37.17,Class_C
S347,S347_M01,1,105.73,118.08,141.17,150.93,157.03,141.5,144.09,130.84,780.21,269.82,118.78,116.54,103.64,428.67,39.88,Class_C
S088,S088_M02,2,107.02,128.32,147.17,149.57,162.36,152.33,139.75,118.05,752.92,262.71,126.25,129.95,113.74,412.35,37.99,Class_B
S201,S201_M02,2,119.01,128.43,150.49,162.58,165.22,160.13,153.8,143.01,771.22,241.25,123.15,124.11,101.39,413.28,39.58,Class_C
S462,S462_M03,3,108.76,108.74,125.74,140.78,143.96,146.4,138.65,127.07,776.53,253.55,107.8,117.29,92.55,418.8,37.24,Class_A
S079,S079_M04,4,115.74,125.51,141.73,147.61,152.62,144.55,128.72,121.56,768.65,250.91,110.29,120.8,106.2,408.78,38.88,Class_B
S086,S086_M01,1,106.04,121.83,141.29,162.61,167.39,164.57,155.19,140.6,763.1,243.88,120.68,133.03,100.89,419.6,35.62,Class_A
S107,S107_M05,5,95.55,107.29,121.95,139.26,150.1,140.18,146.7,128.43,780.35,237.69,117.54,123.47,102.29,408.36,36.01,Class_B
S007,S007_M01,1,129.07,141.68,151.79,157.98,167.78,162.62,148.98,141.82,793.47,279.05,126.17,125.66,101.39,429.5,42.97,Class_C
S263,S263_M02,2,102.95,115.78,141.28,145.95,155.57,150.12,144.04,132.46,788.7,257.79,105.46,119.46,95.02,414.78,39.68,Class_A
S483,S483_M03,3,118.0,135.13,157.86,172.18,175.44,166.31,152.12,145.74,773.92,260.5,119.89,132.56,106.15,399.54,43.98,Class_B
S201,S201_M01,1,122.14,134.69,151.55,163.17,166.97,165.59,153.22,144.8,779.22,258.27,125.49,126.53,106.37,420.82,37.46,Class_C
S150,S150_M02,2,102.34,119.35,134.62,149.42,160.61,159.6,144.5,128.04,781.28,260.38,113.36,132.85,105.56,415.62,37.33,Class_A
S446,S446_M03,3,115.45,131.74,145.99,160.3,170.17,165.72,158.26,141.76,782.42,251.18,131.0,146.39,109.1,403.5,44.95,Class_C
S259,S259_M01,1,100.36,125.08,134.66,153.86,156.7,148.49,146.47,126.44,783.9,264.47,114.86,128.06,100.93,418.31,36.85,Class_A
S257,S257_M04,4,111.27,135.14,140.84,146.9,153.0,151.0,133.68,129.05,788.48,268.5,119.02,119.98,101.53,421.78,43.7,Class_C
S303,S303_M02,2,105.84,122.37,137.97,148.14,158.29,147.53,150.47,134.2,787.66,258.49,128.07,127.37,95.03,401.66,37.98,Class_B
S348,S348_M02,2,106.45,123.36,135.89,145.78,156.82,141.29,136.6,124.65,776.37,259.62,122.57,126.63,99.56,394.87,39.0,Class_A
S444,S444_M05,5,112.09,135.28,146.42,160.66,163.82,163.5,162.67,151.1,787.46,262.51,113.73,112.8,95.45,402.9,40.98,Class_A
S345,S345_M05,5,107.63,124.53,133.88,140.43,145.78,143.89,151.39,140.4,774.79,272.09,107.72,120.27,116.74,397.01,38.07,Class_C
S270,S270_M05,5,114.56,134.63,152.25,156.05,167.74,155.05,147.57,132.88,797.95,258.53,119.89,141.97,115.31,410.81,37.51,Class_A
S493,S493_M02,2,110.68,131.41,141.52,154.46,161.02,151.94,147.03,133.48,780.15,270.79,127.38,136.67,123.76,425.48,37.2,Class_B
S069,S069_M05,5,100.57,117.98,126.66,134.61,155.08,145.51,133.47,118.39,765.06,250.13,107.32,125.88,100.21,409.06,34.04,Class_A
S112,S112_M02,2,107.63,119.28,135.26,150.73,171.14,160.27,159.1,134.14,787.04,263.37,117.27,136.79,114.12,437.83,40.47,Class_A
S466,S466_M04,4,119.18,127.94,138.16,143.45,155.69,151.89,156.2,139.87,775.1,235.17,126.29,127.2,110.85,417.65,47.11,Class_C
S476,S476_M01,1,104.0,122.4,140.26,153.41,157.07,153.84,149.15,135.4,773.41,246.84,120.57,139.07,108.91,412.92,36.56,Class_A
S137,S137_M01,1,109.45,125.03,138.23,143.86,150.11,154.66,160.59,152.38,779.52,264.84,129.86,124.65,104.83,421.77,38.56,Class_C
S448,S448_M02,2,108.44,123.81,138.11,152.23,151.04,149.99,148.61,138.52,779.79,277.76,126.5,125.78,109.24,425.61,43.52,Class_B
S291,S291_M02,2,110.02,127.02,135.92,138.54,147.24,151.62,148.28,133.29,767.1,257.93,119.28,132.24,106.49,403.56,37.98,Class_C
S115,S115_M01,1,110.28,121.92,131.48,132.81,149.66,151.83,143.75,134.68,791.43,244.11,113.62,120.27,115.79,403.16,41.32,Class_A
S071,S071_M03,3,100.75,121.3,134.62,156.76,172.4,152.11,147.96,134.37,776.29,243.64,115.89,129.61,106.95,413.51,41.82,Class_A
S019,S019_M02,2,111.71,126.33,141.05,150.27,164.29,157.79,149.44,137.03,798.78,257.93,124.21,130.0,108.4,431.89,39.69,Class_C
S246,S246_M01,1,120.045,132.18,136.42,144.08,152.62,156.23,153.82,143.44,757.54,249.63,108.36,116.97,94.06,412.45,42.05,Class_C
S423,S423_M04,4,116.32,143.52,160.11,160.64,174.72,166.52,164.0,133.12,772.71,276.22,133.6,135.13,108.1,411.94,41.19,Class_A
S258,S258_M01,1,107.54,130.19,144.25,154.48,163.01,154.44,150.51,140.73,797.58,245.32999999999998,113.44,122.14,93.61,423.06,35.59,Class_A
S211,S211_M05,5,117.91,126.45,144.57,150.06,162.42,150.74,146.99,138.11,781.89,251.9,122.67,127.21,101.81,408.35,44.25,Class_C
S053,S053_M02,2,116.72,134.97,145.53,160.27,163.03,154.68,154.28,146.45,769.95,271.99,125.97,132.23,110.48,432.57,43.4,Class_C
S492,S492_M05,5,113.61,122.64,135.33,151.81,160.04,153.52,147.51,138.41,780.77,253.11,118.08,128.58,114.57,433.46,41.22,Class_B
S150,S150_M04,4,98.97,123.79,134.77,153.3,160.42,156.67,142.195,125.33,759.29,248.64,105.59,129.3,102.37,438.64,38.61,Class_A
S206,S206_M05,5,116.19,121.7,141.55,161.59,165.63,160.56,150.23,139.75,767.16,270.27,114.94,131.37,113.76,423.17,34.02,Class_A
S357,S357_M04,4,122.25,135.03,144.36,151.09,159.35,164.06,146.76,126.2,767.27,250.87,119.13,115.41,88.21,410.62,43.12,Class_C
S420,S420_M03,3,113.49,131.28,145.49,155.94,165.26,155.35,159.88,141.31,799.47,277.58,124.95,134.64,104.42,428.82,37.65,Class_C
S236,S236_M01,1,127.41,132.2,149.01,155.71,158.19,144.83,139.6,134.38,792.19,255.51,128.3,127.72,110.74,417.24,43.58,Class_C
S500,S500_M01,1,111.53,128.43,141.86,143.18,151.39,149.15,130.13,128.26,792.83,256.65,115.78,129.07,115.94,408.33,43.38,Class_B
S114,S114_M03,3,122.46,136.64,155.51,155.32,161.73,156.82,137.81,121.5,775.37,252.91,122.6,135.14,115.84,423.05,40.25,Class_B
S065,S065_M03,3,112.25,123.33,141.08,147.79,164.95,163.32,156.9,150.87,799.3,268.46,139.66,135.13,113.65,422.98,39.65,Class_B
S383,S383_M03,3,107.14,113.5,131.63,136.4,155.34,146.73,137.95,126.86,781.25,245.405,119.76,121.6,110.02,427.41,41.41,Class_C
S419,S419_M01,1,86.58,117.43,137.81,146.19,158.17,151.4,136.38,128.7,755.8,240.4,110.33,124.19,110.83,417.79,33.84,Class_A
S070,S070_M04,4,106.94,123.08,141.34,148.61,166.51,153.3,140.54,137.25,777.25,253.32,110.44,123.76,107.76,393.89,43.62,Class_B
S221,S221_M04,4,106.3,129.78,145.53,156.56,161.11,161.99,153.28,137.19,779.1,255.03,119.55,136.95,113.71,431.93,37.32,Class_A
S374,S374_M05,5,117.05,129.27,146.69,152.34,168.23,166.3,149.42,136.33,775.99,271.52,109.42,117.78,104.4,427.81,42.56,Class_A
S253,S253_M05,5,111.31,119.19,142.73,154.49,164.88,159.35,140.07,132.28,793.68,266.9,120.15,127.14,117.29,411.55,38.32,Class_B
S303,S303_M05,5,113.61,122.4,134.96,143.43,152.36,140.15,146.19,134.53,790.11,259.36,120.42,123.66,96.22,414.88,39.97,Class_B
S476,S476_M02,2,102.02,123.48,139.9,148.63,157.25,162.99,156.15,135.77,732.88,249.92,122.79,136.85,109.5,415.28,38.07,Class_A
S473,S473_M03,3,112.68,129.38,142.27,164.85,167.13,155.57,150.74,129.71,786.26,259.04,109.15,121.84,97.57,422.85,40.89,Class_A
S416,S416_M02,2,111.57,121.63,135.04,148.24,154.5,150.38,135.98,123.42,777.89,236.75,116.6,128.98,102.47,422.13,38.63,Class_A
S091,S091_M04,4,99.5,117.26,138.83,159.38,172.07,155.22,147.85,130.73,796.23,263.64,114.15,117.61,92.59,399.24,43.12,Class_A
S183,S183_M04,4,107.96,123.3,143.53,154.0,152.63,146.21,145.64,132.15,795.21,273.82,124.64,130.19,111.18,408.38,32.13,Class_B
S263,S263_M04,4,103.41,116.98,139.51,154.16,160.37,154.67,151.69,132.19,806.69,265.52,103.45,116.89,95.16,389.25,36.71,Class_A
S008,S008_M03,3,112.41,127.05,144.71,135.44,145.07,140.88,141.59,140.995,783.75,264.59,129.48,139.15,119.43,412.55,42.39,Class_C
S195,S195_M05,5,105.63,113.98,133.6,148.68,158.15,148.44,147.13,141.63,789.53,264.02,119.19,138.27,113.09,409.02,37.58,Class_A
S468,S468_M01,1,111.2,127.27,136.39,154.19,159.66,158.19,144.64,131.93,776.57,253.53,132.55,129.71,116.53,409.03,43.19,Class_C
S277,S277_M04,4,96.16,126.96,141.61,149.08,154.42,144.31,141.29,125.74,788.48,253.22,104.75,124.32,104.9,422.82,40.67,Class_A
S008,S008_M05,5,113.79,122.94,137.02,139.3,150.46,146.86,143.07,140.81,772.89,254.39,128.13,135.26,125.55,406.68,41.81,Class_C
S407,S407_M04,4,109.77,127.11,146.89,163.7,167.39,161.38,157.51,136.82,756.55,261.19,113.38,133.29,109.06,405.05,36.07,Class_A
S406,S406_M04,4,112.42,136.94,147.7,156.9,164.19,160.01,159.05,140.45,768.21,259.4,125.68,137.38,111.45,424.93,35.43,Class_C
S358,S358_M05,5,121.77,132.37,144.93,155.46,157.19,143.78,145.95,133.32,792.72,255.74,116.16,123.15,92.45,420.09,33.21,Class_C
S365,S365_M01,1,109.21,122.49,139.27,156.74,163.65,159.06,149.32,137.93,781.38,236.33,126.7,129.61,116.51,415.94,44.59,Class_B
S267,S267_M04,4,88.79,113.67,131.87,144.31,149.34,143.99,129.82,122.69,782.24,253.62,118.98,131.09,106.96,429.55,36.66,Class_A
S127,S127_M05,5,97.73,113.61,126.01,137.54,152.52,152.83,149.48,126.62,778.56,265.01,122.85,129.73,106.39,435.89,37.59,Class_A
S271,S271_M02,2,102.62,112.31,130.86,151.22,163.74,145.43,132.73,128.47,784.12,252.81,117.82,131.6,112.05,411.08,41.52,Class_A
S116,S116_M05,5,106.85,118.12,131.42,139.35,146.33,145.99,141.41,126.61,784.9,253.67,123.33,128.84,111.74,403.99,38.58,Class_C
S311,S311_M02,2,107.83,129.85,149.44,155.06,159.9,152.64,148.75,142.47,790.77,273.35,120.66,117.67,102.88,409.9,42.1,Class_B
S179,S179_M03,3,114.34,131.25,142.71,155.28,157.72,149.32,152.47,143.33,757.77,260.93,111.1,122.23,106.89,426.37,43.03,Class_C
S157,S157_M01,1,112.88,127.88,133.55,142.75,162.69,159.63,147.22,135.29,773.7,237.28,117.57,133.81,98.85,400.42,38.34,Class_A
S032,S032_M05,5,101.9,124.03,138.28,146.67,156.6,152.1,140.56,135.62,795.31,257.77,115.72,120.59,99.26,421.0,40.88,Class_C
S219,S219_M02,2,111.09,117.91,140.23,144.63,148.89,147.75,146.81,134.18,769.82,252.92,113.88,118.91,109.71,431.7,42.12,Class_C
S388,S388_M04,4,106.08,115.75,127.28,147.98,160.41,148.68,156.1,136.73,778.07,253.58,124.88,132.95,116.15,418.26,40.01,Class_C
S013,S013_M02,2,114.79,123.35,138.5,159.29,163.7,155.71,152.53,140.22,776.29,274.14,117.27,133.9,110.65,416.1,43.61,Class_B
S170,S170_M05,5,114.45,129.63,149.88,154.19,155.81,151.62,142.17,132.34,779.55,257.47,124.45,124.0,100.67,407.06,42.22,Class_C
S313,S313_M01,1,102.51,112.03,138.84,147.43,165.26,151.8,134.45,115.18,777.1,264.39,116.55,127.46,112.53,394.09,36.8,Class_A
S484,S484_M03,3,109.5,125.51,133.32,150.2,163.53,155.9,145.85,127.83,764.13,259.23,129.15,129.11,104.76,411.26,40.36,Class_A
S209,S209_M04,4,112.94,122.58,143.83,149.2,159.92,166.6,150.93,140.45,777.99,251.83,110.62,125.16,112.97,400.07,43.3,Class_A
S273,S273_M03,3,104.51,122.04,140.71,153.51,169.15,163.29,154.56,131.05,780.37,256.47,113.55,131.13,110.11,439.77,38.19,Class_A
S295,S295_M03,3,114.69,121.44,134.15,143.11,154.25,146.11,140.1,130.04,781.83,258.02,118.95,121.17,99.3,440.69,37.6,Class_C
S011,S011_M04,4,101.52,121.48,138.78,146.67,160.35,152.4,147.73,124.11,785.32,256.3,120.51,134.07,110.42,416.18,41.52,Class_B
S313,S313_M03,3,99.62,118.31,138.46,145.18,158.54,141.93,134.05,122.66,761.79,254.21,123.53,129.59,105.33,397.14,37.61,Class_A
S102,S102_M01,1,103.99,125.45,146.62,147.33,156.72,147.41,146.55,130.71,773.0,261.25,114.99,128.22,106.09,410.91,38.06,Class_C
S151,S151_M03,3,121.36,134.85,151.51,148.88,158.51,156.41,142.3,142.12,784.34,269.36,123.74,115.73,101.26,421.81,39.8,Class_C
S280,S280_M01,1,115.52,129.08,145.99,152.92,159.31,159.6,148.38,133.48,764.3,254.56,109.96,120.73,107.08,434.85,38.12,Class_C
S288,S288_M03,3,116.11,131.43,130.95,138.72,155.97,156.06,139.91,124.17,792.99,252.16,123.85,129.91,108.11,423.9,43.72,Class_B
S282,S282_M03,3,106.19,115.36,127.88,142.23,158.85,159.77,143.06,136.66,764.42,253.74,120.79,133.73,97.48,420.85,39.91,Class_A
S215,S215_M04,4,111.01,126.84,141.29,148.23,158.39,151.39,143.23,143.12,782.63,258.67,133.5,134.06,107.06,432.59,41.53,Class_C
S458,S458_M02,2,104.45,120.14,136.53,140.18,150.87,147.81,147.04,132.03,773.3,243.31,120.1,126.18,104.84,413.29,36.07,Class_B
S155,S155_M02,2,111.72,121.2,138.87,151.46,163.16,160.45,158.14,145.49,782.31,278.78,116.27,132.48,102.8,433.49,42.11,Class_A
S470,S470_M01,1,115.33,133.66,149.14,151.19,157.11,153.08,142.19,133.91,749.91,253.66,122.81,131.57,113.66,418.83,38.01,Class_B
S449,S449_M02,2,113.29,121.97,139.51,158.32,165.37,157.54,144.15,136.86,752.06,245.03,106.96,124.88,92.49,405.82,38.7,Class_A
S242,S242_M04,4,111.29,124.18,132.65,141.64,153.51,149.83,143.09,134.09,783.44,259.09,127.79,136.72,115.93,405.71,38.97,Class_C
S241,S241_M05,5,106.77,125.76,140.59,142.98,154.7,150.09,149.91,137.29,790.59,247.72,125.56,132.79,109.0,433.27,39.97,Class_C
S280,S280_M05,5,118.71,132.83,146.42,156.53,155.2,156.93,144.75,137.93,778.57,246.58,104.2,115.41,103.11,426.49,38.81,Class_C
S458,S458_M03,3,105.29,119.96,141.41,141.38,144.74,149.3,147.8,134.51,792.87,249.69,114.45,124.32,106.12,407.79,37.55,Class_B
S275,S275_M05,5,122.36,126.59,134.08,148.09,152.17,153.03,144.88,126.8,790.41,269.98,118.6,128.89,107.08,425.11,38.37,Class_C
S276,S276_M05,5,112.03,138.65,149.72,159.03,161.25,156.31,147.46,133.09,780.08,263.23,122.98,134.13,117.06,422.82,41.84,Class_B
S193,S193_M04,4,116.13,123.56,147.26,147.9,165.42,159.95,147.94,135.65,765.1,260.39,120.3,132.4,111.42,441.77,36.03,Class_A
S239,S239_M05,5,107.96,117.75,132.0,140.44,152.35,150.19,137.27,118.77,768.66,262.49,111.12,124.18,104.1,425.3,37.46,Class_A
S080,S080_M04,4,119.94,136.91,146.89,161.14,152.49,148.16,145.78,137.41,808.84,262.03499999999997,133.91,129.86,106.7,431.28,41.09,Class_C
S117,S117_M05,5,109.2,126.89,132.69,150.32,159.14,154.85,150.01,139.36,789.7,268.98,131.58,132.17,104.92,411.5,44.87,Class_C
S190,S190_M04,4,104.99,122.06,136.25,145.23,153.24,140.84,139.11,128.94,781.6,264.65,106.5,128.65,105.84,403.4,48.4,Class_A
S141,S141_M05,5,108.21,123.76,133.97,146.91,161.04000000000002,153.45,138.19,127.65,759.18,259.84,112.32,116.155,97.06,412.64,40.8,Class_B
S087,S087_M02,2,109.66,119.57,132.21,150.75,153.54,156.59,147.82,123.37,787.24,254.65,121.35,125.76,84.66,424.81,46.6,Class_C
S059,S059_M03,3,110.44,128.47,146.86,151.27,160.2,148.57,138.0,125.49,757.39,261.23,103.58,122.02,97.05,423.25,39.89,Class_A
S375,S375_M01,1,104.97,126.5,136.26,157.35,167.95,153.88,144.76,137.05,794.57,254.18,117.27,130.51,108.22,434.71,38.19,Class_A
S325,S325_M02,2,121.46,129.91,146.01,156.48,155.76,150.64,152.26,138.14,772.94,246.35,126.71,132.62,106.63,417.06,37.05,Class_C
S407,S407_M03,3,107.73,132.76,144.76,162.26,169.05,159.64,154.39,132.8,764.01,265.46,107.98,131.89,106.13,407.41,40.12,Class_A
S001,S001_M03,3,107.61,124.97,137.38,141.18,142.23,143.6,145.28,126.8,772.14,261.16,119.59,121.83,98.22,406.12,44.41,Class_C
S116,S116_M02,2,111.04,124.52,136.72,143.2,146.59,148.31,143.02,128.01,771.67,261.4,124.57,130.6,113.31,401.65,40.38,Class_C
S362,S362_M04,4,114.96,132.44,138.07,155.91,167.63,150.0,147.68,120.25,764.31,259.99,124.01,130.77,99.85,431.65,38.6,Class_A
S068,S068_M05,5,100.56,114.49,139.86,146.97,152.21,149.84,142.0,129.64,769.26,257.85,116.09,133.13,101.62,410.45,43.67,Class_A
S429,S429_M05,5,117.83,140.46,146.56,152.28,166.35,157.37,146.01,126.4,776.06,245.62,112.91,122.88,105.89,413.86,41.1,Class_A
S186,S186_M01,1,119.56,121.44,134.31,149.79,156.98,159.65,149.76,136.27,816.81,261.27,128.57,132.77,117.41,424.75,40.08,Class_C
S054,S054_M01,1,112.87,134.85,148.4,145.72,149.24,142.29,141.3,133.07,779.77,273.69,129.64,127.66,102.79,418.93,44.04,Class_C
S076,S076_M02,2,109.59,122.14,126.92,138.01,147.56,137.98,134.68,120.74,776.13,246.82,109.62,114.53,98.46,428.06,34.01,Class_A
S055,S055_M02,2,114.97,134.12,154.45,162.32,176.23,164.68,159.16,137.83,765.18,263.83,132.98,137.21,108.17,426.88,48.47,Class_C
S140,S140_M02,2,105.4,121.1,143.8,152.72,159.95,153.04,141.43,140.61,782.44,246.98,122.99,145.8,116.45,423.07,40.38,Class_A
S495,S495_M01,1,109.91,124.17,136.91,149.45,155.77,155.39,150.42,134.45,766.3,249.35,127.48,131.28,102.47,409.64,39.58,Class_C
S049,S049_M05,5,105.62,117.69,134.41,149.8,158.16,148.47,148.58,135.37,790.02,241.42,117.99,123.83,105.33,428.29,39.63,Class_C
S310,S310_M01,1,102.76,124.76,143.61,151.93,157.02,150.87,153.22,134.27,772.86,240.57,109.99,130.51,99.13,427.29,45.54,Class_A
S096,S096_M02,2,108.71,125.19,148.73,158.4,171.68,158.98,145.67,129.42,784.97,265.78,115.02,121.47,109.25,406.39,38.56,Class_B
S239,S239_M04,4,100.98,118.78,135.13,140.47,148.15,146.14,141.57,123.23,758.32,271.57,109.92,128.73,109.33,433.84,37.43,Class_A
S243,S243_M01,1,105.64,124.94,136.29,147.64,160.41,151.2,136.34,120.73,757.6,250.64,119.94,129.56,107.97,404.65,43.58,Class_A
S452,S452_M05,5,100.24,121.04,138.06,149.64,164.12,164.6,150.23,141.03,786.4,287.43,114.4,123.13,101.8,416.74,44.71,Class_C
S293,S293_M03,3,112.07,126.39,141.25,151.33,153.08,143.46,140.72,137.87,799.21,264.25,125.29,132.03,112.74,434.8,41.19,Class_C
S291,S291_M04,4,108.53,124.1,131.63,134.64,138.9,141.38,141.85,135.95,771.05,271.35,114.57,121.42,92.38,402.61,34.86,Class_C
S051,S051_M01,1,106.35,122.27,138.77,151.34,156.43,153.29,140.18,126.53,802.56,261.47,120.48,133.5,115.11,420.59,42.21,Class_A
S083,S083_M04,4,133.81,136.86,141.78,145.06,146.81,146.57,142.15,127.03,812.59,268.59,120.99,125.06,105.32,436.59,41.54,Class_C
S344,S344_M02,2,107.57,126.83,136.06,144.37,164.4,145.1,138.24,127.87,794.24,258.81,113.46,116.61,99.28,429.16,39.44,Class_B
S334,S334_M03,3,122.56,135.42,152.57,150.23,144.58,147.72,141.94,133.35,780.79,251.58,125.77,129.1,105.7,434.28,45.08,Class_C
S063,S063_M01,1,125.04,143.68,159.77,154.73,157.1,150.85,141.97,136.87,783.33,239.45,134.37,133.87,106.18,418.67,42.86,Class_B
S179,S179_M04,4,113.94,129.85,142.61,155.5,166.09,156.76,156.57,144.3,765.28,263.73,106.52,121.8,103.5,409.53,40.48,Class_C
S486,S486_M05,5,115.28,127.65,145.28,141.13,144.54,147.92,138.79,124.93,777.22,264.42,123.64,124.43,115.89,427.67,37.07,Class_B
S004,S004_M01,1,112.51,132.24,141.76,153.79,155.52,149.85,148.18,133.48,781.97,262.76,117.4,130.04,99.86,422.77,43.93,Class_C
S145,S145_M02,2,107.03,122.9,139.89,154.75,153.59,148.7,148.27,137.95,781.98,269.1,120.27,125.52,114.91,431.95,43.16,Class_B
S440,S440_M03,3,111.31,127.46,141.87,154.87,156.99,152.16,148.12,134.83,793.07,259.41,123.43,130.52,110.1,438.09,44.54,Class_B
S197,S197_M02,2,116.05,127.69,149.08,152.06,158.83,151.79,138.17,128.32,805.64,266.31,134.01,140.66,123.51,440.61,44.59,Class_B
S423,S423_M02,2,115.76,145.54,158.38,158.8,168.64,164.29,161.94,131.7,788.16,260.73,128.69,136.72,107.41,407.39,36.83,Class_A
S399,S399_M03,3,113.63,133.18,145.73,149.91,154.24,149.21,140.31,132.03,781.18,253.97,119.21,127.37,111.85,408.92,40.62,Class_B
S073,S073_M04,4,108.29,114.41,133.3,139.65,153.85,145.51,153.67,142.6,783.43,265.23,123.24,122.67,116.61,427.53,38.77,Class_C
S474,S474_M01,1,105.35,119.56,139.24,139.54,151.79,152.31,147.31,123.4,784.59,260.43,112.16,116.08,110.47,415.58,34.6,Class_A
S037,S037_M03,3,109.87,122.56,139.87,143.65,164.62,153.24,149.77,138.06,759.41,242.57,115.68,125.33,103.58,409.67,39.28,Class_A
S198,S198_M01,1,122.07,126.59,134.68,141.81,149.42,149.72,150.97,131.84,798.77,251.57,121.48,116.82,107.14,440.19,41.65,Class_C
S281,S281_M04,4,116.19,135.54,157.53,159.6,167.35,161.24,151.02,135.13,802.59,272.21,128.65,144.27,121.59,438.65,39.46,Class_A
S249,S249_M03,3,112.72,119.82,136.08,148.99,161.08,148.96,142.62,124.32,791.62,262.64,122.1,129.44,108.64,418.39,42.24,Class_B
S236,S236_M05,5,117.01,122.46,145.9,152.03,166.24,148.83,144.21,136.12,777.74,255.66,125.29,128.64,113.33,422.47,43.24,Class_C
S225,S225_M02,2,107.5,127.35,140.08,152.15,159.64,151.67,148.27,134.15,791.22,246.24,121.02,132.46,120.42,422.46,37.88,Class_A
S038,S038_M03,3,109.76,126.87,137.54,154.93,154.06,150.27,145.05,131.65,777.81,276.76,126.79,132.33,112.47,416.56,43.17,Class_B
S124,S124_M05,5,100.76,126.66,140.13,148.86,166.02,154.74,152.18,144.79,755.02,243.33,122.45,129.18,107.91,419.25,42.3,Class_B
S350,S350_M04,4,90.27,122.15,135.58,146.48,156.66,150.08,148.04,137.0,778.79,264.065,101.56,124.25,102.0,432.93,38.77,Class_A
S123,S123_M05,5,107.34,127.38,146.41,151.2,160.09,159.57,148.51,124.4,778.63,270.02,118.32,139.27,114.71,408.07,38.27,Class_A
S418,S418_M02,2,112.89,123.46,137.34,147.73,156.29,157.0,157.05,151.57,775.13,262.03,133.52,132.47,108.99,409.22,39.28,Class_C
S199,S199_M05,5,92.45,119.25,125.81,144.08,154.14,153.22,141.87,126.33,797.77,257.73,118.64,134.57,110.3,392.59,39.75,Class_A
S187,S187_M05,5,111.6,125.88,137.12,143.08,159.22,152.42,135.15,129.91,790.06,258.4,110.93,124.78,99.86,432.93,44.03,Class_B
S075,S075_M02,2,113.83,125.95,144.98,150.11,159.915,154.17,140.89,125.1,768.4,245.21,102.78,116.86,103.41,427.76,40.08,Class_A
S475,S475_M02,2,94.99,121.9,139.45,143.77,158.84,153.94,146.03,129.1,760.46,251.77,110.3,123.76,94.85,392.57,36.21,Class_A
S119,S119_M04,4,97.89,122.1,140.65,147.53,158.73,153.65,148.01,138.9,761.06,260.19,119.99,128.19,114.69,441.26,42.96,Class_B
S146,S146_M02,2,106.69,118.82,136.67,141.41,155.48,152.5,142.58,130.77,784.64,253.52,127.36,135.6,109.04,406.75,37.11,Class_A
S373,S373_M02,2,108.73,122.35,144.3,151.33,161.55,150.22,132.32,118.27,779.9,259.18,131.46,140.74,124.85,412.88,42.98,Class_B
S138,S138_M03,3,108.2,121.77,143.42,148.76,151.36,151.29,145.4,136.13,800.21,260.96,123.1,113.18,107.92,423.69,37.1,Class_B
S477,S477_M04,4,110.02,123.23,143.04,157.18,159.12,143.98,142.41,132.54,782.83,262.62,125.02,126.28,111.62,417.16,44.42,Class_B
S028,S028_M02,2,103.61,124.94,138.36,152.78,160.68,146.35,140.96,122.55,777.44,267.99,111.22,121.65,104.97,421.18,39.83,Class_A
S126,S126_M04,4,109.47,115.61,141.19,157.67,159.61,153.13,150.01,140.96,786.22,280.3,123.32,126.48,114.5,423.5,43.86,Class_B
S067,S067_M05,5,109.98,128.93,141.72,155.33,161.0,155.13,144.44,133.1,773.11,269.09,114.96,116.49,105.76,425.27,43.9,Class_B
S455,S455_M02,2,126.35,139.92,153.45,165.47,165.42,163.18,153.43,124.92,797.19,282.88,121.4,126.4,101.02,448.35,40.74,Class_A
S364,S364_M03,3,113.78,133.96,142.5,147.62,160.58,151.75,151.39,129.37,771.4,266.52,110.79,133.17,109.7,426.36,35.41,Class_A
S222,S222_M05,5,111.22,130.03,149.75,161.51,159.96,157.38,147.57,130.97,783.49,248.94,132.05,137.73,119.01,432.87,43.6,Class_B
S348,S348_M03,3,106.98,120.84,139.51,144.27,155.38,143.33,133.82,123.56,778.91,265.29,121.7,133.65,99.44,392.43,42.74,Class_A
S361,S361_M05,5,107.96,117.28,136.86,141.84,143.75,135.07,140.58,131.75,779.46,251.86,125.25,129.11,102.95,423.07,42.48,Class_C
S143,S143_M01,1,119.92,130.33,146.37,144.89,148.66,149.72,148.81,136.51,778.91,265.28,127.32,133.35,113.69,420.38,44.19,Class_C
S208,S208_M05,5,109.05,124.35,141.44,152.73,159.46,150.81,148.0,136.78,788.11,271.35,126.43,135.23,114.29,428.41,42.78,Class_C
S317,S317_M01,1,111.83,120.77,135.07,139.72,151.52,143.53,137.57,134.08,797.99,231.63,123.21,127.78,116.5,445.66,39.2,Class_B
S293,S293_M02,2,110.08,117.81,136.85,144.49,144.18,138.03,138.97,131.07,788.64,263.5,128.25,126.55,106.04,434.82,40.58,Class_C
S462,S462_M01,1,108.35,111.52,130.18,138.4,143.45,148.51,138.15,126.49,789.19,242.65,111.0,117.17,98.6,413.24,44.25,Class_A
S223,S223_M03,3,104.82,123.43,127.68,135.9,155.0,150.89,144.94,132.73,770.71,267.55,121.92,123.52,98.04,415.87,38.0,Class_C
S094,S094_M01,1,113.22,122.94,146.98,159.37,159.01,148.93,147.25,137.62,768.54,257.97,121.5,127.34,113.85,405.41,42.54,Class_B
S276,S276_M01,1,112.03,136.04,149.21,163.93,161.25,163.03,152.79,135.07,768.61,259.97,116.17,126.12,107.68,415.89,45.53,Class_B
S496,S496_M05,5,101.24,113.7,117.32,139.57,149.67,139.31,130.02,133.62,766.09,255.61,122.24,121.78,107.4,407.24,39.97,Class_B
S375,S375_M03,3,107.02,122.1,134.34,150.69,163.24,151.88,146.48,136.04,760.46,240.48,113.8,123.35,104.83,414.7,37.03,Class_A
S221,S221_M05,5,102.25,122.59,137.39,155.49,162.92,154.88,145.86,131.97,786.8,253.88,119.29,133.48,111.17,413.69,36.31,Class_A
S305,S305_M05,5,102.23,121.2,130.08,137.71,148.77,141.2,140.86,136.7,768.91,258.38,116.32,127.43,112.02,411.83,37.06,Class_C
S404,S404_M04,4,104.26,124.51,133.52,143.89,152.44,142.27,131.85,114.14,767.98,264.08,104.27,126.48,105.9,396.82,40.55,Class_A
S294,S294_M03,3,111.64,125.28,137.54,147.21,155.2,150.64,138.21,123.61,784.87,267.63,120.37,128.96,101.16,420.24,42.32,Class_A
S420,S420_M04,4,107.82,126.64,149.23,155.65,163.49,161.38,160.77,134.94,780.18,263.25,125.35,132.42,102.8,428.09,43.26,Class_C
S258,S258_M05,5,108.6,127.03,143.5,149.6,159.01,156.71,156.06,134.67,774.86,251.77,112.0,124.37,102.14,426.72,38.32,Class_A
S238,S238_M01,1,126.24,135.51,142.51,146.9,151.73,148.93,140.78,132.05,793.81,259.74,119.86,119.62,97.04,421.81,43.14,Class_C
S422,S422_M01,1,93.88,113.41,131.85,146.06,159.12,149.37,145.81,131.75,767.46,266.79,128.99,138.04,108.33,418.16,37.14,Class_A
S164,S164_M02,2,103.96,112.43,131.92,147.0,153.05,161.76,143.97,136.46,764.19,265.48,118.95,133.38,116.19,436.38,40.85,Class_A
S214,S214_M03,3,103.66,118.17,135.48,143.41,157.07,155.21,151.59,137.82,772.15,267.38,121.02,126.34,106.51,396.94,41.09,Class_C
S055,S055_M05,5,119.29,139.44,160.85,165.26,173.13,165.34,154.63,140.64,775.08,280.88,135.89,141.38,117.32,421.58,47.06,Class_C
S349,S349_M01,1,117.33,133.57,145.88,153.08,155.07,162.98,148.28,136.3,777.06,260.43,125.31,122.12,100.18,431.16,39.23,Class_B
S174,S174_M01,1,114.82,136.52,152.4,158.19,161.56,157.32,152.18,142.14,768.66,246.94,112.86,126.66,105.03,427.37,44.4,Class_C
S021,S021_M02,2,115.58,129.21,141.22,142.19,151.52,142.09,140.77,140.46,780.14,280.12,122.33,125.31,109.94,408.38,40.23,Class_C
S312,S312_M03,3,119.42,125.19,143.83,152.07,159.79,150.57,141.12,127.41,761.68,253.68,126.8,131.85,119.54,421.83,39.32,Class_B
S022,S022_M03,3,115.55,127.34,138.61,148.56,152.77,156.28,145.71,132.58,766.82,249.08,132.49,141.76,119.05,420.09,39.56,Class_B
S500,S500_M02,2,113.92,126.81,141.75,142.33,155.71,153.16,131.95,126.93,810.14,247.53,120.3,126.86,111.16,402.07,39.61,Class_B
S300,S300_M05,5,116.6,126.89,150.62,160.82,164.93,154.71,138.41,128.39,786.96,273.09,118.19,123.5,107.88,416.32,39.0,Class_B
S276,S276_M03,3,112.01,133.78,143.74,156.85,160.1,153.84,145.56,133.06,806.67,264.42,117.61,124.61,106.47,413.68,41.89,Class_B
S248,S248_M03,3,108.54,122.55,143.37,152.59,167.51,156.1,142.66,141.9,791.93,270.19,126.74,133.04,107.86,413.32,43.91,Class_B
S396,S396_M04,4,115.73,133.46,144.18,155.02,162.75,153.91,145.77,137.89,772.45,247.9,126.12,133.04,115.69,425.96,44.33,Class_B
S466,S466_M05,5,115.24,135.61,140.76,146.87,158.49,156.5,151.42,137.46,779.39,252.2,122.79,130.44,110.78,421.89,44.02,Class_C
S278,S278_M05,5,104.4,119.39,135.21,144.81,156.02,150.89,143.06,135.07,780.38,247.96,119.75,126.9,117.78,433.61,32.31,Class_B
S499,S499_M03,3,113.03,137.26,154.04,161.23,164.04,150.99,146.79,135.5,774.04,251.53,117.54,121.8,104.41,419.58,33.9,Class_B
S143,S143_M03,3,118.07,122.83,133.01,143.65,146.83,144.66,142.97,134.0,793.08,264.01,122.38,128.12,110.41,413.67,41.89,Class_C
S015,S015_M03,3,103.37,121.65,141.34,147.82,158.37,155.32,156.12,141.71,762.78,254.79,117.72,125.67,107.59,407.02,41.68,Class_B
S364,S364_M04,4,118.54,136.55,146.87,152.05,162.7,154.69,156.72,135.59,777.44,267.02,112.48,129.5,111.29,434.52,35.38,Class_A
S483,S483_M01,1,121.57,138.76,155.67,166.29,170.69,160.66,148.56,151.29,756.83,265.64,124.91,130.32,111.17,411.26,44.16,Class_B
S097,S097_M02,2,113.08,121.68,141.52,147.16,147.57,150.19,142.01,130.44,791.43,257.53,106.39,114.29,94.51,409.57,37.85,Class_B
S397,S397_M04,4,120.71,137.01,160.07,169.22,161.38,157.28,156.06,139.35,792.87,267.01,122.7,125.83,104.87,430.39,40.6,Class_C
S288,S288_M01,1,112.71,128.74,131.97,137.54,150.1,148.28,140.49,124.27,773.26,271.99,127.77,135.53,116.79,414.02,45.31,Class_B
S235,S235_M02,2,110.22,129.29,153.48,155.61,165.8,162.6,153.59,136.85,791.17,265.03,129.16,127.86,104.87,421.12,39.65,Class_C
S493,S493_M04,4,109.86,130.77,143.83,152.88,159.77,151.36,143.37,130.65,792.36,269.87,132.15,135.12,119.68,429.16,35.34,Class_B
S291,S291_M01,1,108.53,127.78,137.02,137.33,142.89,147.11,142.01,127.72,783.39,259.2,122.05,133.01,101.21,421.92,38.5,Class_C
S082,S082_M01,1,96.32,114.2,130.19,141.07,151.29,142.1,129.18,114.27,790.1,262.53,115.79,125.17,113.35,405.52,45.53,Class_B
S152,S152_M03,3,112.19,126.02,137.2,143.77,148.28,140.2,136.78,134.28,745.99,260.49,122.32,130.15,107.06,398.26,34.51,Class_C
S276,S276_M04,4,111.42,140.84,142.68,160.08,161.25,149.83,138.33,133.06,773.66,259.13,117.56,129.92,114.96,408.94,41.91,Class_B
S328,S328_M03,3,112.41,129.14,137.53,150.95,151.01,142.5,136.09,131.41,782.81,264.32,114.77,129.58,115.03,425.28,37.06,Class_B
S283,S283_M05,5,104.06,128.82,136.83,149.66,155.6,161.37,145.83,127.33,772.63,259.87,116.17,132.69,101.11,423.96,39.07,Class_A
S358,S358_M02,2,113.03,123.42,137.24,147.66,158.02,151.87,144.81,135.11,791.98,246.31,113.53,128.94,104.27,434.96,37.08,Class_C
S149,S149_M04,4,108.83,123.37,140.4,146.25,161.35000000000002,154.28,137.92,129.62,783.09,253.12,119.1,135.81,122.66,411.75,42.38,Class_B
S162,S162_M02,2,107.92,123.88,140.93,139.55,159.58,150.4,149.12,137.87,774.34,269.08,124.12,127.71,105.35,425.25,42.31,Class_C
S464,S464_M01,1,93.06,111.0,137.15,146.65,157.1,147.695,140.65,129.29,783.81,270.22,110.69,136.35,107.96,429.02,40.1,Class_A
S325,S325_M04,4,121.35,133.79,142.75,156.09,159.25,150.98,146.68,138.26,803.22,252.46,126.75,130.65,103.19,440.18,38.91,Class_C
S384,S384_M01,1,100.09,128.21,144.54,159.58,159.5,154.81,156.44,139.69,782.69,256.36,114.64,127.02,105.85,415.48,42.91,Class_B
S290,S290_M05,5,101.0,111.29,130.64,148.67,154.18,149.76,149.59,128.06,770.69,259.5,113.8,126.91,111.0,402.87,35.23,Class_A
S030,S030_M04,4,121.47,126.33,146.34,149.79,151.18,150.21,140.29,128.68,801.27,251.85,124.39,118.53,105.1,438.37,39.51,Class_C
S267,S267_M01,1,88.72,112.46,133.03,147.24,154.07,144.87,135.53,119.14,774.18,257.4,120.68,129.1,104.11,421.31,38.93,Class_A
S291,S291_M03,3,105.63,119.93,132.07,139.82,149.95,146.4,143.72,133.04,765.41,265.75,114.45,126.63,93.18,391.85,38.54,Class_C
S139,S139_M03,3,115.81,132.13,134.85,145.05,158.47,156.06,147.44,139.81,776.48,246.24,127.63,139.09,111.1,419.3,40.03,Class_C
S164,S164_M04,4,111.49,112.74,127.9,141.89,149.02,149.35,141.68,134.35,793.02,271.79,129.34,136.86,126.28,423.83,34.47,Class_A
S355,S355_M05,5,127.7,141.33,152.95,152.69,160.27,149.61,148.9,138.56,793.9,232.96,124.38,128.21,103.34,422.27,40.65,Class_B
S317,S317_M03,3,110.35,119.99,141.4,144.22,155.93,145.6,133.8,127.75,789.06,252.88,127.83,138.95,119.94,435.42,42.78,Class_B
S347,S347_M03,3,109.07,129.79,144.24,160.21,167.27,154.8,147.4,132.36,770.91,260.63,118.88,117.37,103.67,418.46,43.35,Class_C
S141,S141_M02,2,106.17,126.92,138.5,157.08,159.15,153.94,141.6,136.17,784.04,250.82,112.29,114.56,91.99,437.14,41.85,Class_B
S444,S444_M04,4,102.18,126.64,145.17,159.22,161.42,168.61,158.4,147.13,775.56,239.09,116.64,117.63,98.08,418.29,44.11,Class_A
S185,S185_M02,2,113.83,113.99,128.24,140.18,155.46,148.36,148.02,129.8,753.31,265.9,123.98,123.87,109.88,437.29,43.66,Class_C
S182,S182_M01,1,115.6,129.08,133.65,152.68,156.22,147.7,141.11,130.05,790.84,262.49,111.24,106.48,101.13,422.61,46.39,Class_C
S091,S091_M05,5,108.82,122.55,140.22,157.89,168.38,158.74,146.04,127.4,816.91,255.05,119.96,121.76,99.22,414.12,39.87,Class_A
S301,S301_M02,2,116.82,125.74,142.04,156.35,159.53,154.76,152.91,143.27,778.25,269.88,120.01,120.26,97.83,424.17,43.18,Class_C
S363,S363_M02,2,97.08,116.65,142.77,154.26,165.6,161.7,145.67,132.35,759.81,247.21,110.88,123.72,109.84,410.22,43.08,Class_A
S463,S463_M01,1,109.35,124.08,136.76,144.47,155.81,150.82,147.68,137.12,775.35,259.16,124.67,128.78,103.68,429.68,40.3,Class_C
S034,S034_M03,3,100.14,120.09,137.42,142.94,146.82,137.83,133.14,124.76,774.6,277.59,116.1,136.29,118.65,410.37,32.0,Class_B
S147,S147_M01,1,114.74,129.19,144.84,153.02,146.89,143.2,142.08,132.64,772.45,255.57,126.0,134.33,117.68,416.23,43.21,Class_B
S319,S319_M05,5,99.82,127.07,147.81,163.39,166.24,160.57,151.31,148.31,768.48,259.9,121.14,136.36,111.27,426.93,36.79,Class_A
S006,S006_M02,2,116.04,134.51,149.64,152.68,164.29,156.4,149.06,135.03,783.29,257.5,127.98,124.99,105.71,429.91,39.7,Class_C
S273,S273_M01,1,104.52,119.96,138.67,146.3,162.04,160.55,150.36,127.68,785.3,253.02,119.14,136.13,106.97,420.15,40.05,Class_A
S308,S308_M05,5,112.1,131.52,139.53,162.14,165.39,153.19,154.49,128.34,799.51,266.99,118.87,118.67,105.59,432.46,37.38,Class_B
S200,S200_M03,3,103.88,115.98,137.16,148.31,166.94,157.14,142.56,122.42,778.64,251.85,117.31,131.79,111.04,402.51,35.9,Class_A
S236,S236_M02,2,118.23,129.15,148.73,156.35,165.89,144.18,137.91,136.06,779.28,263.4,119.63,124.57,109.78,404.47,45.4,Class_C
S209,S209_M01,1,106.21,122.05,137.85,149.26,161.57,164.26,152.78,134.02,757.99,258.93,113.27,122.52,113.06,414.81,40.24,Class_A
S255,S255_M01,1,111.7,114.69,135.83,145.65,160.67,152.17,136.67,124.69,782.78,252.67,112.25,123.5,106.11,430.86,39.94,Class_A
S438,S438_M05,5,106.6,129.25,147.1,162.62,167.72,155.49,144.31,137.31,770.77,246.36,116.16,113.72,100.32,414.31,41.22,Class_B
S009,S009_M02,2,98.33,120.9,143.56,147.2,157.55,158.07,142.13,121.26,781.2,258.0,117.81,136.16,111.45,424.98,42.07,Class_A
S252,S252_M05,5,111.02,119.31,135.51,148.72,154.1,159.82,144.76,141.3,797.24,265.77,144.15,144.8,122.23,425.34,39.95,Class_C
S475,S475_M05,5,91.61,112.87,135.11,142.47,158.93,149.0,143.19,133.16,758.87,267.19,107.72,123.34,99.22,396.24,39.36,Class_A
S345,S345_M04,4,110.03,125.79,140.08,141.56,148.8,151.94,146.38,140.62,775.99,260.08,113.36,123.17,107.74,418.59,43.28,Class_C
S279,S279_M02,2,117.12,127.11,148.86,159.87,171.05,161.61,154.08,133.61,795.03,249.16,126.46,131.49,106.21,440.23,37.39,Class_C
S255,S255_M02,2,105.41,121.62,133.02,143.92,155.76,157.04,139.48,123.96,769.85,249.85,113.31,121.46,101.71,430.86,40.15,Class_A
S122,S122_M05,5,101.31,127.77,151.65,151.86,172.39,163.91,155.56,137.59,789.38,266.74,119.13,128.79,114.2,422.89,34.67,Class_B
S227,S227_M03,3,93.74,117.41,141.03,152.84,164.46,159.73,152.67,138.98,798.74,264.1,126.29,133.68,102.01,429.54,39.82,Class_A
S405,S405_M02,2,122.27,130.41,144.08,160.88,164.88,158.91,159.67,142.87,776.15,249.92,120.91,122.54,103.54,439.13,35.35,Class_C
S089,S089_M02,2,87.66,106.5,110.87,124.45,145.32,143.72,137.64,122.87,761.46,257.18,115.52,129.43,108.21,413.76,34.87,Class_A
S274,S274_M04,4,108.9,125.41,137.58,150.06,159.5,155.18,151.74,147.44,769.95,270.73,121.1,126.54,113.6,404.96,39.74,Class_B
S436,S436_M01,1,97.43,116.02,127.77,147.09,155.97,149.74,139.86,125.65,765.34,257.1,106.14,119.86,104.5,416.15,34.13,Class_A
S099,S099_M04,4,106.96,109.19,131.79,148.38,157.72,156.53,138.59,121.42,759.85,252.84,119.72,132.0,114.57,419.64,38.39,Class_A
S381,S381_M01,1,111.34,121.05,142.06,155.0,145.1,144.98,137.52,123.08,783.59,271.25,124.96,126.47,109.69,440.52,36.25,Class_B
S048,S048_M02,2,99.32,116.66,137.42,152.82,155.26,141.69,133.97,125.23,788.02,259.21,110.33,116.43,94.61,420.35,34.28,Class_A
S111,S111_M02,2,104.81,123.75,139.24,149.35,151.73,151.68,151.29,138.29,768.23,258.02,119.08,132.2,117.5,435.61,41.85,Class_B
S105,S105_M01,1,127.95,138.75,153.3,154.09,156.1,151.4,146.52,135.09,799.12,275.83,130.24,134.3,104.1,423.83,44.25,Class_C
S337,S337_M02,2,93.47,109.49,128.52,149.67,158.0,147.35,146.95,133.22,780.49,256.38,128.72,137.21,118.02,426.04,41.36,Class_A
S247,S247_M03,3,106.04,123.54,151.59,157.27,165.65,160.47,147.18,136.99,788.59,269.31,123.21,127.23,108.88,426.87,42.54,Class_B
S228,S228_M04,4,111.78,127.73,150.4,154.72,161.55,140.71,134.25,128.95,805.89,268.57,130.56,130.57,104.58,423.09,35.28,Class_B
S145,S145_M01,1,107.6,121.1,137.21,156.72,156.59,151.81,144.68,140.15,766.52,274.68,121.55,129.99,118.05,424.92,41.25,Class_B
S386,S386_M02,2,118.15,125.62,132.9,146.52,151.81,147.77,146.88,135.75,800.45,260.97,132.27,142.92,119.62,406.92,38.96,Class_C
S444,S444_M01,1,104.46,128.32,145.74,153.37,158.53,164.88,152.9,141.79,806.85,240.23,111.07,115.65,93.83,428.61,44.51,Class_A
S012,S012_M04,4,109.05,118.87,136.9,147.44,149.78,150.31,146.34,144.16,755.38,261.12,126.5,126.16,106.36,435.61,41.66,Class_C
S127,S127_M02,2,100.85,110.86,130.61,142.52,157.1,148.8,155.34,136.32,755.67,246.38,118.74,127.53,99.38,426.31,41.11,Class_A
S237,S237_M02,2,109.69,124.25,143.37,154.34,159.92,153.27,142.13,124.99,786.53,269.57,123.99,129.68,107.52,422.23,40.22,Class_B
S398,S398_M01,1,92.83,112.97,134.19,139.7,147.61,138.31,137.63,121.85,757.89,267.55,111.64,126.07,109.56,428.31,41.14,Class_A
S119,S119_M03,3,97.69,119.57,142.1,145.8,157.21,152.68,147.31,132.81,756.89,262.55,125.44,123.17,118.49,429.52,40.95,Class_B
S437,S437_M04,4,113.34,121.56,145.14,161.09,178.58,164.83,154.98,133.5,776.64,256.39,115.98,143.73,118.48,421.71,39.95,Class_A
S188,S188_M05,5,95.74,105.43,125.98,140.32,152.76,153.43,144.62,134.36,777.94,279.53,119.54,136.74,119.87,426.35,45.22,Class_A
S467,S467_M03,3,100.86,132.58,146.61,158.5,156.39,150.25,147.36,140.27,801.37,248.68,118.82,124.4,110.36,438.01,34.67,Class_B
S250,S250_M05,5,115.9,124.16,142.85,156.29,156.68,152.86,146.22,141.23,805.15,267.315,119.89,125.93,111.76,428.42,46.08,Class_B
S181,S181_M05,5,112.05,126.3,143.84,151.71,159.18,150.43,142.04,134.85,810.57,245.06,138.72,138.15,107.24,430.88,40.29,Class_C
S394,S394_M01,1,111.09,122.24,135.57,140.88,154.72,156.9,141.3,127.89,778.85,278.7,137.02,131.35,104.05,419.22,37.52,Class_C
S482,S482_M01,1,97.73,110.65,131.64,146.55,163.72,160.23,151.53,135.06,774.31,242.72,103.96,115.99,99.12,409.99,41.39,Class_A
S312,S312_M04,4,121.96,128.08,141.11,151.04,155.45,153.49,144.08,130.55,776.43,279.51,123.83,131.6,119.51,418.92,44.15,Class_B
S388,S388_M03,3,103.87,109.08,127.63,137.5,153.16,150.66,153.55,130.06,782.75,264.75,124.5,130.59,111.71,431.97,36.23,Class_C
S376,S376_M01,1,107.7,126.09,144.85,157.16,159.33,151.03,141.21,125.22,772.41,268.29,104.58,123.33,103.98,423.91,36.64,Class_A
S464,S464_M05,5,91.0,112.26,138.06,143.52,152.76,144.18,136.07,130.21,762.94,250.78,114.19,128.37,106.6,412.62,38.25,Class_A
S142,S142_M02,2,102.34,116.91,142.18,149.91,160.7,155.97,140.13,130.7,786.83,257.42,107.63,126.61,107.83,405.77,43.4,Class_B
S205,S205_M03,3,105.04,118.69,140.86,155.05,166.72,153.7,134.33,118.72,782.99,258.17,131.0,139.84,113.055,416.08,45.27,Class_A
S150,S150_M01,1,106.2,128.03,139.55,155.29,158.51,155.0,140.41,128.07,769.03,246.45,111.44,133.35,109.44,432.89,37.19,Class_A
S370,S370_M04,4,115.07,136.79,144.95,155.19,151.01,152.03,141.99,134.03,769.81,238.85,119.77,121.32,100.13,414.03,44.76,Class_C
S310,S310_M03,3,112.38,119.93,141.71,148.76,149.54,154.6,160.49,136.34,764.35,254.41,110.22,124.93,103.91,431.05,43.23,Class_A
S103,S103_M04,4,102.4,120.2,150.34,156.22,166.86,167.72,151.33,136.06,785.73,260.43,116.05,122.98,102.65,422.0,37.06,Class_A
S017,S017_M02,2,108.17,123.02,140.76,150.845,154.62,161.32,153.6,141.66,804.71,267.07,125.1,131.2,105.86,420.7,40.29,Class_B
S445,S445_M03,3,99.92,113.78,128.5,139.86,152.19,146.26,149.93,133.72,773.97,267.83,121.56,125.99,107.58,419.74,40.4,Class_A
S183,S183_M05,5,115.95,128.3,151.01,164.68,165.97,150.44,141.57,130.34,804.77,266.64,128.88,124.15,111.03,451.17,37.35,Class_B
S462,S462_M04,4,106.54,107.33,128.925,143.45,151.3,150.08,137.98,133.73,785.69,263.95,110.45,127.33,96.69,430.66,42.42,Class_A
S368,S368_M02,2,120.25,129.43,135.57,147.52,159.25,154.49,144.04,131.07,800.45,252.8,108.71,122.07,96.4,406.68,43.53,Class_C
S031,S031_M01,1,107.17,118.48,135.52,141.15,150.47,153.74,145.04,129.87,804.07,254.37,124.69,133.36,120.29,434.7,40.34,Class_C
S155,S155_M05,5,102.43,113.84,132.5,145.18,158.22,157.2,162.59,143.09,762.72,255.66,119.78,127.13,102.51,415.15,44.64,Class_A
S066,S066_M05,5,105.39,117.67,130.99,147.54,146.35,144.26,130.33,131.63,781.83,253.58,123.09,121.51,103.17,414.12,41.0,Class_B
S002,S002_M02,2,113.47,130.99,142.18,148.52,156.36,139.78,128.02,116.47,747.13,264.14,106.13,121.02,99.92,441.17,40.17,Class_B
S189,S189_M04,4,116.44,131.82,143.77,159.92,166.68,160.21,153.59,128.37,805.37,269.97,119.59,120.74,99.74,430.92,34.54,Class_C
S323,S323_M01,1,103.01,124.75,140.2,159.3,165.18,149.66,140.11,127.47,779.13,273.48,102.9,129.82,104.69,428.28,35.46,Class_A
S147,S147_M05,5,115.51,131.06,146.52,149.67,151.83,146.17,139.85,127.72,778.48,254.94,126.15,126.57,120.01,415.71,42.83,Class_B
S182,S182_M05,5,111.77,123.87,133.66,149.45,150.59,143.11,141.94,138.9,772.11,253.82,114.85,117.21,105.51,438.06,45.89,Class_C
S094,S094_M04,4,88.07,99.32,126.7,130.63,127.47,122.52,135.23,110.22,760.65,249.99,122.51,132.88,115.91,429.79,39.64,Class_B
S037,S037_M02,2,104.3,122.315,143.2,146.39,164.0,150.96,153.71,132.57,746.93,261.13,108.78,123.12,100.57,424.98,36.16,Class_A
S033,S033_M05,5,108.01,121.89,141.01,148.03,157.19,147.87,137.36,132.42,809.22,257.8,113.05,127.19,108.88,420.46,35.86,Class_A
S091,S091_M02,2,101.54,118.33,141.5,158.635,168.77,153.59,145.97,129.52,788.62,263.81,117.72,124.22,100.95,418.54,38.62,Class_A
S099,S099_M01,1,100.38,109.16,135.59,147.21,158.28,155.64,142.03,112.89,790.23,243.3,120.48,133.15,118.71,406.15,37.86,Class_A
S283,S283_M03,3,102.88,131.36,141.72,150.84,162.55,163.04,148.62,131.91,788.44,259.85,117.13,128.2,102.22,418.5,40.63,Class_A
S229,S229_M04,4,110.74,134.41,143.68,150.08,159.89,141.31,139.85,131.31,773.52,246.91,121.75,124.26,114.36,420.07,34.12,Class_B
S436,S436_M05,5,104.16,117.37,133.19,143.47,156.4,146.68,137.42,128.25,772.06,253.34,110.78,119.76,105.48,417.52,36.29,Class_A
S223,S223_M02,2,103.8,127.68,131.29,139.95,154.61,148.9,145.4,133.12,790.48,269.14,126.2,124.36,107.04,447.35,41.49,Class_C
S478,S478_M03,3,104.81,122.08,136.01,149.55,167.42,154.17,141.36,132.35,799.87,259.2,124.43,128.35,113.49,420.43,41.4,Class_B
S458,S458_M05,5,109.22,114.64,136.4,136.53,141.56,151.25,146.8,131.01,782.36,246.47,120.87,119.19,106.98,434.56,36.53,Class_B
S301,S301_M04,4,119.13,128.99,145.17,151.65,162.55,156.8,152.4,130.96,786.49,252.72,122.5,126.95,97.15,437.32,38.25,Class_C
S347,S347_M02,2,110.59,121.81,143.34,159.99,163.97,145.31,146.46,134.59,782.43,267.54,119.51,127.68,108.45,433.73,43.34,Class_C
S332,S332_M02,2,90.64,106.66,127.12,137.61,145.48,143.82,140.2,119.81,755.03,257.67,113.3,124.77,106.0,415.78,39.61,Class_A
S307,S307_M03,3,126.44,130.01,153.02,159.38,157.58,140.51,141.3,129.89,785.81,262.29,120.53,129.51,108.88,429.17,46.19,Class_B
S374,S374_M04,4,113.92,127.55,136.88,145.37,164.29,159.59,152.82,130.76,790.67,242.46,117.84,118.54,95.28,395.24,40.94,Class_A
S351,S351_M01,1,126.52,147.68,151.47,158.23,171.25,164.16,152.95,138.13,770.61,249.61,117.88,129.76,116.72,419.28,39.38,Class_B
S401,S401_M02,2,108.5,121.97,135.3,145.6,158.87,155.5,147.2,137.61,777.31,256.73,117.7,128.59,112.05,436.62,37.12,Class_A
S066,S066_M03,3,105.09,116.87,124.2,139.47,146.99,142.51,130.91,126.38,761.86,253.24,122.37,125.85,107.31,411.3,44.18,Class_B
S089,S089_M03,3,85.85,107.66,117.83,132.72,152.89,147.28,141.13,127.31,782.42,268.74,113.49,120.81,110.12,410.75,33.72,Class_A
S322,S322_M04,4,116.63,135.95,149.9,163.97,172.07,152.56,156.66,143.49,791.3,274.49,128.91,135.39,117.61,420.05,35.01,Class_B
S350,S350_M01,1,96.51,118.62,136.53,142.32,152.57,150.11,147.55,137.58,778.34,256.22,120.86,129.68,107.46,420.01,34.51,Class_A
S167,S167_M03,3,108.55,119.18,128.56,137.58,157.0,137.92,143.27,126.03,802.28,264.01,115.07,123.68,96.51,418.27,41.42,Class_C
S384,S384_M04,4,105.71,126.24,136.43,153.41,155.03,146.91,145.95,136.63,767.79,246.16,115.87,128.63,109.73,426.86,42.49,Class_B
S383,S383_M01,1,110.69,119.98,131.75,143.43,155.67,146.56,141.38,133.11,779.49,243.3,122.92,122.01,109.39,427.19,42.51,Class_C
S266,S266_M01,1,99.24,116.77,125.53,150.36,152.74,149.75,142.29,135.97,781.57,240.35,107.4,122.17,100.88,397.15,37.05,Class_A
S018,S018_M02,2,109.76,127.4,143.23,154.96,167.83,161.16,148.53,133.14,788.01,269.74,116.62,131.18,107.06,423.78,39.38,Class_A
S490,S490_M03,3,116.49,133.56,141.29,153.45,151.39,136.2,134.09,126.39,780.61,239.6,133.62,131.15,106.97,404.5,41.68,Class_B
S156,S156_M03,3,119.93,131.76,146.5,152.76,156.68,150.24,147.32,132.72,793.82,254.03,141.51,149.69,141.25,411.7,40.85,Class_C
S303,S303_M03,3,104.31,115.58,133.34,140.58,149.76,135.25,142.37,129.03,786.49,255.525,123.33,124.04,96.15,409.69,41.69,Class_B
S011,S011_M05,5,106.19,122.93,137.97,144.13,155.12,145.94,142.77,129.58,790.77,248.14,113.74,134.34,113.3,406.39,39.05,Class_B
S379,S379_M05,5,111.8,119.42,132.5,140.33,154.84,152.39,143.83,127.82,748.91,260.31,129.94,134.75,114.28,441.9,39.7,Class_B
S258,S258_M03,3,105.73,121.21,135.35,149.67,158.39,154.62,149.21,129.98,767.99,248.4,109.31,118.98,100.48,429.77,36.65,Class_A
S453,S453_M04,4,110.47,122.59,139.01,152.75,162.64,152.94,153.48,141.85,776.92,274.99,125.05,131.7,110.2,422.46,42.55,Class_C
S319,S319_M01,1,100.34,125.04,144.71,159.55,172.94,155.22,148.67,144.52,759.96,254.59,123.38,135.15,114.63,420.02,37.62,Class_A
S250,S250_M01,1,114.29,119.09,143.88,156.89,156.67,149.78,145.52,136.87,774.16,261.8,127.08,121.57,107.53,439.9,49.54,Class_B
S023,S023_M04,4,117.88,127.21,140.66,144.3,148.11,143.67,138.21,126.93,768.04,265.49,124.76,126.46,108.28,432.46,41.78,Class_C
S470,S470_M04,4,115.92,130.57,143.06,153.0,159.38,154.72,142.02,135.99,750.66,255.09,120.07,130.83,110.33,423.72,38.91,Class_B
S198,S198_M03,3,120.13,128.34,140.03,146.67,148.4,154.27,156.49,139.83,794.34,271.89,122.91,127.05,105.35,420.29,37.87,Class_C
S425,S425_M01,1,118.94,137.86,159.5,158.14,161.67,159.62,149.99,132.02,783.82,265.62,118.99,128.07,105.3,438.28,38.24,Class_B
S318,S318_M03,3,109.08,124.4,136.12,141.3,153.83,146.03,142.02,138.45,782.34,259.34,117.62,134.83,107.98,414.39,38.27,Class_C
S202,S202_M05,5,115.69,130.08,145.08,154.7,161.73,155.33,150.96,134.21,797.67,264.33,128.86,129.97,103.45,428.5,45.18,Class_C
S240,S240_M04,4,116.72,125.25,142.74,161.53,156.45,158.9,147.06,130.89,772.29,244.03,118.15,119.31,97.56,419.84,41.68,Class_A
S118,S118_M05,5,117.75,125.91,136.03,140.49,149.35,145.24,142.33,136.79,787.0,252.92,115.89,125.29,101.04,397.02,43.39,Class_C
S154,S154_M04,4,107.83,119.24,126.74,146.53,155.2,148.33,133.88,122.76,791.5,249.51,125.66,132.86,104.16,424.25,38.02,Class_B
S004,S004_M03,3,106.14,132.53,142.07,153.51,154.85,154.51,144.46,134.75,811.39,272.37,119.76,129.29,100.87,422.29,45.11,Class_C
S209,S209_M03,3,111.94,123.69,141.92,150.28,156.7,162.17,147.37,131.16,763.09,246.14,105.33,120.43,108.29,415.32,42.18,Class_A
S411,S411_M04,4,123.26,136.82,152.45,155.3,159.62,153.71,145.96,136.97,811.08,252.92,137.38,149.15,120.97,428.9,38.24,Class_C
S058,S058_M01,1,102.24,119.36,135.35,147.93,153.14,138.61,134.44,123.2,777.93,266.91,117.47,127.07,107.02,429.63,35.61,Class_B
S086,S086_M04,4,105.49,124.25,147.44,164.77,168.93,163.39,153.5,139.99,774.41,275.56,116.78,129.01,98.68,429.25,35.2,Class_A
S389,S389_M01,1,100.3,130.21,141.88,163.16,170.44,165.46,157.04,140.37,790.07,263.22,126.7,138.21,113.21,419.51,34.575,Class_A
S313,S313_M05,5,111.25,117.37,143.92,149.72,165.05,148.89,135.06,113.08,752.56,249.42,124.48,128.49,102.39,412.74,35.89,Class_A
S134,S134_M05,5,110.58,123.94,141.86,152.24,160.85,155.36,144.22,132.55,767.2,261.09,126.49,133.62,114.11,413.81,38.89,Class_B
S007,S007_M02,2,120.2,139.66,148.68,155.54,167.57,162.35,150.33,140.21,785.7,280.7,126.3,128.56,104.13,430.96,44.65,Class_C
S269,S269_M02,2,91.74,112.88,128.95,145.19,151.39,150.23,143.19,122.67,778.11,266.04,108.69,128.45,112.68,411.97,36.4,Class_A
S145,S145_M03,3,105.48,126.25,137.14,156.03,157.31,150.45,149.3,142.04,789.9,271.04,117.48,122.5,117.82,437.13,40.4,Class_B
S191,S191_M02,2,111.49,119.99,124.77,138.86,148.11,145.94,148.06,142.16,785.92,278.7,121.88,128.35,104.3,419.39,41.52,Class_C
S423,S423_M03,3,112.38,141.13,160.08,167.23,169.95,166.64,164.18,137.92,788.14,262.69,126.8,134.44,109.01,419.82,36.535,Class_A
S043,S043_M05,5,110.38,128.19,136.68,142.14,154.68,144.95,144.26,129.1,749.17,259.53,111.315,132.43,109.83,404.99,40.23,Class_C
S362,S362_M03,3,110.72,128.57,138.47,153.0,164.84,146.63,145.77,124.01,779.3,241.57,124.94,133.68,103.05,426.35,39.12,Class_A
S233,S233_M05,5,114.46,127.82,135.51,147.51,154.43,145.35,143.02,130.38,786.68,262.14,127.83,139.77,123.5,412.32,36.64,Class_C
S066,S066_M02,2,107.73,117.08,130.32,138.3,145.54,143.22,132.02,132.38,777.73,254.29,119.3,121.9,102.49,415.23,44.3,Class_B
S113,S113_M01,1,93.37,112.48,136.21,143.91,152.28,138.84,136.7,124.92,762.75,247.17,124.08,134.99,113.56,403.42,38.25,Class_A
S218,S218_M02,2,105.49,116.33,141.34,147.13,162.54,149.74,150.89,128.07,782.82,260.91,105.0,129.89,101.76,421.05,40.04,Class_A
S370,S370_M05,5,113.86,134.48,137.84,149.14,148.38,147.38,142.43,137.5,759.39,245.31,119.47,119.39,100.23,410.36,40.8,Class_C
S069,S069_M02,2,97.86,116.41,127.13,133.99,153.63,140.38,132.95,123.9,760.89,227.53,95.19,119.8,95.41,403.8,35.78,Class_A
S030,S030_M03,3,120.99,119.68,146.44,148.42,153.46,148.08,143.84,135.1,786.09,260.15,129.3,124.205,105.28,441.97,42.31,Class_C
S372,S372_M05,5,101.39,124.0,144.92,153.31,166.91,150.66,138.83,127.48,765.71,263.37,117.93,134.76,104.39,408.53,39.47,Class_A
S222,S222_M03,3,112.87,130.13,149.72,155.38,160.53,155.51,149.27,138.58,784.25,261.55,128.77,141.54,115.56,419.1,41.34,Class_B
S170,S170_M04,4,119.39,135.78,148.82,153.5,156.05,144.85,139.6,135.15,766.87,250.85,129.3,131.12,99.31,415.6,46.52,Class_C
S194,S194_M02,2,126.36,130.71,143.76,154.97,155.68,144.3,147.62,135.81,772.85,262.74,124.91,125.08,101.01,410.24,43.35,Class_C
S215,S215_M03,3,112.54,130.9,142.79,148.84,161.29,154.73,151.36,144.46,804.32,265.95,127.33,132.99,100.75,430.0,43.25,Class_C
S032,S032_M01,1,107.1,123.75,130.41,141.82,152.87,146.35,139.77,135.05,799.88,253.95,122.98,123.02,97.88,427.5,40.83,Class_C
S390,S390_M02,2,101.61,118.95,131.55,143.22,147.52,144.98,144.86,134.34,792.8,262.61,129.67,129.9,104.44,423.64,36.7,Class_C
S325,S325_M01,1,118.05,124.51,138.89,151.19,151.62,151.46,148.12,129.77,772.0,261.37,124.79,128.1,103.59,413.97,40.17,Class_C
S201,S201_M03,3,121.31,132.01,150.63,161.58,168.06,167.73,149.2,146.2,787.84,260.71,130.18,133.95,110.02,423.56,36.65,Class_C
S482,S482_M05,5,98.75,110.71,135.53,148.56,167.65,153.81,141.55,127.35,773.66,258.61,105.33,121.8,102.33,396.63,39.92,Class_A
S420,S420_M05,5,113.5,135.02,145.51,152.86,161.86,160.15,157.85,144.09,795.84,259.65,122.09,127.1,98.45,424.35,40.62,Class_C
S374,S374_M03,3,119.11,128.42,143.86,141.42,160.18,158.29,154.7,133.18,770.22,257.91,110.59,122.17,100.72,415.38,38.37,Class_A
S444,S444_M02,2,103.84,127.55,141.13,155.33,160.62,166.47,158.33,143.59,777.89,245.04,111.67,115.52,86.98,422.16,41.98,Class_A
S472,S472_M05,5,114.54,122.72,143.17,149.25,154.09,146.1,132.9,121.74,794.09,261.75,113.49,122.41,106.5,409.49,34.09,Class_B
S241,S241_M04,4,112.3,116.96,140.02,146.66,151.96,151.31,150.52,140.65,808.51,251.75,118.81,132.63,112.62,410.65,38.83,Class_C
S418,S418_M03,3,107.32,128.64,139.2,146.03,154.09,159.22,153.73,142.3,767.67,262.53,133.4,134.65,103.61,411.93,42.17,Class_C
S471,S471_M03,3,126.22,144.94,158.23,166.19,165.96,156.68,141.4,133.19,790.4,274.39,119.6,127.38,117.29,435.42,43.8,Class_B
S337,S337_M05,5,97.65,109.69,135.02,150.55,157.91,151.95,141.42,130.45,767.16,240.06,131.32,135.27,114.9,418.3,38.34,Class_A
S470,S470_M05,5,117.36,133.45,147.98,155.31,160.9,156.57,140.8,134.23,780.11,268.76,121.49,132.9,111.51,411.69,41.05,Class_B
S362,S362_M01,1,111.97,123.02,138.25,149.9,162.26,152.88,144.29,122.29,774.78,260.46,124.04,133.92,104.75,420.86,39.75,Class_A
S400,S400_M05,5,111.34,121.91,140.12,158.83,164.72,158.36,141.82,128.64,781.49,265.15,117.87,124.79,101.0,407.62,38.24,Class_B
S450,S450_M05,5,116.1,130.16,146.01,160.29,169.23,160.78,142.43,130.68,786.85,260.67,118.92,126.64,108.94,400.9,40.86,Class_B
S188,S188_M04,4,95.21,105.62,130.16,140.15,151.14,146.2,139.86,129.45,773.5,270.31,120.88,139.69,122.57,438.89,41.69,Class_A
S451,S451_M02,2,105.15,126.54,146.85,153.76,161.61,154.09,148.34,134.84,788.72,256.56,112.12,123.39,104.42,416.44,37.62,Class_A
S070,S070_M02,2,111.41,126.48,142.49,146.25,152.59,152.13,146.3,135.25,773.87,252.08,109.39,125.8,110.13,412.87,38.57,Class_B
S419,S419_M02,2,92.97,111.49,133.26,142.39,152.14,148.15,135.86,132.77,781.75,256.88,111.71,124.26,108.69,417.32,35.46,Class_A
S497,S497_M03,3,108.64,120.95,147.07,159.45,156.2,158.88,140.0,134.91,758.36,252.05,126.96,128.98,113.7,421.75,42.58,Class_B
S292,S292_M03,3,99.51,115.79,136.52,143.88,158.0,144.51,139.17,122.14,769.79,258.63,115.62,126.95,108.15,425.88,33.91,Class_A
S078,S078_M01,1,120.14,135.17,152.29,148.89,146.8,137.17,138.13,126.73,772.16,266.37,119.95,127.27,102.67,419.87,43.92,Class_C
S341,S341_M03,3,91.35,110.63,129.14,142.31,159.44,153.76,142.59,125.51,770.27,241.05,108.83,125.47,106.31,421.43,41.87,Class_A
S331,S331_M04,4,123.85,134.32,148.59,154.24,162.09,157.72,143.91,136.32,795.87,259.73,129.89,131.98,110.34,449.31,41.83,Class_C
S049,S049_M04,4,109.56,126.46,143.6,154.93,166.22,151.51,145.47,133.48,790.18,256.12,112.5,122.65,105.85,417.92,38.49,Class_C
S302,S302_M05,5,104.19,125.23,149.33,158.39,164.58,159.08,153.21,138.12,776.22,259.23,113.21,138.19,122.61,404.32,43.3,Class_A
S188,S188_M02,2,103.31,111.33,128.96,141.52,149.5,152.58,145.12,139.4,773.24,279.5,124.45,142.25,117.19,425.68,44.98,Class_A
S431,S431_M04,4,108.75,126.75,141.12,151.21,151.56,153.14,146.12,142.06,766.49,255.25,112.75,115.92,98.06,433.99,38.34,Class_C
S063,S063_M03,3,122.52,134.23,151.82,154.83,154.45,151.69,142.87,133.56,787.32,250.21,130.07,131.1,108.28,414.98,49.7,Class_B
S490,S490_M02,2,119.96,135.96,146.37,156.3,152.78,137.19,135.93,128.95,775.14,260.08,134.93,133.66,108.75,424.5,41.39,Class_B
S405,S405_M03,3,123.62,129.31,150.27,159.72,166.16,158.97,159.88,143.11,770.3299999999999,250.01,123.25,122.27,102.95,421.63,36.68,Class_C
S267,S267_M03,3,93.05,108.06,129.16,143.58,160.99,150.75,131.67,119.31,777.82,260.18,113.99,133.67,106.38,429.65,38.04,Class_A
S194,S194_M04,4,126.06,132.68,138.94,151.9,153.43,139.27,138.27,129.65,801.84,262.79,122.21,119.99,99.26,428.84,42.36,Class_C
S133,S133_M01,1,114.7,140.48,148.48,155.08,164.44,153.75,147.96,131.7,778.6,270.23,121.51,127.14,113.51,415.58,40.73,Class_B
S188,S188_M01,1,90.46,105.16,128.03,143.22,152.87,154.67,152.59,140.86,785.26,278.31,113.77,136.22,116.09,428.17,46.64,Class_A
S075,S075_M01,1,110.17,131.58,145.09,155.73,158.64,156.28,139.0,128.88,799.49,240.73,107.12,121.74,103.46,420.48,39.47,Class_A
S114,S114_M02,2,123.25,133.0,143.09,152.46,152.54,144.99,134.04,121.41,772.97,262.89,123.39,132.87,112.61,433.74,41.56,Class_B
S396,S396_M02,2,116.43,137.1,150.1,154.48,163.68,159.35,155.11,142.78,785.04,268.84,127.76,135.18,111.41,431.77,40.09,Class_B
S165,S165_M05,5,109.45,126.72,134.11,147.04,157.58,149.09,137.63,124.25,784.96,265.44,120.64,122.47,110.48,424.83,40.77,Class_B
S197,S197_M03,3,113.89,132.08,146.63,159.1,163.85,155.75,142.93,129.75,770.0,265.25,124.72,138.88,119.82,429.8,40.11,Class_B
S471,S471_M02,2,120.7,137.86,145.8,154.37,155.92,151.11,143.63,131.47,798.64,277.23,118.82,125.54,112.88,423.28,43.41,Class_B
S298,S298_M03,3,101.06,118.81,142.03,148.93,154.41,145.3,144.22,139.91,784.61,279.47,116.95,128.4,107.28,414.47,36.55,Class_C
S432,S432_M01,1,120.46,133.76,150.2,149.88,157.6,159.1,146.17,136.25,783.25,260.99,122.12,126.13,96.78,430.46,39.89,Class_C
S163,S163_M04,4,106.36,116.31,142.96,152.76,160.31,153.86,144.71,131.68,795.81,249.39,113.6,124.01,109.53,438.18,43.01,Class_A
S156,S156_M04,4,117.48,127.84,137.09,149.35,158.15,152.26,144.825,134.65,778.32,280.53,127.07,129.09,108.04,411.82,40.97,Class_C
S265,S265_M01,1,121.07,128.64,129.46,144.18,148.72,150.65,153.87,138.86,785.88,262.14,119.26,127.17,103.12,425.37,37.16,Class_C
S308,S308_M03,3,113.07,131.54,147.65,159.55,166.0,159.71,153.02,133.68,805.48,262.77,118.18,122.47,99.6,419.93,41.57,Class_B
S211,S211_M03,3,118.5,129.64,138.54,150.93,164.25,157.08,155.32,140.92,789.19,266.6,125.33,127.1,99.7,408.82,44.09,Class_C
S367,S367_M03,3,119.12,125.0,137.76,151.74,158.55,154.07,156.2,139.17,796.51,258.68,127.9,128.78,102.48,442.83,41.37,Class_C
S203,S203_M04,4,122.4,124.59,140.28,153.26,164.94,161.5,161.5,143.41,743.64,255.13,121.0,132.04,111.47,410.11,39.3,Class_B
S281,S281_M02,2,118.04,134.05,151.95,156.36,162.03,164.84,148.32,131.87,791.36,245.8,126.67,133.92,112.1,418.66,34.97,Class_A
S359,S359_M02,2,107.93,129.31,140.94,157.03,156.75,153.1,145.39,136.65,762.15,262.16,116.49,119.71,103.62,422.18,44.08,Class_B
S416,S416_M04,4,108.2,120.06,134.39,144.91,154.04,148.9,141.53,123.17,761.66,244.84,118.27,136.37,107.56,426.74,41.97,Class_A
S355,S355_M02,2,117.13,137.06,142.33,144.58,154.86,148.45,149.27,134.96,797.84,243.04,120.97,124.94,110.81,411.57,41.2,Class_B
S026,S026_M02,2,101.33,122.56,130.27,144.43,162.79,158.05,147.48,138.41,776.6,253.57,116.75,123.16,98.07,407.8,33.75,Class_A
S178,S178_M03,3,122.9,132.9,147.13,143.94,152.04,147.24,148.20499999999998,140.99,777.45,271.22,125.03,124.49,102.65,399.84,42.32,Class_C
S410,S410_M04,4,114.02,123.76,134.43,143.03,152.57,142.7,137.6,126.91,768.78,258.79,131.4,132.35,105.98,421.2,41.51,Class_C
S270,S270_M03,3,106.13,130.81,148.76,156.1,168.98,159.23,151.09,130.64,782.74,262.8,117.72,139.28,114.98,420.7,37.74,Class_A
S202,S202_M03,3,112.45,135.43,142.31,157.88,157.27,150.81,149.18,131.21,789.27,266.01,125.27,121.21,101.97,428.46,39.72,Class_C
S072,S072_M01,1,106.72,114.11,134.98,144.52,159.43,147.18,138.46,134.32,786.3,262.36,119.81,134.45,110.48,425.25,37.33,Class_B
S201,S201_M04,4,120.95,127.74,149.75,161.23,167.05,163.68,151.39,145.76,777.32,259.23,128.21,131.26,107.55,417.85,39.68,Class_C
S137,S137_M03,3,101.65,120.5,136.35,150.06,144.75,155.75,157.3,141.34,775.8,252.5,119.3,116.46,99.4,434.0,39.64,Class_C
S166,S166_M03,3,120.17,139.32,151.68,160.69,161.94,148.54,142.67,140.71,779.69,268.62,122.36,132.28,117.71,435.19,42.29,Class_B
S302,S302_M03,3,108.63,125.57,148.93,162.92,168.33,164.04,152.63,137.84,787.98,264.74,115.61,141.81,121.38,402.16,41.45,Class_A
S197,S197_M05,5,116.46,125.5,146.8,156.47,157.78,156.63,139.01,126.73,772.46,259.73,131.5,135.0,117.82,429.49,42.7,Class_B
S247,S247_M04,4,110.27,121.03,140.96,147.14,163.12,154.13,149.65,132.4,776.33,274.01,115.47,124.22,105.14,418.04,36.45,Class_B
S426,S426_M04,4,124.14,127.96,141.64,154.04,152.43,140.29,140.3,125.69,788.26,268.09,119.66,125.51,112.24,411.89,41.04,Class_C
S029,S029_M01,1,108.54,124.46,149.71,155.01,170.67,159.72,150.79,134.06,785.76,255.31,118.79,130.68,112.36,411.05,36.48,Class_A
S044,S044_M03,3,103.55,117.93,135.07,143.94,159.28,161.3,145.04,124.03,777.01,258.13,107.78,129.01,104.01,434.69,38.39,Class_A
S412,S412_M01,1,105.97,128.87,138.31,146.1,150.75,148.68,139.53,129.59,756.32,257.05,126.95,128.72,108.47,425.6,41.23,Class_B
S335,S335_M03,3,94.9,126.37,138.71,155.74,172.61,155.9,147.83,141.21,780.67,274.38,122.73,134.92,106.51,415.86,38.63,Class_A
S446,S446_M01,1,139.97,144.2,163.17,180.67,197.55,180.61,172.12,158.4,782.73,251.5,135.89,145.05,110.24,432.63,43.21,Class_C
S344,S344_M04,4,105.78,128.2,142.7,152.39,164.51,142.77,133.31,128.67,796.01,257.6,120.63,127.05,108.25,435.3,36.76,Class_B
S323,S323_M03,3,102.7,124.24,135.14,152.38,164.76,152.97,138.3,125.42,767.24,265.45,101.48,129.73,103.19,434.68,36.39,Class_A
S005,S005_M03,3,108.64,127.87,140.93,154.26,162.67,159.5,142.07,119.82,745.35,257.55,116.33,126.21,109.58,394.22,32.06,Class_A
S143,S143_M02,2,111.98,123.41,134.26,137.71,152.19,147.16,138.99,133.75,784.85,253.43,121.82,127.85,112.65,409.31,42.74,Class_C
S232,S232_M03,3,94.74,118.11,136.44,148.14,158.49,143.0,147.29,136.62,771.92,258.97,120.66,127.01,105.71,406.57,46.01,Class_B
S481,S481_M01,1,110.68,125.69,140.55,147.09,159.04,157.99,150.71,128.96,780.54,251.54,121.92,136.31,115.38,403.12,42.65,Class_B
S175,S175_M02,2,107.69,126.45,142.3,150.21,152.48,143.18,141.86,118.97,790.1600000000001,261.31,106.24,115.19,101.49,415.64,40.25,Class_A
S296,S296_M03,3,109.7,114.45,121.57,140.31,146.02,145.04,134.32,125.75,796.4,275.14,119.73,133.62,114.6,408.32,34.74,Class_C
S003,S003_M01,1,113.52,123.2,135.61,151.96,155.3,146.81,148.87,138.78,778.55,246.67,123.87,133.97,99.82,401.96,38.01,Class_C
S443,S443_M03,3,118.88,128.93,145.23,151.59,155.05,150.97,147.67,132.63,768.91,262.29,119.22,125.7,107.82,415.92,41.19,Class_C
S494,S494_M02,2,113.4,136.1,149.9,161.51,168.13,160.58,145.78,134.38,778.59,265.03,118.19,129.86,112.31,419.35,39.55,Class_A
S343,S343_M04,4,122.85,144.78,144.46,144.41,154.15,152.27,150.29,135.62,783.08,248.81,130.4,135.4,107.76,430.85,43.23,Class_C
S264,S264_M01,1,104.04,126.99,142.71,151.49,163.26,158.3,130.29,110.85,781.43,257.28,126.62,139.98,107.46,410.77,42.4,Class_A
S151,S151_M05,5,112.61,132.5,151.2,153.52,159.49,153.1,141.89,141.4,764.71,272.21,122.7,120.51,100.33,406.49,39.65,Class_C
S126,S126_M02,2,107.54,121.54,139.71,146.14,157.83,153.19,144.64,135.76,763.09,269.56,118.36,126.73,114.14,409.8,46.99,Class_B
S350,S350_M02,2,94.93,115.15,137.4,144.2,154.22,154.05,146.91,143.34,783.73,264.32,122.31,140.49,118.74,427.5,35.96,Class_A
S297,S297_M01,1,120.83,137.76,142.86,146.83,147.95,145.37,136.97,120.1,804.55,256.91,120.19,130.46,99.56,435.44,41.88,Class_C
S026,S026_M05,5,101.68,112.54,127.67,145.4,165.25,158.18,147.99,141.6,764.66,268.01,112.25,125.06,94.49,426.43,33.76,Class_A
S169,S169_M04,4,100.83,119.16,144.79,151.07,160.43,153.16,134.49,131.38,754.59,254.08,114.36,120.63,91.36,413.83,38.7,Class_A
S065,S065_M04,4,110.98,122.85,138.01,147.87,167.37,157.12,154.66,149.63,800.78,265.59,141.71,138.94,113.65,420.28,41.65,Class_B
S343,S343_M02,2,120.92,142.18,141.13,150.17,154.85,158.79,155.03,143.24,799.73,253.88,131.0,146.31,115.55,429.76,42.16,Class_C
S372,S372_M04,4,98.5,124.72,142.67,150.1,159.92,149.13,135.0,119.12,760.88,259.16,123.56,138.07,107.94,410.75,37.86,Class_A
S257,S257_M05,5,110.69,126.05,135.34,138.05,147.19,150.44,141.29,129.61,793.76,266.77,118.34,120.96,102.96,402.69,44.52,Class_C
S486,S486_M04,4,116.89,121.99,135.9,138.92,146.7,139.44,137.81,124.14,771.38,271.6,122.83,130.22,114.36,435.0,39.46,Class_B
S003,S003_M05,5,110.11,128.04,146.13,158.72,162.66,148.34,143.19,137.15,757.86,253.08,124.86,135.72,101.87,400.83,41.63,Class_C
S190,S190_M03,3,105.43,124.0,135.32,149.62,156.52,141.61,134.13,124.82,782.1,266.1,110.8,132.58,109.82,427.13,46.77,Class_A
S044,S044_M01,1,103.86,118.565,141.95,147.62,163.76,163.25,146.06,124.29,773.04,273.07,112.46,129.96,106.56,434.05,32.46,Class_A
S329,S329_M02,2,112.57,124.18,147.02,156.68,160.22,150.93,143.78,123.91,751.93,255.52,126.99,138.7,107.99,423.88,35.08,Class_B
S392,S392_M02,2,110.27,119.56,137.65,151.88,161.9,165.96,154.46,137.0,796.71,261.1,115.14,131.54,111.03,429.74,40.12,Class_A
S237,S237_M03,3,112.9,126.72,140.33,159.38,161.8,152.02,144.88,134.8,812.05,260.2,125.5,131.72,109.87,433.01,40.07,Class_B
S370,S370_M03,3,113.36,128.33,140.03,151.02,150.2,151.07,139.3,133.61,779.16,228.85,120.6,119.21,92.5,402.38,44.9,Class_C
S372,S372_M03,3,105.19,129.61,148.42,150.62,162.89,147.21,137.59,128.43,767.27,267.39,122.96,133.79,116.58,410.88,37.3,Class_A
S173,S173_M05,5,113.17,126.04,139.68,149.32,152.77,147.64,135.13,116.37,767.05,256.63,100.1,125.8,105.42,404.47,41.44,Class_A
S104,S104_M02,2,109.65,132.26,146.35,158.37,157.78,147.7,138.22,132.34,779.42,254.11,115.82,124.6,95.43,438.36,44.65,Class_C
S120,S120_M03,3,112.44,118.26,132.63,143.89,146.86,136.15,128.47,130.36,800.37,251.63,116.36,118.42,106.89,397.33,40.64,Class_B
S040,S040_M01,1,102.0,124.02,137.1,140.39,147.71,147.47,143.77,126.39,794.28,258.23,124.59,127.96,108.73,409.98,44.55,Class_C
S256,S256_M03,3,119.24,134.6,152.18,164.56,168.56,165.89,147.23,139.35,805.0,272.8,139.31,133.48,116.82,432.89,43.62,Class_C
S058,S058_M04,4,103.57,117.29,138.67,142.97,148.19,139.9,138.27,128.28,769.55,265.06,117.25,122.12,96.05,426.88,42.09,Class_B
S191,S191_M01,1,109.63,121.98,125.51,137.76,144.43,148.14,146.14,139.32,755.29,279.13,122.39,127.35,103.48,425.94,45.71,Class_C
S472,S472_M03,3,112.64,127.44,140.1,143.45,150.27,146.47,134.26,120.21,784.53,281.62,121.49,131.54,110.13,413.22,34.49,Class_B
S462,S462_M02,2,108.35,115.06,131.28,145.4,149.58,149.94,141.98,125.57,769.63,238.99,104.59,117.08,99.84,420.84,42.52,Class_A
S478,S478_M04,4,110.47,124.28,142.25,152.7,168.0,150.04,140.13,127.06,778.01,253.79,122.05,129.96,113.54,422.08,41.87,Class_B
S225,S225_M01,1,103.93,127.18,139.23,155.52,161.69,158.17,149.11,132.91,788.66,248.18,118.65,134.85,118.39,422.71,40.83,Class_A
S369,S369_M03,3,105.55,125.38,147.69,150.28,162.14,147.25,136.19,128.02,780.72,261.23,117.58,118.01,97.43,403.55,48.12,Class_B
S110,S110_M05,5,121.73,130.52,141.0,152.74,158.85,158.81,152.05,145.7,793.91,275.66,131.61,135.28,112.65,427.45,38.69,Class_C
S032,S032_M02,2,99.75,125.38,139.7,146.72,150.82,147.7,141.03,136.93,772.15,254.99,119.82,120.85,98.97,408.88,37.25,Class_C
S084,S084_M05,5,112.37,123.72,133.71,142.11,163.7,152.76,152.39,136.91,761.54,255.3,117.91,122.89,99.19,410.19,46.59,Class_A
S185,S185_M03,3,112.17,116.08,132.7,137.03,162.71,148.36,149.77,124.9,745.82,260.35,118.72,126.37,106.16,420.6,41.27,Class_C
S332,S332_M04,4,97.62,113.36,130.56,139.1,145.21,143.605,142.65,126.92,761.84,266.8,112.74,123.07,108.68,428.03,40.53,Class_A
S096,S096_M03,3,107.98,124.63,143.91,150.54,170.41,159.78,150.55,130.42,763.03,270.25,113.83,125.35,109.27,389.11,36.58,Class_B
S325,S325_M03,3,123.91,128.39,143.06,152.59,149.86,148.25,147.34,132.23,776.75,268.35,120.98,128.91,105.11,420.25,37.96,Class_C
S334,S334_M02,2,118.83,131.77,151.93,154.4,149.21,153.07,153.63,139.73,783.6,260.12,130.09,141.45,112.76,405.69,44.64,Class_C
S295,S295_M02,2,112.73,118.82,130.55,145.97,154.41,138.55,137.28,123.41,767.96,266.32,109.92,119.87,96.32,410.7,40.91,Class_C
S111,S111_M04,4,108.11,127.09,141.52,155.56,153.22,149.07,147.77,140.68,766.04,275.05,128.85,139.23,120.65,422.57,43.64,Class_B
S241,S241_M03,3,109.62,123.45,133.47,138.61,151.63,150.85,151.94,140.81,796.76,258.0,120.92,129.77,108.29,433.79,41.29,Class_C
S079,S079_M01,1,114.92,132.14,151.78,155.46,158.77,149.93,134.99,128.54,776.4,257.88,110.16,119.58,107.97,428.06,37.94,Class_B
S116,S116_M04,4,107.46,115.95,129.57,139.46,141.81,141.4,137.73,124.19,801.24,259.8,114.86,126.19,110.35,407.94,40.78,Class_C
S465,S465_M01,1,104.44,127.53,143.21,153.49,166.05,158.39,148.42,131.45,763.21,250.09,126.99,133.4,115.15,392.28,40.95,Class_B
S333,S333_M01,1,121.45,134.28,149.93,152.27,164.39,155.54,156.62,139.64,777.79,269.96,125.44,143.73,122.58,420.84,39.84,Class_C
S455,S455_M04,4,121.89,133.96,148.93,168.24,170.6,157.47,144.14,122.27,777.81,261.63,117.48,126.45,97.41,418.82,39.76,Class_A
S165,S165_M01,1,109.88,126.75,135.54,144.98,158.26,150.27,135.13,129.43,784.07,273.21,123.96,121.73,110.11,421.96,38.76,Class_B
S480,S480_M04,4,114.21,128.55,142.3,147.78,159.41,155.65,147.85,135.61,776.29,255.01,136.5,142.14,122.32,423.45,44.54,Class_B
S202,S202_M02,2,114.45,134.08,143.69,151.56,153.64,150.29,145.09,126.52,787.99,251.34,122.18,126.26,104.11,412.96,40.11,Class_C
S250,S250_M04,4,114.64,121.42,137.52,147.97,152.76,152.27,146.8,142.81,793.31,273.17,117.35,122.35,109.5,410.56,48.31,Class_B
S331,S331_M03,3,118.56,134.04,145.93,150.87,156.95,154.51,146.99,141.4,774.71,249.53,127.65,132.05,110.46,429.72,39.73,Class_C
S133,S133_M05,5,120.01,138.82,153.91,160.72,165.06,156.05,145.77,136.62,788.73,271.43,121.04,122.86,105.56,405.17,39.81,Class_B
S445,S445_M02,2,96.15,118.56,129.43,142.93,154.16,144.35,146.65,130.78,786.07,265.34,124.26,132.51,108.33,417.37,41.56,Class_A
S029,S029_M03,3,78.25,103.98,125.6,128.43,138.16,132.31,119.19,116.44,782.21,238.53,117.75,128.12,110.62,404.68,38.36,Class_A
S437,S437_M02,2,110.09,125.41,146.14,162.2,182.38,165.28,148.97,127.82,772.94,261.35,120.04,142.13,123.26,433.12,39.08,Class_A
S369,S369_M05,5,108.22,114.16,136.91,145.68,161.37,148.03,136.56,127.91,779.2,269.58,120.28,114.28,98.35,412.91,45.1,Class_B
S085,S085_M02,2,102.52,132.57,158.58,163.52,168.84,167.66,154.84,134.26,804.48,267.88,106.76,122.7,106.37,425.65,39.38,Class_A
S160,S160_M05,5,124.7,130.08,143.7,143.47,150.77,153.21,149.73,143.54,807.17,264.96,121.5,131.04,115.89,429.57,38.92,Class_C
S124,S124_M01,1,104.44,123.46,142.13,154.31,163.85,158.92,156.19,144.78,766.14,241.11,120.69,128.53,107.78,412.23,41.52,Class_B
S264,S264_M04,4,107.73,125.57,140.14,147.67,161.75,158.66,138.5,123.45,799.07,252.87,120.26,139.97,107.43,431.7,43.18,Class_A
S060,S060_M01,1,107.05,125.94,140.31,146.91,165.17,158.77,151.58,132.78,770.83,279.2,121.99,134.84,108.04,430.1,44.48,Class_A
S081,S081_M02,2,121.11,141.47,152.08,160.65,166.36,158.45,159.91,148.06,779.11,270.33,122.8,133.65,108.43,423.53,44.84,Class_C
S018,S018_M04,4,109.19,122.0,139.69,153.14,162.7,162.73,148.815,138.04,800.81,264.98,116.12,135.26,115.26,415.95,44.45,Class_A
S411,S411_M02,2,122.16,131.34,144.08,154.39,157.64,151.37,146.93,132.62,799.55,249.48,125.55,139.9,113.02,422.63,41.82,Class_C
S494,S494_M03,3,115.24,137.78,154.58,156.52,161.39,155.51,140.37,135.72,796.83,261.99,116.1,132.3,112.05,409.48,42.95,Class_A
S027,S027_M02,2,112.56,128.09,148.62,149.87,161.325,149.24,130.73,124.59,774.5,261.6,120.74,124.38,103.96,414.6,40.04,Class_B
S387,S387_M05,5,117.52,129.27,144.96,149.97,158.99,149.82,144.76,134.79,764.92,240.52,123.83,133.7,118.34,418.28,41.58,Class_C
S316,S316_M04,4,111.54,134.78,160.09,162.26,169.09,158.25,148.02,138.25,769.6,272.89,110.28,120.87,110.4,419.05,40.78,Class_A
S350,S350_M05,5,96.5,117.56,135.78,146.09,153.26,146.97,146.09,134.88,760.18,263.81,124.43,133.74,111.94,426.37,39.46,Class_A
S281,S281_M03,3,116.98,136.81,161.41,157.4,160.46,163.94,156.38,131.12,785.97,257.62,123.98,131.17,114.43,418.27,38.92,Class_A
S412,S412_M05,5,103.75,131.13,143.54,154.48,153.91,150.56,141.58,133.57,783.75,259.25,127.09,124.67,106.68,424.3,38.76,Class_B
S435,S435_M05,5,86.41,105.89,133.12,145.79,158.84,148.8,145.0,131.09,785.61,269.07,118.265,129.18,100.89,416.29,35.23,Class_A
S405,S405_M01,1,126.38,129.46,154.95,167.1,171.63,160.59,160.06,137.9,753.94,249.97,124.26,126.78,104.9,421.02,37.08,Class_C
S145,S145_M05,5,110.46,121.74,138.18,147.03,153.4,151.35,144.25,138.26,791.58,267.92,117.67,123.9,112.62,426.62,40.27,Class_B
S263,S263_M05,5,95.26,111.65,137.85,148.33,157.25,153.37,141.93,130.46,767.25,264.06,103.18,121.83,92.25,398.59,35.82,Class_A
S424,S424_M05,5,113.3,129.98,145.92,158.45,165.2,151.0,138.43,126.37,761.63,250.62,107.67,119.34,102.8,413.07,43.73,Class_A
S054,S054_M05,5,116.63,134.81,146.28,146.21,153.82,147.17,154.78,136.71,770.94,272.82,121.35,121.27,109.7,405.24,43.89,Class_C
S360,S360_M04,4,116.45,141.93,150.59,157.06,173.58,165.77,155.4,141.86,775.64,260.12,115.78,120.67,111.2,413.09,40.19,Class_B
S449,S449_M03,3,110.9,124.0,139.29,157.75,168.58,160.65,139.41,131.52,792.96,257.42,123.14,140.93,108.12,412.07,35.43,Class_A
S275,S275_M03,3,116.09,124.61,133.89,146.99,151.33,146.84,146.54,136.61,793.09,245.44,119.15,129.68,108.78,413.84,37.66,Class_C
S184,S184_M03,3,103.41,121.44,137.8,157.89,176.39,162.28,148.5,129.59,770.02,260.96,120.79,129.62,102.18,409.04,41.16,Class_A
S326,S326_M03,3,111.76,137.6,159.58,162.25,146.72,148.45,145.62,133.92,781.96,269.34,122.94,136.52,115.71,413.5,42.65,Class_B
S264,S264_M05,5,115.23,128.98,142.71,153.78,165.58,158.74,137.62,119.29,793.94,242.2,122.04,138.38,108.22,412.29,43.3,Class_A
S430,S430_M01,1,97.82,117.93,134.43,149.99,152.735,147.79,142.84,128.89,789.41,272.13,113.29,116.38,100.12,427.0,41.52,Class_C
S409,S409_M01,1,92.67,114.36,126.89,137.19,146.24,142.12,135.42,117.73,776.89,255.95,106.84,123.04,101.84,415.82,37.37,Class_A
S322,S322_M05,5,114.14,134.63,149.96,162.15,175.87,152.53,157.49,146.69,805.82,269.61,128.14,137.725,115.54,434.92,35.78,Class_B
S500,S500_M04,4,112.14,127.63,140.4,147.04,151.88,149.25,134.14,125.16,793.44,258.24,122.06,130.32,116.1,426.57,41.5,Class_B
S076,S076_M01,1,105.73,127.45,128.81,135.91,157.91,142.31,123.84,122.13,765.56,251.53,115.09,119.47,104.25,439.84,38.26,Class_A
S067,S067_M04,4,106.63,122.88,134.88,149.44,155.24,155.28,137.3,132.76,788.76,250.86,116.0,118.8,98.5,434.64,39.55,Class_B
S362,S362_M05,5,113.62,128.26,137.99,141.29,150.64,142.54,146.03,123.25,779.68,250.72,116.09,133.8,100.09,417.12,46.3,Class_A
S472,S472_M01,1,111.38,127.18,141.27,145.49,149.19,139.3,137.32,120.96,787.11,266.34,127.21,128.68,110.03,403.36,31.28,Class_B
S224,S224_M04,4,114.13,134.31,146.11,156.5,161.72,150.87,148.47,137.1,794.11,262.56,120.27,129.53,108.59,432.99,45.84,Class_C
S289,S289_M03,3,117.9,146.45,163.41,168.67,166.55,157.4,146.2,135.53,787.81,258.89,139.98,136.12,113.8,424.73,36.13,Class_B
S183,S183_M01,1,110.78,126.45,150.81,160.38,159.15,147.65,140.94,133.27,772.32,270.96,125.53,125.75,113.63,424.66,36.66,Class_B
S156,S156_M02,2,118.25,130.8,135.6,146.51,159.25,155.1,144.1,128.17,803.27,261.51,128.98,133.04,106.53,397.63,43.13,Class_C
S353,S353_M02,2,107.01,121.87,137.31,150.89,168.41,169.69,153.14,143.91,784.46,267.06,128.05,130.68,109.07,401.0,40.25,Class_B
S066,S066_M04,4,102.58,116.73,125.52,146.14,146.22,149.13,135.18,133.57,782.85,241.36,122.24,119.15,111.79,418.79,41.61,Class_B
S269,S269_M03,3,90.57,114.15,133.69,149.96,157.7,148.51,144.45,117.2,761.59,272.32,110.94,125.28,108.17,410.86,34.82,Class_A
S065,S065_M01,1,109.68,118.71,134.94,145.42,166.87,154.37,149.92,141.42,791.52,265.74,138.0,136.52,111.03,404.35,38.63,Class_B
S406,S406_M05,5,113.71,133.27,145.84,157.04,164.5,161.01,152.65,138.21,764.44,249.55,125.36,132.75,114.89,424.81,40.52,Class_C
S003,S003_M03,3,110.02,121.8,142.97,155.88,153.85,151.65,148.19,134.73,780.86,266.51,120.61,135.78,106.52,406.21,37.72,Class_C
S180,S180_M03,3,110.18,125.67,143.28,155.3,158.84,155.62,152.19,131.56,800.02,252.27,126.3,122.54,103.26,424.64,42.75,Class_C
S035,S035_M02,2,110.89,125.94,138.34,144.41,153.64,147.51,137.68,128.19,775.15,266.68,116.81,125.78,107.09,418.57,44.16,Class_B
S053,S053_M01,1,115.32,132.84,144.89,155.53,167.83,156.52,148.61,142.42,762.01,281.75,132.86,131.97,107.21,441.89,38.23,Class_C
S377,S377_M03,3,119.35,125.14,145.37,154.54,154.02,149.13,152.76,131.16,771.77,260.67,125.7,126.56,109.51,421.78,35.18,Class_C
S138,S138_M05,5,106.6,120.54,143.76,156.4,155.99,152.8,146.77,131.73,779.0,248.0,127.57,120.26,106.95,436.22,41.45,Class_B
S181,S181_M02,2,112.66,127.65,135.37,154.49,161.2,148.6,140.55,136.68,794.07,239.14,138.32,137.25,114.06,417.87,37.82,Class_C
S052,S052_M04,4,98.54,120.37,141.17,150.67,162.03,162.05,151.96,140.96,756.89,252.66,102.75,120.61,104.18,426.27,37.21,Class_A
S169,S169_M05,5,107.54,125.15,148.48,155.12,159.89,153.11,136.06,132.09,768.41,257.05,115.0,116.48,86.92,416.66,39.13,Class_A
S462,S462_M05,5,104.82,113.25,127.67,138.96,145.85,148.42,132.78,122.88,768.42,252.52,107.97,115.82,97.51,439.76,42.76,Class_A
S028,S028_M04,4,106.44,127.13,138.6,141.62,158.5,146.36,137.15,123.86,772.45,264.65,103.63,114.6,105.34,415.89,37.36,Class_A
S064,S064_M05,5,105.95,116.86,127.37,140.44,146.57,137.65,128.74,126.9,786.94,259.31,122.35,128.51,101.68,425.68,41.42,Class_C
S131,S131_M04,4,97.36,121.11,137.8,149.57999999999998,163.75,156.68,149.26,131.97,782.24,257.45,102.39,120.1,97.44,411.24,36.36,Class_A
S383,S383_M05,5,111.78,120.9,126.25,141.89,159.99,146.95,138.56,129.95,772.24,254.89,122.55,120.3,107.84,410.8,38.84,Class_C
S367,S367_M04,4,110.9,123.36,135.12,148.68,157.19,156.0,156.47,139.99,815.15,280.47,126.65,134.8,103.38,421.95,41.9,Class_C
S112,S112_M04,4,106.58,121.42,136.52,147.22,171.87,168.91,158.31,133.45,768.49,263.25,119.64,135.08,109.32,434.9,41.31,Class_A
S028,S028_M05,5,104.3,124.62,138.63,148.81,159.05,144.56,139.03,123.75,799.75,281.72,112.59,118.4,102.84,426.89,40.09,Class_A
S023,S023_M03,3,120.48,125.43,141.46,145.42,144.53,140.64,139.38,127.49,764.93,253.89,127.04,130.69,109.03,405.41,44.24,Class_C
S107,S107_M02,2,97.2,104.55,124.95,141.4,149.17,132.63,136.89,118.36,777.71,252.81,113.4,118.61,102.41,405.46,42.05,Class_B
S045,S045_M05,5,111.72,133.65,148.4,150.1,162.87,164.76,148.19,140.95,788.96,260.49,130.83,132.1,105.1,401.8,41.58,Class_C
S145,S145_M04,4,110.29,124.87,141.94,156.68,156.84,152.53,144.82,131.37,796.09,258.2,122.19,122.43,114.06,437.36,42.26,Class_B
S466,S466_M02,2,114.31,129.9,137.83,141.95,159.64,159.33,151.41,139.81,791.71,231.9,122.46,127.02,106.31,406.15,41.66,Class_C
S429,S429_M04,4,115.52,137.93,143.37,151.66,163.03,157.91,148.61,132.88,790.74,256.4,115.57,130.77,108.54,414.36,43.32,Class_A
S287,S287_M04,4,108.0,131.83,149.78,158.56,160.41,151.89,137.06,123.72,776.38,258.85,132.08,134.35,106.51,427.49,34.26,Class_A
S066,S066_M01,1,102.91,113.46,128.15,146.37,148.64,147.29,134.69,137.24,789.53,252.6,117.73,125.22,107.6,405.97,40.22,Class_B
S265,S265_M04,4,117.16,129.99,135.49,149.37,153.26,154.15,151.15,138.81,796.13,251.57,118.52,126.17,102.15,424.64,41.87,Class_C
S396,S396_M03,3,126.22,146.6,151.28,159.23,167.33,161.19,150.31,141.94,798.58,258.49,128.73,136.44,114.09,431.06,39.82,Class_B
S292,S292_M04,4,113.05,121.88,130.88,137.26,155.99,139.9,134.12,124.58,756.57,265.75,117.8,127.67,114.98,447.82,36.51,Class_A
S341,S341_M01,1,101.3,114.4,129.38,147.91,154.96,152.02,139.96,120.5,783.25,254.78,112.04,126.43,103.6,415.34,40.98,Class_A
S457,S457_M05,5,111.63,128.27,143.19,151.62,161.13,161.9,151.14,135.83,781.7,258.78,124.73,128.2,112.46,421.57,44.49,Class_C
S143,S143_M05,5,120.69,129.57,138.86,142.18,149.77,151.55,145.35,127.97,773.52,259.1,122.99,135.32,112.54,415.37,43.95,Class_C
S170,S170_M02,2,115.76,126.2,147.2,149.78,152.64,149.41,140.88,137.09,781.09,260.88,126.18,128.24,101.98,411.86,39.85,Class_C
S039,S039_M04,4,103.65,122.66,141.06,146.93,155.28,156.26,144.95,127.71,749.54,268.28,114.42,131.52,105.6,422.69,39.16,Class_A
S389,S389_M05,5,101.25,127.68,146.61,160.77,165.55,162.26,155.55,136.51,772.07,267.86,121.96,135.95,112.3,423.27,35.47,Class_A
S115,S115_M04,4,106.53,121.4,129.7,136.34,155.59,149.79000000000002,142.35,129.77,773.26,267.29,104.75,120.39,112.73,391.3,39.66,Class_A
S190,S190_M02,2,104.76,121.72,138.48,151.1,158.02,143.31,137.3,121.63,771.84,268.84,104.9,128.92,111.695,399.24,46.37,Class_A
S101,S101_M04,4,103.33,112.87,135.34,146.08,153.51,143.37,146.76,132.14,797.74,271.83,120.0,123.49,107.46,414.03,45.22,Class_C
S366,S366_M02,2,120.25,134.42,148.8,160.1,166.6,161.82,149.84,136.74,770.0,257.23,122.01,132.04,112.06,419.88,35.49,Class_B
S363,S363_M05,5,96.82,115.39,149.18,160.95,167.62,164.81,150.25,132.36,773.31,248.94,111.47,119.38,108.21,400.92,42.25,Class_A
S130,S130_M01,1,106.7,125.73,138.44,152.66,159.13,157.51,151.74,143.32,807.98,257.14,124.24,123.43,115.63,432.27,35.78,Class_B
S001,S001_M04,4,105.52,116.52,131.1,140.36,144.65,140.67,138.05,122.27,774.12,254.29,122.62,123.6,100.83,421.28,44.47,Class_C
S366,S366_M05,5,117.95,138.16,147.25,160.59,162.0,158.14,151.37,142.06,780.07,266.69,117.85,125.23,109.37,406.65,31.98,Class_B
S094,S094_M03,3,122.74,126.0,146.01,151.09,162.83,153.22,142.72,132.49,777.74,266.6,126.92,137.44,117.61,419.46,40.95,Class_B
S270,S270_M01,1,110.66,136.82,150.78,152.35,164.28,153.25,143.27,133.08,772.55,267.37,114.33,133.9,108.32,416.52,39.97,Class_A
S002,S002_M01,1,114.03,131.76,141.77,145.66,159.49,139.88,127.68,117.32,757.51,256.35,101.07,116.73,104.35,414.78,38.6,Class_B
S250,S250_M02,2,110.34,118.03,137.81,153.39,154.75,147.31,144.52,135.98,773.31,266.63,127.2,127.49,106.73,427.96,45.39,Class_B
S184,S184_M05,5,106.01,120.42,140.14,161.93,182.75,157.93,146.27,132.07,778.7,252.44,117.66,129.99,102.96,408.98,44.24,Class_A
S110,S110_M03,3,113.9,124.82,138.94,149.89,164.82,157.52,146.04,138.87,767.53,286.64,127.88,132.77,114.16,438.2,39.72,Class_C
S046,S046_M04,4,116.1,130.35,137.07,153.45,168.05,156.45,141.4,132.22,790.82,245.92,118.73,122.1,103.03,417.91,40.61,Class_C
S213,S213_M04,4,109.48,127.69,142.57,148.51,155.94,152.98,149.68,133.2,768.9,261.81,102.55,119.15,102.51,423.36,34.54,Class_A
S109,S109_M03,3,98.35,120.15,138.91,147.13,149.08,143.82,131.65,120.5,750.25,261.44,117.35,121.17,99.74,406.92,42.68,Class_A
S049,S049_M03,3,109.62,120.73,140.39,152.36,162.33,149.67,144.26,132.73,772.93,249.98,117.72,121.91,105.51,412.6,40.64,Class_C
S180,S180_M04,4,115.1,126.96,142.26,147.85,154.2,151.64,144.17,125.07,789.13,268.1,127.06,121.19,102.82,420.89,45.28,Class_C
S355,S355_M03,3,123.27,137.58,150.46,150.28,151.64,143.26,147.47,135.21,799.77,248.1,123.43,122.14,100.35,427.74,41.83,Class_B
S233,S233_M01,1,115.18,133.88,143.09,149.15,157.19,149.54,146.55,134.88,779.61,262.5,124.01,139.63,121.58,428.59,38.81,Class_C
S371,S371_M02,2,130.78,137.73,155.4,153.09,157.1,160.61,153.57,139.63,777.9,261.48,129.27,145.27,129.59,404.59,39.8,Class_C
S342,S342_M02,2,115.95,124.89,128.93,137.39,147.77,143.81,142.73,130.34,768.8,261.08,124.77,120.83,97.99,425.525,41.16,Class_C
S366,S366_M04,4,116.15,134.29,152.17,159.02,168.29,159.6,148.22,132.35,780.76,245.83,117.2,129.3,110.8,404.81,35.19,Class_B
S169,S169_M03,3,102.74,113.49,137.3,146.6,155.31,151.55,134.13,126.36,757.16,246.59,105.23,111.23,93.33,424.11,42.38,Class_A
S275,S275_M04,4,118.99,127.22,140.43,154.33,157.95,147.91,139.86,130.3,792.01,258.68,124.5,129.49,108.31,417.81,36.88,Class_C
S423,S423_M05,5,114.05,143.53,161.23,162.49,165.21,160.89,157.67,131.46,784.11,261.5,133.8,132.91,108.34,423.17,33.31,Class_A
S361,S361_M04,4,112.1,120.82,139.01,146.96,143.02,142.78,144.74,133.52,770.06,248.63,126.7,123.83,100.25,428.64,45.78,Class_C
S306,S306_M02,2,106.85,127.8,145.58,153.0,159.67,153.66,145.48,130.2,797.4,250.8,121.52,126.94,113.06,434.66,39.22,Class_B
S322,S322_M01,1,123.51,140.83,157.5,159.78,172.71,150.68,156.3,144.16,813.03,277.77,136.63,140.06,117.45,428.86,36.44,Class_B
S056,S056_M02,2,106.95,125.43,146.41,161.03,165.0,154.23,151.43,143.14,784.3,268.69,126.31,130.88,105.78,417.75,46.7,Class_C
S133,S133_M02,2,118.74,138.25,151.66,159.69,160.9,152.22,144.17,129.62,794.8,264.37,114.72,124.03,118.65,422.84,42.97,Class_B
S370,S370_M01,1,111.73,130.82,138.62,146.2,150.56,148.13,142.62,130.73,778.34,231.34,119.27,119.85,96.73,399.5,42.68,Class_C
S425,S425_M04,4,121.92,133.0,147.01,148.95,157.71,154.75,147.2,132.9,778.88,254.68,121.12,128.35,106.3,438.36,36.07,Class_B
S473,S473_M05,5,107.83,127.99,140.06,161.11,164.58,162.61,154.27,132.24,795.9,255.41,110.96,122.41,94.84,432.21,43.73,Class_A
S376,S376_M03,3,113.1,133.3,147.35,152.8,159.87,151.69,142.91,130.55,768.0,247.5,111.5,124.73,105.28,399.61,42.58,Class_A
S063,S063_M05,5,121.42,137.94,150.02,158.58,150.81,147.94,147.57,132.54,780.51,248.14,130.23,126.94,100.72,423.06,43.67,Class_B
S294,S294_M02,2,108.76,123.34,137.53,149.2,156.93,152.15,137.25,123.32,769.05,272.46,123.26,130.84,102.66,402.46,41.31,Class_A
S269,S269_M04,4,89.68,114.86,131.04,149.74,157.83,150.35,141.45,119.61,766.26,254.68,112.46,128.3,103.62,413.67,35.61,Class_A
S373,S373_M05,5,104.3,121.83,148.38,150.73,153.92,151.2,134.42,127.63,786.42,265.18,132.82,147.07,130.53,421.44,42.36,Class_B
S139,S139_M02,2,102.98,128.17,130.95,144.71,155.83,154.69,144.05,137.03,792.03,247.54,124.62,133.25,116.08,417.42,35.33,Class_C
S309,S309_M02,2,115.94,130.62,150.08,162.0,171.18,163.73,149.62,133.01,772.35,248.99,102.06,122.54,107.88,427.79,38.2,Class_A
S123,S123_M03,3,109.68,130.18,146.48,153.09,164.43,159.55,143.47,129.24,760.16,264.22,122.56,135.54,112.16,420.78,38.67,Class_A
S085,S085_M05,5,103.23,127.24,152.82,156.78,166.19,167.3,156.56,132.12,803.43,252.74,103.36,128.25,104.71,417.23,35.17,Class_A
S316,S316_M03,3,104.14,125.5,149.75,161.33,166.06,158.11,147.89,143.37,765.13,258.03,114.63,124.39,109.8,410.11,43.69,Class_A
S119,S119_M05,5,99.81,128.53,139.42,149.66,155.0,149.14,144.63,133.19,760.79,256.14,123.86,126.56,113.62,427.95,42.84,Class_B
S497,S497_M04,4,110.25,117.34,148.25,158.0,154.44,158.52,146.98,134.72,744.86,254.55,128.06,131.94,116.05,415.54,38.96,Class_B
S497,S497_M05,5,107.33,117.44,143.11,158.07,159.64,160.6,137.75,136.09,780.52,253.64,131.05,133.64,114.47,419.29,44.23,Class_B
S125,S125_M03,3,110.84,125.82,146.45,152.33,170.25,159.28,128.73,119.17,766.79,259.19,118.88,132.96,107.68,411.6,38.65,Class_A
S375,S375_M04,4,101.73,116.82,137.18,154.99,170.66,154.31,151.85,141.36,784.97,251.75,112.13,125.71,104.4,429.12,38.28,Class_A
S299,S299_M04,4,122.02,134.53,142.5,148.64,159.11,155.37,153.11,143.87,796.6,261.5,139.06,141.56,114.33,419.4,39.79,Class_C
S329,S329_M03,3,112.34,125.31,143.87,156.38,159.88,152.8,143.6,129.86,764.65,249.0,124.99,135.4,112.63,426.61,36.82,Class_B
S046,S046_M03,3,117.41,134.15,140.99,157.19,176.66,157.52,145.11,132.3,789.09,257.13,125.75,123.73,100.74,415.23,42.36,Class_C
S482,S482_M02,2,103.12,112.24,132.88,154.26,173.22,161.37,153.88,133.3,755.28,239.41,101.65,115.55,94.55,401.52,41.02,Class_A
S234,S234_M05,5,118.6,129.46,141.94,147.14,151.7,152.58,145.75,130.85,755.41,248.36,117.99,118.89,106.25,408.36,38.9,Class_B
S022,S022_M04,4,116.71,131.61,143.71,155.4,156.97,158.81,142.0,131.44,793.1,250.24,128.03,136.5,118.88,426.8,39.04,Class_B
S345,S345_M01,1,105.71,124.75,135.48,142.98,147.6,156.8,149.67,137.5,791.89,255.24,109.17,122.78,110.78,418.87,41.21,Class_C
S014,S014_M02,2,119.09,137.34,156.0,162.22,170.54,168.17,159.52,141.7,763.69,264.8,126.9,129.98,113.68,427.48,42.48,Class_C
S284,S284_M03,3,102.95,115.97,127.95,142.04,158.24,154.4,144.25,133.65,774.57,234.72,126.2,130.12,108.63,435.89,42.57,Class_A
S453,S453_M02,2,107.58,125.84,139.96,153.58,161.14,154.33,147.46,131.03,769.96,250.97,126.44,132.13,107.29,417.99,44.29,Class_C
S005,S005_M05,5,109.75,124.29,141.68,149.95,158.36,157.94,144.32,116.54,758.35,255.73,120.94,129.77,111.09,428.38,35.83,Class_A
S248,S248_M01,1,105.65,122.57,148.58,156.82,160.36,155.19,134.6,135.19,783.66,281.45,127.16,133.34,108.38,429.96,40.28,Class_B
S416,S416_M01,1,110.53,125.02,138.97,148.99,152.85,153.84,140.44,122.81,774.87,255.36,118.94,135.45,106.13,386.42,40.4,Class_A
S029,S029_M05,5,112.73,130.1,148.86,155.31,170.92,162.37,149.14,138.96,784.5,244.04,118.59,134.38,120.43,420.06,39.62,Class_A
S108,S108_M02,2,116.93,135.26,150.91,157.41,171.87,149.92,138.4,120.58,776.87,254.89,118.82,135.39,109.65,407.96,39.16,Class_A
S163,S163_M02,2,109.92,126.02,143.13,150.34,159.64,152.84,141.11,129.4,796.19,256.51,116.23,127.19,108.89,432.74,40.48,Class_A
S351,S351_M04,4,126.53,148.54,155.07,164.97,174.81,162.33,157.99,142.12,770.19,249.42,116.18,126.88,115.82,422.09,37.97,Class_B
S300,S300_M03,3,112.81,128.16,149.19,159.58,169.05,154.02,147.96,133.63,800.44,261.68,117.7,111.95,100.05,401.99,39.87,Class_B
S018,S018_M01,1,102.99,123.19,140.75,152.26,165.75,162.79,149.1,136.35,780.48,270.63,121.96,133.63,113.54,446.58,42.73,Class_A
S251,S251_M05,5,105.91,122.55,135.35,141.81,156.79,150.06,140.15,131.47,779.11,259.62,126.27,143.0,121.07,430.63,37.91,Class_B
S415,S415_M03,3,113.66,130.88,144.74,156.58,173.35,159.06,150.71,140.82,794.91,245.36,125.69,137.26,115.19,415.44,39.58,Class_A
S411,S411_M03,3,121.45,132.4,145.07,155.38,159.62,153.26,148.76,137.02,803.92,239.47,130.0,143.2,118.77,428.09,40.84,Class_C
S369,S369_M01,1,112.84,125.76,140.1,140.72,154.84,145.51,135.35,128.64,781.86,278.04,127.2,121.87,98.54,399.92,46.44,Class_B
S416,S416_M03,3,110.66,122.57,141.99,154.42,157.14,152.4,140.17,127.22,773.02,243.04,115.45,128.14,100.58,405.67,39.8,Class_A
S097,S097_M05,5,113.47,125.28,139.3,149.33,158.16,150.48,147.16,132.72,772.41,245.99,111.32,119.63,97.35,424.27,40.08,Class_B
S331,S331_M05,5,115.45,138.34,151.17,152.11,157.15,156.24,146.95,131.46,778.31,246.93,127.07,128.84,106.99,442.42,41.01,Class_C
S447,S447_M04,4,104.97,115.74,142.13,143.61,152.32,156.94,143.8,135.41,772.53,261.27,118.94,118.16,109.24,402.91,44.77,Class_C
S479,S479_M04,4,110.09,125.5,141.05,152.46,167.33,152.04,135.22,133.03,789.81,284.46,131.45,124.58,102.83,414.34,38.0,Class_B
S148,S148_M04,4,122.71,132.98,147.44,153.97,163.14,156.09,141.77,127.17,773.9,270.15,118.2,119.32,105.29,417.91,40.63,Class_B
S358,S358_M04,4,113.78,126.22,140.58,151.44,156.17,149.7,142.95,137.48,799.78,252.68,120.07,128.55,103.55,421.4,38.08,Class_C
S440,S440_M01,1,108.23,128.24,143.38,156.11,162.1,152.96,147.28,133.54,809.08,254.08,122.37,129.06,111.85,440.42,43.08,Class_B
S494,S494_M05,5,112.68,134.64,151.61,158.33,169.06,156.68,141.2,132.93,772.06,251.27,113.3,130.09,108.82,401.26,41.8,Class_A
S353,S353_M01,1,111.02,120.18,140.61,156.75,169.24,164.09,155.52,141.5,800.16,267.625,120.97,122.2,112.57,425.45,40.63,Class_B
S073,S073_M03,3,111.34,116.84,138.23,148.48,161.08,151.09,147.58,138.88,785.18,258.3,124.63,124.17,112.32,441.08,45.29,Class_C
S150,S150_M05,5,101.53,117.68,136.29,154.79,166.62,161.41,143.03,127.85,783.73,250.3,111.55,136.86,110.22,431.52,38.82,Class_A
S361,S361_M01,1,110.82,124.95,143.05,143.12,148.54,140.08,147.91,134.89,782.46,255.35,132.84,128.77,104.58,422.23,45.05,Class_C
S330,S330_M02,2,100.43,115.86,136.44,144.75,157.33,157.33,147.9,134.16,789.56,249.87,112.47,127.59,108.2,408.59,39.91,Class_A
S206,S206_M02,2,110.51,126.49,142.13,155.84,165.12,158.86,142.4,132.29,781.44,252.26,117.96,126.6,107.7,409.6,30.95,Class_A
S207,S207_M01,1,101.04,122.05,142.42,149.47,156.8,153.1,131.13,122.12,754.66,247.93,125.26,131.13,106.88,417.2,37.24,Class_A
S378,S378_M03,3,106.2,120.27,129.17,143.53,154.83,150.46,145.59,128.59,778.76,245.16,117.85,121.84,111.18,399.47,40.56,Class_B
S268,S268_M01,1,94.11,116.96,135.21,148.72,158.88,153.05,144.5,127.12,814.3,244.57,116.88,132.32,103.09,413.73,38.48,Class_A
S414,S414_M02,2,112.1,121.06,139.61,148.58,161.19,160.25,142.91,132.65,756.1,255.65,113.27,130.52,114.31,410.85,46.04,Class_C
S338,S338_M05,5,119.24,131.43,150.13,156.05,161.61,163.17,148.44,146.34,766.63,250.1,116.81,126.67,106.95,422.3,44.98,Class_C
S134,S134_M01,1,106.03,121.92,147.67,148.7,163.06,151.57,139.99,127.25,778.73,260.93,133.82,134.39,112.26,405.17,40.36,Class_B
S073,S073_M05,5,113.84,123.17,134.98,140.41,150.36,145.55,146.99,136.04,763.38,258.78,118.13,123.02,112.88,414.66,41.38,Class_C
S447,S447_M01,1,107.23,114.96,139.7,146.62,148.65,158.52,144.15,143.59,773.4,253.48,115.64,121.2,105.52,407.34,45.12,Class_C
S248,S248_M05,5,109.49,125.58,143.12,158.13,172.13,157.91,134.45,128.76,798.19,263.21,118.2,125.68,104.9,413.53,39.41,Class_B
S016,S016_M03,3,101.46,122.28,150.0,151.82,156.12,154.9,144.05,136.81,770.27,263.37,125.02,141.26,109.91,417.56,38.94,Class_A
S006,S006_M03,3,123.36,133.37,150.02,153.97,171.05,158.15,144.4,137.99,772.36,264.56,126.18,128.5,110.15,416.7,40.28,Class_C
S095,S095_M04,4,105.63,117.67,135.98,142.29,155.35,144.63,146.14,131.38,772.51,249.81,115.79,135.21,107.37,413.67,42.49,Class_A
S106,S106_M01,1,106.14,121.23,140.46,150.02,151.58,147.15,146.9,135.1,756.54,248.1,118.65,126.66,106.49,394.72,38.92,Class_C
S146,S146_M01,1,103.76,119.67,139.0,150.5,165.61,157.37,152.61,137.29,791.47,269.33,130.87,141.17,117.29,419.82,30.59,Class_A
S012,S012_M01,1,114.23,127.46,139.99,153.24,151.59,158.89,146.11,142.05,776.51,260.04,131.61,132.12,107.45,437.54,44.19,Class_C
S128,S128_M04,4,109.4,131.77,145.36,161.33,175.66,161.29,151.01,132.52,756.12,242.35,117.5,130.03,101.38,439.7,36.28,Class_A
S061,S061_M03,3,110.93,128.93,139.62,146.47,153.45,150.12,146.76,122.89,785.88,259.29,124.81,123.19,99.3,409.78,37.44,Class_C
S144,S144_M04,4,114.28,124.45,140.82,155.31,162.26,152.89,149.27,137.11,763.52,243.87,126.64,132.73,115.38,404.18,38.81,Class_B
S457,S457_M02,2,110.38,126.87,143.11,157.05,167.03,164.52,152.91,132.02,781.45,248.69,126.01,133.22,113.39,423.05,43.45,Class_C
S125,S125_M05,5,113.03,130.93,146.72,150.38,170.81,157.0,129.25,114.57,773.1,272.4,115.53,136.25,113.84,422.81,38.88,Class_A
S002,S002_M03,3,111.1,128.1,137.27,149.43,151.65,142.29,129.91,120.28,776.41,240.0,102.04,117.6,102.68,421.18,40.2,Class_B
S257,S257_M01,1,113.54,135.54,138.95,147.65,147.08,144.2,138.43,129.52,789.1,273.7,126.73,117.65,97.63,422.31,40.52,Class_C
S161,S161_M04,4,94.68,120.59,139.58,147.28,159.97,151.91,145.35,126.36,777.49,269.96,119.25,121.23,98.53,406.84,39.4,Class_A
S210,S210_M05,5,111.64,127.51,141.69,144.77,143.99,152.38,148.91,137.94,767.51,264.41,113.74,124.11,97.04,410.94,36.94,Class_B
S068,S068_M02,2,100.0,114.75,135.19,142.3,153.98,150.54,142.0,130.25,762.71,246.67,112.77,128.68,100.78,411.04,42.86,Class_A
S320,S320_M02,2,121.08,126.61,140.66,144.69,143.91,138.04,142.13,137.59,759.45,271.77,129.16,129.67,101.88,416.02,33.42,Class_C
S010,S010_M03,3,107.66,133.77,151.88,151.89,165.45,157.13,135.86,131.18,778.26,257.44,117.77,122.96,116.23,430.04,38.64,Class_B
S432,S432_M05,5,115.07,134.38,147.82,154.38,160.74,157.16,148.3,134.95,767.5,254.76,120.14,130.45,97.55,416.83,36.73,Class_C
S022,S022_M02,2,117.29,131.39,143.41,152.27,160.01,157.06,147.33,133.06,777.85,255.49,131.73,133.18,115.98,440.0,38.38,Class_B
S070,S070_M05,5,111.52,124.18,141.56,148.75,156.82,149.19,138.07,133.76,785.36,260.45,115.46,124.04,102.81,400.31,39.3,Class_B
S216,S216_M05,5,102.03,108.73,129.9,141.84,150.3,148.71,144.7,132.04,801.32,265.44,120.71,131.29,109.39,420.35,40.82,Class_C
S048,S048_M04,4,101.73,119.99,141.51,148.36,154.91,136.31,133.73,130.73,770.21,239.44,112.04,117.11,89.97,414.85,38.83,Class_A
S043,S043_M04,4,105.6,116.8,128.81,136.72,144.8,142.13,140.09,127.7,758.8,264.96,107.76,120.32,108.88,405.47,41.22,Class_C
S229,S229_M05,5,109.07,131.81,145.43,148.97,155.15,145.49,138.67,132.63,761.8,232.2,119.43,124.1,113.44,416.55,36.73,Class_B
S389,S389_M03,3,99.87,127.17,141.05,153.79,162.01,160.51,156.77,127.99,777.13,248.68,121.33,139.03,118.48,425.45,32.28,Class_A
S356,S356_M05,5,114.48,126.09,153.74,157.23,169.11,160.62,150.29,140.5,783.77,266.7,125.31,132.15,112.6,429.09,42.65,Class_B
S159,S159_M04,4,118.06,130.25,146.59,141.97,148.44,152.25,148.04,130.48,821.07,255.29,117.78,116.61,99.16,432.91,41.9,Class_C
S220,S220_M02,2,91.33,118.35,140.16,151.49,151.58,152.53,132.05,128.38,786.74,263.23,122.87,125.39,109.86,406.45,38.23,Class_B
S368,S368_M01,1,119.54,133.49,146.48,153.56,163.91,157.04,154.13,134.41,773.11,250.44,112.26,123.26,98.13,405.5,42.65,Class_C
S496,S496_M04,4,102.46,109.39,121.31,134.38,148.89,154.49,138.5,132.54,790.12,248.15,120.44,126.35,111.51,398.97,38.8,Class_B
S446,S446_M05,5,110.65,129.52,143.31,158.57,167.27,166.56,158.52,140.85,776.42,270.25,131.565,145.37,110.98,440.71,41.02,Class_C
S070,S070_M01,1,114.7,124.09,135.05,145.26,157.87,154.83,138.64,128.79,778.77,248.25,110.85,125.16,105.0,389.83,38.8,Class_B
S105,S105_M04,4,119.47,129.49,148.68,147.19,147.57,146.19,146.98,138.61,798.64,280.82,132.43,137.35,109.73,432.96,44.98,Class_C
S047,S047_M03,3,113.61,130.22,148.98,164.74,161.58,150.27,135.84,123.03,777.29,264.55,112.87,123.27,105.83,404.84,36.88,Class_B
S129,S129_M05,5,107.13,122.96,147.09,148.73,161.54,155.61,140.36,133.45,784.09,265.34,110.66,118.5,100.46,407.99,43.72,Class_A
S388,S388_M02,2,111.01,119.73,135.47,147.31,161.33,153.65,161.75,139.65,780.19,267.41,121.3,129.3,115.45,415.35,42.35,Class_C
S436,S436_M03,3,102.31,117.63,131.69,145.5,154.78,141.64,137.33,125.92,778.34,256.32,111.23,125.7,101.0,434.3,35.54,Class_A
S286,S286_M04,4,94.26,110.84,118.64,131.47,142.47,144.51,139.08,134.18,776.31,268.725,110.38,122.28,107.26,404.96,37.24,Class_B
S107,S107_M04,4,94.13,114.89,132.21,140.83,154.89,134.93,139.5,122.07,773.4,239.45,120.81,123.43,102.59,395.87,42.6,Class_B
S436,S436_M04,4,104.22,116.29,132.24,143.73,151.29,149.71,141.9,129.16,773.31,256.71000000000004,109.8,120.86,106.4,418.08,36.11,Class_A
S121,S121_M04,4,125.95,135.35,138.19,151.17,159.71,151.83,145.79,143.16,778.09,270.6,122.02,126.95,116.24,418.46,37.5,Class_B
S298,S298_M05,5,105.01,122.7,147.26,150.05,149.4,145.66,147.06,136.2,786.19,266.81,114.66,123.03,109.62,426.92,35.19,Class_C
S376,S376_M02,2,100.65,128.85,143.88,149.11,161.35,148.75,141.28,134.04,768.71,260.13,101.15,127.24,106.77,412.65,38.11,Class_A
S286,S286_M02,2,68.19,85.9,94.25,106.69,117.77,111.78,122.43,121.06,771.18,265.84,102.99,114.28,99.19,389.18,38.86,Class_B
S215,S215_M05,5,110.66,130.67,145.37,154.48,167.35,157.06,150.0,146.73,799.11,251.03,129.81,127.67,104.69,439.94,43.61,Class_C
S405,S405_M05,5,124.8,132.75,145.3,159.68,169.14,163.48,167.18,142.99,765.98,248.74,116.15,117.26,95.24,446.67,37.31,Class_C
S013,S013_M01,1,110.31,119.39,137.75,158.2,165.77,161.58,156.0,142.83,771.91,269.77,117.63,133.22,113.09,435.87,42.98,Class_B
S461,S461_M05,5,118.89,128.7,148.56,155.21,167.38,158.79,156.93,136.06,801.92,256.55,122.88,132.56,119.69,429.98,41.34,Class_B
S019,S019_M03,3,116.95,126.27,141.24,148.25,161.47,158.55,152.45,126.51,781.57,262.91,130.93,123.96,100.64,437.95,45.5,Class_C
S134,S134_M02,2,101.71,128.55,150.34,155.48,171.11,160.44,142.09,133.45,787.72,266.32,127.2,135.32,116.22,416.66,38.04,Class_B
S348,S348_M04,4,107.92,121.625,138.87,151.13,160.57,144.45,130.8,119.61,770.76,266.1,123.56,135.03,106.97,391.33,40.72,Class_A
S492,S492_M02,2,112.69,122.91,136.96,149.02,162.45,153.51,146.62,135.18,773.78,263.37,114.03,124.33,109.24,426.61,41.92,Class_B
S057,S057_M01,1,106.87,119.45,141.8,155.48,164.48,161.58,148.97,141.99,790.03,243.48,120.74,127.02,114.27,418.61,39.17,Class_B
S344,S344_M05,5,107.65,128.99,138.11,148.42,162.66,149.12,135.8,124.69,778.93,262.17,116.01,125.67,105.64,430.02,38.91,Class_B
S349,S349_M04,4,110.72,129.55,139.19,152.36,155.63,154.01,151.32,142.53,788.36,271.83,125.94,124.92,106.06,431.51,41.17,Class_B
S072,S072_M05,5,109.42,117.78,138.37,146.3,153.31,142.8,136.11,134.66,766.29,250.29,118.27,132.86,115.02,418.69,40.98,Class_B
S354,S354_M02,2,119.86,135.3,147.99,160.62,166.85,155.13,143.19,130.81,771.43,266.29,121.87,124.84,114.32,415.16,38.25,Class_B
S309,S309_M04,4,111.17,129.67,145.44,152.76,164.0,162.18,149.43,134.26,782.83,260.46,103.04,122.81,108.72,413.79,35.78,Class_A
S280,S280_M03,3,115.35,128.07,145.34,157.68,162.31,164.56,148.61,133.01,775.29,238.2,110.92,125.09,107.28,428.28,40.11,Class_C
S415,S415_M04,4,111.07,132.55,146.82,159.67,172.01,162.19,151.53,130.75,814.86,251.04,121.04,139.56,113.43,425.59,41.2,Class_A
S170,S170_M03,3,115.17,132.42,151.91,156.24,159.7,153.71,146.44,131.67,772.44,268.17,124.38,128.24,103.6,414.11,45.0,Class_C
S242,S242_M02,2,114.27,121.3,129.76,141.91,158.64,151.0,143.77,130.48,781.05,253.63,124.58,131.39,106.99,440.19,37.45,Class_C
S442,S442_M03,3,101.94,119.07,140.9,153.58,153.93,155.74,147.39,132.0,779.75,258.64,113.33,130.45,101.03,415.13,41.33,Class_A
S153,S153_M01,1,92.57,120.16,144.07,149.43,161.87,146.83,135.8,129.01,779.17,255.76,128.88,140.44,111.48,421.6,34.96,Class_A
S023,S023_M01,1,122.01,125.14,141.57,152.44,154.14,148.15,144.01,122.71,763.44,253.23,129.01,132.92,101.16,438.19,40.26,Class_C
S009,S009_M03,3,97.81,123.93,139.1,143.74,157.5,157.51,137.97,122.45,782.36,235.68,111.18,131.94,108.76,423.74,44.33,Class_A
S026,S026_M01,1,100.98,118.18,128.55,147.58,164.02,158.77,153.53,143.33,774.41,270.9,116.66,131.1,98.9,422.78,34.14,Class_A
S041,S041_M05,5,106.48,126.76,146.54,162.55,163.38,147.83,142.14,133.51,777.15,249.7,110.15,133.61,106.34,413.26,40.63,Class_B
S295,S295_M04,4,116.83,117.37,136.28,143.52,154.61,147.83,139.43,131.4,801.62,251.29,115.34,117.56,95.11,427.29,38.63,Class_C
S011,S011_M03,3,98.43,120.29,139.89,148.67,158.38,153.86,143.64,122.74,781.47,248.24,122.14,136.69,117.82,408.47,40.24,Class_B
S110,S110_M01,1,115.44,127.22,144.55,153.21,164.86,158.5,146.41,146.99,776.86,279.69,130.54,131.55,111.02,443.75,38.2,Class_C
S014,S014_M04,4,117.56,135.35,149.56,156.56,163.78,158.65,152.87,137.74,756.0,257.89,120.42,129.72,108.8,421.935,42.21,Class_C
S356,S356_M02,2,104.58,115.62,144.56,153.92,163.78,153.99,143.22,137.01,787.59,270.55,120.83,126.73,115.6,408.79,39.66,Class_B
S395,S395_M01,1,91.38,107.27,124.93,145.68,158.03,148.21,140.03,122.31,777.03,246.06,109.51,125.71,97.15,410.82,40.49,Class_A
S441,S441_M05,5,103.67,112.36,131.54,137.49,147.54,143.24,145.45,129.36,788.48,250.99,127.85,129.59,102.2,418.23,42.57,Class_C
S386,S386_M03,3,116.06,128.27,138.26,143.32,157.64,151.34,143.68,132.81,770.27,256.47,127.88,138.82,114.62,402.69,41.16,Class_C
S285,S285_M05,5,99.88,119.66,134.29,140.14,151.6,150.13,140.27,121.74,791.6,262.81,122.51,139.16,122.55,443.65,36.68,Class_B
S037,S037_M04,4,105.69,122.07,144.25,142.72,162.75,150.35,144.99,129.85,751.72,250.56,111.39,118.78,103.46,433.8,40.89,Class_A
S028,S028_M03,3,104.11,126.18,136.97,148.46,164.95,150.21,139.27,124.14,784.27,269.51,114.88,129.83,113.27,422.41,38.89,Class_A
S180,S180_M05,5,117.67,130.22,145.98,156.22,153.27,151.21,149.54,126.6,801.88,255.0,127.92,120.58,102.29,420.8,43.43,Class_C
S160,S160_M02,2,120.46,125.64,137.48,142.02,152.91,152.93,149.82,145.17,774.09,244.5,114.06,129.14,113.22,426.3,38.91,Class_C
S027,S027_M03,3,108.75,120.93,141.94,147.48,164.11,155.05,139.34,132.74,775.67,251.29,121.06,130.03,108.61,425.34,42.37,Class_B
S017,S017_M01,1,109.43,126.34,144.67,149.63,158.39,162.29,157.755,145.65,779.78,279.89,129.94,135.91,110.04,422.43,42.3,Class_B
S318,S318_M02,2,113.66,126.74,139.65,145.89,153.95,147.43,138.91,131.69,791.47,260.59,113.74,127.95,102.9,401.54,40.02,Class_C
S433,S433_M05,5,119.57,128.17,138.98,149.88,164.29,158.55,156.96,154.14,795.82,267.47,126.04,140.94,116.08,423.32,40.02,Class_C
S152,S152_M04,4,110.67,127.94,140.36,141.6,148.49,141.05,134.71,133.46,769.07,273.72,125.37,129.25,107.35,415.64,34.07,Class_C
S109,S109_M02,2,98.85,120.88,137.81,146.69,154.26,142.88,133.97,121.66,743.46,251.21,107.35,122.85,100.65,403.54,38.19,Class_A
S204,S204_M05,5,105.75,132.22,149.67,164.66,165.85,158.88,154.73,134.3,794.54,264.12,117.19,128.37,112.65,421.44,41.18,Class_A
S357,S357_M05,5,123.69,133.81,151.46,153.7,161.0,163.65,145.15,130.4,746.69,256.49,124.06,120.47,99.21,415.52,46.66,Class_C
S197,S197_M04,4,115.62,128.05,142.9,155.85,159.77,152.61,146.22,129.78,782.95,255.02,125.86,134.77,117.46,422.19,38.61,Class_B
S448,S448_M04,4,109.2,127.27,142.58,162.24,168.13,154.54,154.7,144.07,769.66,268.05,126.23,133.14,111.95,417.69,43.74,Class_B
S034,S034_M01,1,96.77,114.75,135.68,141.6,151.19,141.78,135.71,124.46,791.51,266.49,122.03,133.97,118.73,431.07,32.33,Class_B
S050,S050_M04,4,100.4,120.53,138.38,154.69,168.94,155.7,156.2,142.95,760.38,255.4,116.61,129.44,114.36,425.11,41.64,Class_A
S267,S267_M02,2,90.5,111.31,125.65,140.65,153.28,148.01,130.745,122.81,764.53,246.26,119.22,130.93,99.41,416.78,39.92,Class_A
S090,S090_M02,2,117.49,134.0,139.23,139.45,154.71,150.29,144.2,123.31,766.63,255.57,115.95,120.55,98.3,417.5,40.07,Class_B
S463,S463_M05,5,111.37,129.84,138.78,140.31,150.52,151.5,148.37,136.73,777.46,269.66,120.49,126.61,106.01,412.34,40.89,Class_C
S172,S172_M04,4,109.14,127.51,150.85,161.93,163.61,157.78,145.68,134.48,750.49,259.54,129.78,138.56,116.24,436.93,42.92,Class_B
S272,S272_M04,4,103.64,120.28,137.15,158.72,160.35,147.6,143.76,118.31,774.03,250.14,114.41,131.56,111.06,418.84,38.84,Class_A
S377,S377_M01,1,116.41,133.23,149.83,155.19,171.01,156.36,148.35,134.62,766.88,270.02,125.71,130.84,105.05,430.01,34.56,Class_C
S020,S020_M03,3,121.52,135.22,150.24,153.4,160.9,153.17,147.22,129.43,795.58,244.85,131.06,149.98,127.85,408.43,41.68,Class_B
S363,S363_M03,3,91.03,116.55,148.56,162.76,168.3,163.39,144.83,127.5,773.36,260.03,110.29,117.71,103.63,404.9,43.32,Class_A
S162,S162_M01,1,107.82,119.85,130.26,132.26,152.15,147.09,148.33,136.45,768.21,267.33,121.39,125.82,102.39,418.91,40.31,Class_C
S148,S148_M03,3,121.97,141.48,149.45,154.08,168.42,157.72,143.52,125.16,766.08,262.83,117.91,118.16,109.38499999999999,428.63,43.25,Class_B
S391,S391_M01,1,105.89,123.03,150.79,156.17,173.82,163.28,148.32,137.0,792.01,244.02,120.77,135.31,114.0,407.66,34.84,Class_B
S381,S381_M05,5,113.19,125.8,140.5,153.12,156.61,152.57,140.21,124.42,778.65,253.22,123.03,129.84,109.4,452.08,33.54,Class_B
S404,S404_M05,5,104.8,117.68,129.19,145.68,159.49,139.52,136.36,117.64,771.73,262.03,96.41,124.88,106.33,420.41,39.14,Class_A
S021,S021_M03,3,110.44,129.22,143.31,145.2,154.65,153.12,141.9,137.66,800.2,274.0,125.34,123.37,112.57,414.84,39.7,Class_C
S087,S087_M05,5,108.29,121.87,135.1,148.54,154.66,152.33,145.57,119.42,784.55,254.6,117.11,118.83,95.3,410.38,46.68,Class_C
S015,S015_M05,5,106.94,120.23,142.43,146.68,159.58,160.36,153.61,137.06,784.38,261.51,120.6,130.97,111.46,423.21,41.55,Class_B
S116,S116_M03,3,109.46,126.42,134.56,143.3,147.61,148.8,136.57,122.06,790.84,250.74,119.37,129.26,106.75,417.53,43.04,Class_C
S374,S374_M01,1,117.43,129.99,144.82,153.74,167.35,162.88,147.8,129.66,781.36,256.69,109.39,121.37,109.71,420.45,40.82,Class_A
S390,S390_M05,5,101.68,115.88,128.62,139.86,148.65,147.08,141.98,133.59,787.16,258.82,124.64,125.83,99.18,421.77,38.01,Class_C
S247,S247_M01,1,101.62,124.43,149.14,145.7,158.47,153.52,149.55,132.67,789.46,277.62,121.09,129.29,110.31,412.03,40.71,Class_B
S184,S184_M04,4,103.08,120.58,132.15,153.86,171.57,156.32,145.37,132.44,770.06,253.71,115.54,130.12,104.35,407.99,40.29,Class_A
S266,S266_M02,2,96.39,110.23,123.16,144.0,151.58,149.67,138.49,127.33,781.59,239.06,107.73,116.52,90.67,400.71,39.61,Class_A
S465,S465_M03,3,110.12,128.44,139.8,153.98,165.19,160.89,148.7,128.57,790.17,263.69,127.89,139.88,118.25,421.16,37.47,Class_B
S459,S459_M04,4,107.53,126.09,148.99,155.05,157.21,149.05,137.36,132.09,772.64,243.16,117.47,124.76,105.94,406.45,41.76,Class_C
S451,S451_M03,3,113.84,124.61,147.43,159.08,165.49,156.35,152.94,132.53,771.58,284.45,113.4,127.04,112.32,408.94,43.95,Class_A
S153,S153_M03,3,100.17,120.23,138.66,152.19,159.46,145.87,134.4,121.56,798.65,253.51,130.02,140.35,109.13,414.745,33.3,Class_A
S425,S425_M03,3,113.62,130.75,148.16,149.31,157.61,151.09,139.13,127.53,784.33,263.46,119.8,129.15,106.84,424.2,33.63,Class_B
S198,S198_M05,5,114.68,123.98,136.64,145.23,152.66,155.78,157.1,136.13,783.61,264.69,121.75,124.72,106.85,426.68,37.88,Class_C
S078,S078_M04,4,121.28,129.75,146.23,148.24,151.54,138.44,143.48,125.28,776.63,252.17,130.56,127.74,105.14,421.49,44.47,Class_C
S048,S048_M01,1,97.08,121.81,140.84,148.19,151.85,132.61,135.93,124.8,790.04,242.64,111.83,112.87,95.33,421.42,34.71,Class_A
S436,S436_M02,2,100.26,118.49,130.44,141.22,147.16,145.27,136.27,123.98,790.96,258.76,109.25,120.28,103.26,410.82,36.91,Class_A
S054,S054_M03,3,119.12,130.15,144.35,146.6,151.56,145.22,147.92,134.05,792.06,271.58,130.33,120.86,102.14,411.91,42.96,Class_C
S266,S266_M05,5,99.92,119.06,126.98,146.31,152.79,150.91,148.06,133.09,803.2,238.22,110.78,115.47,91.9,409.27,35.75,Class_A
S370,S370_M02,2,114.03,133.68,138.15,145.75,143.88,141.95,138.62,135.87,768.06,259.49,116.67,120.83,98.99,408.53,40.91,Class_C
S024,S024_M03,3,111.84,140.2,150.43,159.35,158.41,156.43,158.2,139.79,772.43,264.07,130.68,137.06,108.16999999999999,426.53,42.87,Class_C
S088,S088_M03,3,111.57,126.76,144.68,151.85,165.34,158.0,145.88,124.72,767.37,262.39,130.84,132.12,110.23,410.17,37.94,Class_B
S135,S135_M04,4,102.54,125.97,141.33,157.0,162.73,152.4,146.14,129.34,781.7,254.45,120.51,119.27,109.76,429.25,41.48,Class_B
S050,S050_M05,5,103.61,120.18,145.21,155.51,170.29,154.04,159.42,138.69,768.4,271.52,116.55,132.07,115.69,414.32,41.13,Class_A
S500,S500_M03,3,105.59,117.57,137.61,145.34,149.74,144.88,133.11,128.11,783.76,244.97,109.82,123.92,111.39,419.33,37.99,Class_B
S315,S315_M05,5,104.38,125.72,140.98,146.22,150.82,151.53,145.95,135.71,759.18,252.9,129.32,122.66,110.57,429.46,44.46,Class_B
S019,S019_M05,5,115.52,127.7,133.92,145.65,162.73,154.82,153.78,133.62,777.67,264.09000000000003,130.39,134.18,105.31,430.55,39.78,Class_C
S384,S384_M02,2,101.25,125.25,140.49,152.45,162.54,156.91,151.96,139.91,777.57,252.57,107.93,127.42,111.57,416.67,42.11,Class_B
S007,S007_M04,4,122.78,137.45,148.49,158.33,167.81,164.97,150.71,129.93,817.57,283.97,124.54,128.31,102.69,429.39,41.68,Class_C
S438,S438_M01,1,108.12,126.69,146.92,154.92,161.59,150.05,147.5,142.14,779.95,247.57,122.71,120.96,102.15,427.72,38.34,Class_B
S429,S429_M02,2,110.38,133.37,141.91,150.62,162.82,159.67,152.95,130.72,761.49,245.83,115.64,121.55,106.16,416.88,44.58,Class_A
S459,S459_M02,2,106.69,129.44,149.76,154.53,153.18,147.64,141.07,130.59,757.87,249.38,113.56,126.19,107.75,397.08,43.89,Class_C
S090,S090_M04,4,125.79,135.62,148.15,142.91,156.95,148.7,148.16,125.61,782.09,261.9,122.39,125.21,108.03,437.15,40.42,Class_B
S294,S294_M05,5,115.53,132.17,145.61,157.81,156.45,154.41,140.28,122.3,767.26,264.51,129.98,136.11,103.45,415.63,39.19,Class_A
S360,S360_M01,1,117.66,144.33,150.13,157.44,164.04,158.3,146.39,139.13,772.0,269.65,109.06,121.6,107.0,412.49,39.5,Class_B
S144,S144_M02,2,116.14,124.37,137.12,152.91,151.64,146.63,140.39,134.73,757.66,249.8,128.72,129.18,116.73,402.53,38.32,Class_B
S393,S393_M01,1,105.96,124.9,136.86,151.94,158.13,159.34,139.33,136.54,793.89,275.1,124.04,139.38,115.83,434.41,42.49,Class_B
S483,S483_M02,2,113.09,135.31,152.49,167.7,178.85,170.54,151.96,147.19,777.88,259.16,121.36,132.66,109.41,414.3,43.31,Class_B
S001,S001_M01,1,103.45,118.72,131.58,145.25,147.22,144.86,147.65,127.22,776.96,247.75,115.47,116.3,91.77,410.51,34.63,Class_C
S092,S092_M02,2,123.25,132.66,144.67,158.09,159.01,146.49,139.13,132.62,780.63,237.61,116.88,125.83,97.52,434.18,34.77,Class_C
S221,S221_M02,2,106.73,132.31,147.2,155.65,158.64,159.75,147.43,130.3,794.28,261.23,122.59,137.81,117.44,430.8,39.01,Class_A
S222,S222_M04,4,114.42,132.68,153.06,160.46,159.85,162.57,152.46,133.95,790.2,251.78,131.13,144.16,116.38,417.89,40.27,Class_B
S381,S381_M02,2,108.71,120.04,135.94,149.02,147.55,142.79,141.72,128.03,773.94,263.75,118.07,125.93,112.16,436.87,32.38,Class_B
S017,S017_M03,3,110.7,128.29,148.56,153.97,156.8,163.96,159.84,144.74,771.74,261.79,127.34,132.49,110.81,420.28,43.88,Class_B
S297,S297_M02,2,116.57,137.29,142.16,147.91,148.69,146.56,140.24,128.68,781.38,267.24,120.83,132.35,97.53,421.61,45.32,Class_C
S400,S400_M01,1,111.28,124.45,148.26,151.32,164.79000000000002,157.33,138.46,128.37,761.82,269.63,120.77,125.74,103.57,421.45,38.93,Class_B
S136,S136_M02,2,97.06,124.67,142.8,160.46,176.34,171.05,167.0,139.86,793.83,258.33,107.23,117.59,100.06,421.42,42.8,Class_A
S318,S318_M04,4,108.09,128.77,144.22,147.55,155.38,147.59,139.29,135.93,786.32,254.83,114.34,125.25,100.9,416.65,39.53,Class_C
S427,S427_M04,4,99.24,119.19,130.14,146.44,155.99,143.58,137.81,123.09,803.72,252.32,123.06,138.83,113.26,410.89,40.72,Class_A
S210,S210_M02,2,115.95,129.43,144.64,147.19,152.26,150.55,150.24,138.64,766.01,250.21,115.81,125.92,100.84,427.73,37.27,Class_B
S293,S293_M01,1,117.42,130.22,146.79,145.71,146.42,145.56,136.56,133.6,790.89,262.13,128.61,131.93,111.4,442.77,40.12,Class_C
S155,S155_M01,1,104.74,118.55,138.67,147.52,165.64,164.19,159.18,146.98,787.53,274.56,115.99,129.32,105.37,423.48,44.14,Class_A
S334,S334_M04,4,124.44,142.29,158.9,145.91,143.78,150.64,146.85,135.9,785.05,243.07,137.49,141.53,115.06,411.58,43.08,Class_C
S378,S378_M01,1,104.96,117.33,133.93,150.94,160.85,156.14,143.58,131.82,776.01,238.48,118.14,121.6,112.73,410.1,38.14,Class_B
S437,S437_M05,5,107.95,123.34,143.32,157.76,180.71,174.32,160.83,132.43,754.17,261.71,120.05,139.13,115.46,436.17,37.72,Class_A
S104,S104_M03,3,110.76,133.31,148.28,158.39,159.88,157.91,139.47,129.8,759.95,263.43,118.76,117.49,93.91,429.81,41.56,Class_C
S165,S165_M03,3,109.74,132.94,140.69,155.41,158.75,151.25,137.91,133.51,789.77,264.23,123.08,120.04,110.7,421.03,34.68,Class_B
S081,S081_M05,5,117.31,139.58,144.25,155.62,163.55,154.73,153.97,144.21,784.35,262.47,130.88,143.45,115.44,428.72,44.66,Class_C
S077,S077_M05,5,106.77,118.12,137.56,154.9,159.91,154.36,150.88,131.4,773.33,248.9,120.11,126.44,99.71,414.54,39.89,Class_A
S403,S403_M01,1,120.16,130.84,148.35,153.09,149.94,153.96,154.28,135.99,778.18,271.84,134.43,134.43,104.97,418.24,43.48,Class_C
S417,S417_M02,2,104.17,127.64,134.02,148.54,159.4,161.54,158.98,138.91,764.37,264.8,116.79,124.58,102.48,416.97,43.16,Class_A
S021,S021_M05,5,114.59,136.48,147.98,147.2,155.08,144.28,135.31,135.97,788.23,254.15,128.41,129.31,118.93,432.5,38.35,Class_C
S327,S327_M04,4,119.58,132.17,148.45,158.09,159.29,158.89,146.92,132.24,782.64,247.39,117.48,131.89,105.91,425.48,41.83,Class_C
S499,S499_M04,4,112.55,135.21,153.76,158.23,159.5,154.38,149.32,141.86,776.18,251.09,115.75,123.84,109.32,429.54,32.81,Class_B
S138,S138_M04,4,109.29,123.4,147.37,152.7,157.64,151.93,148.82,139.34,779.21,257.1,121.73,123.26,111.92,429.07,38.68,Class_B
S406,S406_M01,1,110.89,131.44,146.065,151.79,158.5,153.66,152.25,144.91,767.45,236.01,131.55,132.19,112.18,417.24,38.37,Class_C
S166,S166_M02,2,112.39,132.62,146.62,163.88,156.37,140.95,137.76,131.88,766.14,257.62,116.14,127.41,113.425,439.62,43.03,Class_B
S249,S249_M01,1,112.81,115.91,136.71,149.6,156.82,146.69,142.66,129.04,783.8,260.94,123.07,126.17,106.49,417.25,38.33,Class_B
S013,S013_M03,3,111.57,121.21,136.26,153.96,160.89,154.99,151.42,142.26,790.11,284.83,123.01,135.32,113.26,436.73,39.09,Class_B
S262,S262_M01,1,109.6,132.37,144.04,157.55,162.16,158.92,144.34,132.89,759.79,264.43,116.68,114.03,94.23,406.1,39.65,Class_C
S171,S171_M03,3,105.11,125.43,142.39,152.85,156.78,155.77,139.66,125.07,785.19,265.38,122.92,133.99,113.04,407.15,38.73,Class_A
S461,S461_M02,2,121.25,131.78,149.04,154.68,167.58,156.33,159.99,136.17,794.05,262.41,124.04,128.49,110.0,432.08,40.96,Class_B
S036,S036_M02,2,101.15,116.03,138.77,144.1,151.97,148.08,147.65,136.71,763.82,252.14,109.45,134.76,110.39,423.56,39.13,Class_A
S253,S253_M03,3,117.96,132.5,148.35,157.66,166.33,159.62,143.25,134.3,784.32,261.49,119.37,126.73,115.69,425.09,37.24,Class_B
S045,S045_M04,4,112.92,131.55,144.66,148.14499999999998,165.49,162.25,144.69,135.22,792.19,261.6,130.61,134.52,110.82,425.16,42.89,Class_C
S030,S030_M01,1,119.87,123.66,140.38,147.06,155.43,147.64,135.43,134.47,782.01,257.13,126.74,123.33,103.25,425.41,39.88,Class_C
S218,S218_M04,4,115.23,127.51,150.59,159.17,168.95,159.85,152.06,129.76,780.25,257.39,112.08,130.93,109.17,422.65,40.46,Class_A
S075,S075_M04,4,106.08,123.32,149.41,150.56,161.19,152.53,141.7,131.0,765.74,254.99,102.93,121.93,95.8,421.82,39.69,Class_A
S365,S365_M05,5,114.66,128.12,141.66,150.54,158.16,156.75,149.65,138.87,766.82,237.3,119.68,125.33,111.59,421.19,42.62,Class_B
S424,S424_M02,2,110.25,127.64,143.64,157.66,163.0,152.37,140.73,126.08,780.69,249.84,115.08,123.51,97.9,416.31,41.46,Class_A
S229,S229_M03,3,103.69,125.2,141.27,148.89,160.88,147.29,137.39,133.14,778.22,248.47,126.4,128.43,118.74,413.06,35.84,Class_B
S480,S480_M05,5,112.54,126.05,140.64,149.33,159.1,153.85,146.89,131.53,772.48,256.65,138.4,145.28,121.76,420.66,42.12,Class_B
S435,S435_M01,1,89.12,108.24,134.65,144.42,159.66,149.48,144.22,128.18,784.75,266.24,119.3,136.69,107.63,423.54,37.54,Class_A
S255,S255_M05,5,104.67,115.25,134.4,140.93,159.05,152.81,137.71,118.76,775.44,250.23,114.5,126.49,103.67,422.9,40.92,Class_A
S254,S254_M01,1,86.75,107.15,117.31,135.92,151.69,140.84,128.22,115.73,785.86,251.3,112.8,122.48,99.57,397.29,41.67,Class_A
S449,S449_M01,1,114.81,128.69,141.25,155.88,165.54,157.54,140.96,133.71,765.39,249.23,118.32,141.8,101.95,397.08,37.46,Class_A
S394,S394_M03,3,108.83,128.59,145.88,151.56,164.33,156.26,144.01,132.21,787.71,268.34,135.87,137.96,105.05,420.36,41.22,Class_C
S002,S002_M05,5,110.02,135.51,142.01,151.8,158.73,148.56,128.42,116.86,778.05,256.2,102.77,116.85,100.56,429.53,39.97,Class_B
S090,S090_M05,5,120.41,139.12,148.47,145.07,153.77,145.51,143.85,125.33,778.22,255.78,117.83,125.28,104.37,419.83,40.93,Class_B
S368,S368_M04,4,114.25,127.75,140.9,152.79,159.79,154.43,144.88,128.6,767.43,249.66,114.03,126.74,101.06,404.36,43.04,Class_C
S142,S142_M04,4,106.34,122.77,145.19,153.44,164.08,160.09,150.82,134.24,781.91,277.67,108.34,119.23,111.35,402.45,45.5,Class_B
S052,S052_M01,1,96.78,121.88,138.63,149.53,162.82,163.21,151.92,136.72,772.14,247.36,109.17,130.79,112.14,423.12,40.03,Class_A
S177,S177_M03,3,100.66,118.35,141.93,150.49,157.94,154.98,148.44,131.11,811.77,254.51,119.35,121.05,108.29,437.83,44.85,Class_B
S324,S324_M03,3,109.6,123.39,138.58,148.11,155.14,156.66,143.56,131.49,777.35,255.67,129.76,143.1,129.28,427.2,41.6,Class_B
S078,S078_M05,5,118.23,134.86,146.3,145.8,145.52,139.04,139.41,125.44,757.69,254.58,118.3,120.81,100.7,424.01,46.36,Class_C
S407,S407_M05,5,107.47,133.57,144.42,164.94,169.17,160.33,155.18,132.09,772.7,255.8,108.99,131.16,109.36,424.34,38.57,Class_A
S481,S481_M03,3,105.82,125.03,136.3,146.0,160.71,159.49,156.6,142.15,765.64,260.05,123.22,135.95,115.0,412.25,40.11,Class_B
S317,S317_M02,2,110.8,122.38,141.15,143.64,154.51,143.22,133.93,134.98,784.84,262.39,129.11,135.25,120.53,427.61,40.89,Class_B
S182,S182_M04,4,114.36,129.63,136.22,153.91,156.79,146.73,134.29,132.19,768.27,257.8,106.58,110.2,101.92,409.14,47.43,Class_C
S185,S185_M05,5,110.26,114.35,127.38,136.63,155.52,149.95,149.18,139.63,743.58,253.44,114.11,122.62,101.41,426.17,44.05,Class_C
S151,S151_M02,2,109.02,126.72,148.55,152.79,159.08,156.7,145.35,134.16,775.38,265.3,118.14,119.14,99.12,410.55,40.08,Class_C
S382,S382_M04,4,112.03,129.47,137.91,151.58,151.3,159.51,158.52,148.89,782.6,259.84,134.83,145.99,116.38,430.96,38.25,Class_C
S093,S093_M01,1,109.79,134.71,148.56,159.93,165.05,159.37,152.25,128.84,776.78,243.58,122.22,130.29,97.41,408.16,39.97,Class_B
S350,S350_M03,3,98.62,123.06,135.94,141.56,151.19,146.32,144.49,133.82,788.84,271.13,117.91,132.36,109.48,435.26,40.16,Class_A
S394,S394_M02,2,108.17,120.0,134.46,145.68,160.05,159.44,151.66,132.07,777.61,257.99,133.27,138.13,108.16,420.09,32.29,Class_C
S245,S245_M05,5,123.17,132.74,148.84,156.21,165.14,152.38,143.03,120.52,772.65,273.04,118.31,121.14,112.64,419.78,40.02,Class_B
S234,S234_M04,4,118.67,129.69,149.72,151.68,156.26,155.53,144.3,136.17,755.12,252.76,114.43,113.78,103.64,426.84,40.2,Class_B
S192,S192_M04,4,103.19,118.3,136.97,148.16,152.18,142.02,136.46,118.09,781.07,259.61,112.81,123.39,94.68,432.14,36.57,Class_A
S101,S101_M02,2,101.04,116.24,139.96,150.66,161.17,157.44,151.64,141.39,793.76,252.81,114.85,116.03,105.21,422.63,39.03,Class_C
S346,S346_M03,3,120.86,129.64,132.83,134.66,142.69,144.07,142.4,138.13,783.74,265.35,127.7,134.27,111.14,436.14,43.1,Class_C
S148,S148_M05,5,120.67,143.05,149.65,157.34,164.56,163.55,149.41,127.36,796.63,266.47,116.5,124.09,114.78,421.63,42.02,Class_B
S009,S009_M01,1,102.25,127.53,138.91,140.99,148.85,154.15,140.88,123.6,776.42,231.27,113.75,130.85,103.94,426.7,39.52,Class_A
S174,S174_M04,4,116.27,136.60000000000002,151.39,153.41,154.72,151.56,150.82,140.77,793.13,270.06,122.7,126.83,99.5,422.44,44.24,Class_C
S147,S147_M02,2,111.37,133.61,145.81,153.14,154.34,149.04,143.44,132.47,787.38,256.39,126.32,138.76,116.63,425.45,44.69,Class_B
S108,S108_M05,5,112.88,132.4,146.95,150.59,171.96,154.55,133.74,115.09,760.82,269.5,113.14,130.99,108.58,390.77,39.72,Class_A
S241,S241_M02,2,114.77,126.66,144.53,142.75,152.49,146.0,145.39,133.17,794.05,260.96,128.64,137.89,116.17,423.61,40.13,Class_C
S268,S268_M05,5,96.54,112.4,136.05,151.1,163.57,163.44,149.64,128.85,791.11,258.97,116.73,127.77,100.13,405.97,33.75,Class_A
S140,S140_M03,3,102.16,118.18,142.74,150.22,157.21,150.6,139.45,132.97,757.22,262.83,122.37,143.87,112.62,416.97,39.34,Class_A
S404,S404_M03,3,103.32,120.83,132.08,143.52,157.49,145.43,136.57,117.91,782.17,251.52,101.36,123.28,108.68,414.4,41.76,Class_A
S419,S419_M05,5,94.84,115.46,133.24,149.47,161.82,151.2,137.73,131.44,769.07,251.08,112.3,125.15,109.08,438.91,36.32,Class_A
S417,S417_M04,4,102.42,120.0,136.78,153.18,158.7,160.56,158.1,141.16,777.61,256.8,113.62,119.19,97.76,400.44,38.18,Class_A
S275,S275_M02,2,121.49,128.47,138.25,148.72,153.75,149.77,141.73,133.15,795.96,257.1,118.96,127.31,105.09,418.17,36.91,Class_C
S230,S230_M01,1,99.25,126.15,146.12,156.28,157.65,154.76,149.77,131.97,802.73,250.81,125.71,128.85,105.46,421.76,38.81,Class_A
S207,S207_M02,2,101.37,125.85,141.44,151.18,160.3,154.96,137.29,130.0,768.11,239.98,126.7,134.37,111.99,417.21,36.795,Class_A
S075,S075_M03,3,116.96,134.83,153.52,156.99,158.06,154.98,140.98,130.64,786.52,253.72,105.84,115.88,98.83,423.39,39.39,Class_A
S134,S134_M03,3,107.63,123.85,149.67,151.84,163.76,158.55,136.96,135.05,790.14,261.23,128.07,133.63,111.86,417.43,41.48,Class_B
S287,S287_M02,2,100.77,124.81,146.41,149.61,166.29,149.85,136.98,123.76,782.7,268.69,125.9,133.47,106.26,426.35,33.78,Class_A
S439,S439_M01,1,114.49,124.18,133.3,142.89,152.86,140.84,140.27,131.59,786.465,257.86,125.85,135.53,113.47,440.23,39.46,Class_C
S072,S072_M03,3,106.38,114.81,138.3,140.59,154.03,139.86,131.15,124.82,790.74,258.9,124.54,132.91,107.16,423.645,37.9,Class_B
S194,S194_M03,3,126.12,138.87,150.37,163.69,157.7,149.83,142.95,129.32,775.18,277.37,121.57,118.87,99.42,418.95,43.74,Class_C
S157,S157_M04,4,111.58,124.84,127.16,142.04,153.06,151.91,140.55,130.19,772.0,245.8,116.63,132.92,101.22,395.34,40.25,Class_A
S148,S148_M01,1,117.49,135.18,151.56,158.58,165.675,160.11,141.36,123.72,778.99,275.56,117.63,121.79,110.36,431.83,40.65,Class_B
S271,S271_M04,4,107.91,113.41,132.64,147.04,155.23,143.08,135.86,128.11,786.33,241.46,111.44,132.74,112.06,395.64,38.83,Class_A
S208,S208_M01,1,106.68,116.59,144.38,148.54,155.34,156.36,147.31,140.87,796.9,254.55,122.46,141.44,112.64,425.58,42.26,Class_C
S195,S195_M01,1,95.07,105.59,133.17,145.03,159.49,153.27,149.68,137.41,806.88,257.51,117.42,137.15,113.74,423.885,39.01,Class_A
S095,S095_M01,1,100.59,114.23,140.35,145.9,157.98,152.08,144.11,131.65,768.73,256.95,119.27,139.38,115.02,421.74,44.89,Class_A
S132,S132_M01,1,118.48,133.64,151.48,155.28,152.35,144.39,135.55,134.06,794.13,252.17,128.25,122.77,104.31,434.4,40.2,Class_C
S473,S473_M01,1,108.47,124.06,137.45,158.3,160.63,155.76,149.08,128.15,776.11,249.11,106.43,120.81,91.29,419.35,42.97,Class_A
S382,S382_M05,5,112.4,132.36,140.18,146.71,143.15,156.93,153.26,144.63,790.53,260.06,133.87,147.02,114.41,426.83,41.06,Class_C
S468,S468_M03,3,110.03,129.7,140.8,159.13,161.46,160.31,148.1,137.32,765.06,253.15,130.36,131.54,114.44,405.44,40.61,Class_C
S280,S280_M02,2,115.13,124.1,144.61,156.83,161.73,161.16,149.95,136.0,762.74,248.42,111.6,122.02,103.88,430.55,42.47,Class_C
S308,S308_M02,2,121.36,135.86,149.1,162.58,166.86,157.18,147.3,126.84,791.13,265.08,116.94,121.01,106.25,432.48,42.8,Class_B
S401,S401_M03,3,112.9,130.26,139.58,147.53,150.08,151.64,140.1,127.51,784.57,258.47,120.99,129.33,116.5,427.6,34.66,Class_A
S438,S438_M04,4,105.08,128.29,148.2,157.31,166.4,158.43,151.83,139.33,786.24,259.51,123.9,124.26,99.61,406.18,40.0,Class_B
S310,S310_M05,5,111.27,122.58,142.2,156.14,159.43,151.85,155.51,136.99,748.58,241.73,112.1,124.32,105.76,435.67,41.71,Class_A
S266,S266_M04,4,98.95,113.6,124.02,147.37,151.09,148.04,142.08,131.57,766.5,252.02,114.83,114.9,97.82,404.85,40.77,Class_A
S252,S252_M02,2,106.25,116.11,135.89,145.86,153.78,153.09,146.25,141.38,786.83,262.5,142.13,151.43,122.7,416.78,37.82,Class_C
S434,S434_M04,4,98.9,117.7,136.82,141.11,145.24,140.29,143.14,137.95,803.3,256.6,129.8,129.29,102.24,411.62,42.6,Class_C
S286,S286_M01,1,102.31,107.29,121.23,131.44,138.69,140.36,141.29,136.05,787.84,272.38,110.35,120.74,101.2,393.9,36.1,Class_B
S293,S293_M05,5,115.59,124.82,141.93,145.89,145.56,140.11,135.92,136.56,812.02,254.61,126.76,130.36,108.47,434.41,41.15,Class_C
S312,S312_M01,1,123.12,133.0,148.97,154.34,162.1,154.34,148.88,137.34,783.6,280.39,129.46,130.77,127.07,409.03,39.67,Class_B
S433,S433_M03,3,113.67,128.63,147.63,151.48,163.05,159.45,157.16,152.17,778.77,263.64,123.85,133.96,112.01,412.81,40.1,Class_C
S251,S251_M01,1,114.7,121.06,134.24,141.38,157.05,149.77,134.04,126.67,776.44,255.84,131.2,137.36,124.24,424.03,38.28,Class_B
S340,S340_M05,5,108.54,119.67,140.11,148.46,156.94,154.39,142.4,127.21,765.06,260.04,125.57,120.44,104.38,424.15,40.67,Class_C
S251,S251_M03,3,106.61,117.27,138.49,139.9,147.89,148.13,135.52,126.16,772.31,265.57,127.53,142.37,125.17,428.32500000000005,38.36,Class_B
S487,S487_M03,3,111.83,125.4,142.1,154.37,157.37,163.22,153.58,133.33,789.12,258.43,112.92,123.62,104.69,418.22,45.26,Class_B
S466,S466_M01,1,121.21,129.18,137.53,146.16,158.11,162.83,153.94,142.44,769.8,246.17,126.39,131.96,117.45,428.06,46.08,Class_C
S248,S248_M02,2,105.06,116.29,145.62,158.2,168.35,160.06,143.01,139.45,787.59,270.05,125.41,132.56,111.67,419.88,31.49,Class_B
S178,S178_M01,1,127.53,138.46,145.13,150.95,154.56,146.87,146.27,132.04,776.8,268.52,123.97,130.57,103.96,392.56,43.04,Class_C
S016,S016_M05,5,98.97,118.67,144.81,156.1,160.96,150.75,148.65,136.14,777.16,276.41,128.96,137.22,111.16,429.47,37.25,Class_A
S235,S235_M03,3,114.17,131.96,157.64,160.16,161.85,160.35,156.79,134.98,785.48,251.92,122.32,129.23,111.45,431.01,45.16,Class_C
S163,S163_M05,5,105.08,124.75,140.75,149.05,156.49,156.3,140.64,130.26,777.51,253.36,109.47,125.59,108.99,440.81,39.07,Class_A
S371,S371_M03,3,128.05,133.78,150.68,155.22,156.13,154.0,150.95,130.71,772.82,266.5,127.02,137.6,120.63,416.87,34.21,Class_C
S398,S398_M05,5,93.98,114.89,131.04,142.79,145.18,142.95,140.85,126.24,754.62,274.77,105.99,122.28,106.16,402.61,40.11,Class_A
S135,S135_M02,2,98.06,116.89,139.93,155.45,161.65,150.7,144.98,130.18,762.01,254.71,123.01,114.53,104.15,423.26,41.26,Class_B
S439,S439_M04,4,120.03,126.98,140.01,147.61,150.03,147.15,146.9,141.84,795.26,254.28,122.97,131.96,111.64,430.82,40.24,Class_C
S490,S490_M04,4,111.23,138.53,146.96,154.18,156.27,141.04,135.37,126.19,766.79,236.49,141.63,133.1,104.5,405.7,41.1,Class_B
S012,S012_M03,3,109.72,119.79,134.29,146.29,154.27,153.21,147.93,141.81,764.42,245.77,124.39,122.11,99.72,430.93,38.9,Class_C
S027,S027_M04,4,102.32,115.86,137.07,145.28,163.37,149.43,137.15,127.46,766.43,249.19,125.03,128.26,107.24,406.7,40.49,Class_B
S229,S229_M01,1,102.91,121.32,138.15,148.01,161.78,143.4,140.27,134.56,773.61,250.54,118.0,119.98,112.11,417.64,35.86,Class_B
S187,S187_M04,4,109.71,120.04,133.8,152.81,159.09,147.0,135.15,124.68,783.7,244.45,106.83,124.0,98.27,419.49,46.77,Class_B
S186,S186_M04,4,115.14,125.16,138.89,149.45,160.08,149.39,142.5,138.53,799.04,252.6,138.19,138.3,117.18,422.35,40.49,Class_C
S165,S165_M04,4,102.94,126.24,135.51,147.43,155.36,149.85,134.77,123.66,773.78,257.48,117.42,117.52,107.5,409.38,38.27,Class_B
S287,S287_M03,3,104.67,130.55,146.57,155.99,169.45,156.9,135.55,121.27,804.46,271.02,133.21,127.66,103.07,409.23,34.69,Class_A
S279,S279_M03,3,114.57,123.85,143.53,152.76,167.07,157.45,146.56,132.68,787.41,247.06,123.17,125.0,104.13,424.71,37.62,Class_C
S307,S307_M02,2,126.39,130.68,152.27,153.2,154.76,145.89,140.46,126.41,784.9,263.36,122.57,130.15,106.29,435.57,44.2,Class_B
S243,S243_M05,5,106.31,126.53,140.03,145.59,161.45,153.04,143.57,127.2,774.84,253.32,122.01,131.51,106.32,422.38,43.42,Class_A
S101,S101_M05,5,106.97,122.2,141.97,144.14,153.46,147.42,143.73,133.55,790.79,263.14,120.88,125.75,115.92,410.89,45.26,Class_C
S496,S496_M03,3,98.35,109.7,122.22,141.34,153.73,148.07,137.18,126.75,775.86,248.39,122.51,123.34,109.89,410.95,38.32,Class_B
S070,S070_M03,3,111.34,123.74,136.44,152.07,157.76,147.73,143.55,129.67,797.03,254.85,112.36,122.82,103.85,409.18,41.82,Class_B
S078,S078_M02,2,117.16,127.63,141.09,146.71,144.04,139.39,137.73,122.57,777.47,238.63,119.81,125.68,104.2,437.22,43.85,Class_C
S205,S205_M05,5,101.1,119.34,144.85,160.12,170.43,153.21,139.32,122.77,781.66,245.39,132.78,139.3,111.43,419.22,42.46,Class_A
S392,S392_M04,4,107.14,119.63,138.09,151.97,158.52,158.91,154.18,143.02,797.61,259.99,114.96,131.64,108.79,430.22,41.63,Class_A
S277,S277_M05,5,97.42,123.78,143.14,147.76,152.31,141.01,141.13,134.11,789.94,248.97,110.38,124.05,107.82,409.51,39.41,Class_A
S179,S179_M05,5,115.05,132.27,144.66,154.39,166.14,157.51,151.57,146.63,785.48,260.73,114.51,121.98,106.7,425.0,43.65,Class_C
S166,S166_M04,4,112.7,130.57,146.41,155.78,158.26,144.85,133.9,133.89,791.18,268.69,122.76,135.05,114.88,426.92,40.75,Class_B
S489,S489_M02,2,112.25,131.74,146.23,154.89,165.87,151.67,136.68,120.51,733.93,255.21,124.62,136.47,115.42,427.37,39.28,Class_B
S096,S096_M01,1,112.5,130.19,144.92,154.62,166.4,150.67,146.23,127.05,775.77,271.14,117.54,127.88,112.79,414.91,37.3,Class_B
S337,S337_M04,4,101.16,110.81,129.95,148.98,160.44,153.34,145.46,131.02,772.54,243.67,128.14,132.54,112.8,432.51,36.1,Class_A
S430,S430_M03,3,101.61,119.38,136.94,147.7,153.54,148.56,146.57,132.83,775.39,262.2,114.49,116.68,102.68,434.49,42.24,Class_C
S467,S467_M05,5,104.51,135.85,146.4,156.71,160.62,152.04,152.5,140.0,781.66,249.6,123.71,130.35,112.61,430.03,36.88,Class_B
S427,S427_M03,3,96.34,119.86,135.24,150.33,167.64,154.99,141.11,123.91,795.09,248.0,126.99,132.55,108.51,427.91,45.75,Class_A
S420,S420_M02,2,114.45,133.07,144.07,157.72,165.86,160.57,160.63,141.41,791.3,259.63,119.22,134.15,106.04,413.66,38.92,Class_C
S131,S131_M03,3,103.42,124.74,133.7,142.71,160.39,147.41,144.49,126.12,770.24,259.71,107.9,123.74,94.71,402.82,37.02,Class_A
S035,S035_M03,3,113.17,127.29,137.74,145.35,158.93,144.27,137.76,130.3,784.51,257.32,115.69,128.75,108.29,421.2,43.13,Class_B
S295,S295_M05,5,109.58,117.9,132.45,142.88,157.18,149.08,143.21,130.06,780.01,262.17,114.04,108.21,92.16,411.46,39.33,Class_C
S230,S230_M05,5,100.67,129.3,149.08,153.68,155.38,144.16,135.98,125.42,799.07,247.54,127.66,133.71,110.45,415.35,42.21,Class_A
S008,S008_M04,4,111.83,119.44,140.3,138.86,151.85,145.48,140.02,136.26,778.45,256.84,125.75,132.54,115.66,421.62,44.62,Class_C
S311,S311_M05,5,107.11,129.48,144.83,155.96,163.32,152.99,149.68,140.1,769.28,270.94,113.16,114.5,101.79,423.19,40.76,Class_B
S479,S479_M03,3,110.41,122.86,137.17,144.37,155.86,147.71,140.09,134.41,790.6,269.62,124.88,126.3,106.24,416.08,40.2,Class_B
S143,S143_M04,4,116.82,124.58,140.64,138.75,149.93,141.51,135.09,133.72,800.49,272.88,124.32,131.76,107.24,411.78,42.42,Class_C
S019,S019_M01,1,114.03,125.76,141.38,149.76,170.92,160.73,145.99,128.3,805.56,266.05,131.63,138.95,105.59,441.47,39.32,Class_C
S034,S034_M02,2,94.82,115.64,134.33,147.25,152.17,137.36,130.98,123.74,768.31,271.22,116.44,129.08,118.93,407.6,35.0,Class_B
S242,S242_M01,1,111.9,124.35,130.34,142.07,153.19,145.48,144.34,127.67,786.15,268.53,126.31,139.32,107.15,418.35,39.82,Class_C
S176,S176_M01,1,113.94,125.07,143.86,156.99,167.34,168.06,153.98,136.64,784.08,257.25,113.29,130.18,112.1,413.33,38.01,Class_A
S089,S089_M05,5,86.74,108.35,120.29,137.68,154.38,148.11,137.53,126.58,762.43,263.74,94.27,115.81,85.15,397.95,35.8,Class_A
S432,S432_M04,4,115.22,131.4,147.04,156.75,164.24,163.86,152.8,142.82,773.04,270.19,128.35,128.83,100.21,439.73,37.63,Class_C
S460,S460_M04,4,104.0,113.0,130.5,131.86,134.82,129.1,130.26,122.11,790.91,258.43,109.71,119.55,112.13,432.74,45.12,Class_B
S489,S489_M01,1,114.41,133.18,145.63,150.64,166.7,156.85,140.19,125.87,780.88,250.44,121.2,133.55,110.54,422.97,40.41,Class_B
S219,S219_M04,4,110.62,113.68,140.41,146.69,152.88,150.58,149.9,135.42,763.21,263.06,114.99,113.16,106.26,434.17,38.12,Class_C
S366,S366_M03,3,115.03,134.45,145.74,159.42,166.93,159.16,148.98,136.03,783.28,268.86,117.6,127.85,108.14,415.19,36.11,Class_B
S232,S232_M01,1,96.79,119.48,131.48,142.01,149.66,147.19,142.19,132.57,774.32,263.45,122.42,121.87,102.93,406.27,41.73,Class_B
S265,S265_M05,5,117.65,125.29,132.97,143.9,155.33,156.77,151.92,135.27,793.05,272.06,124.98,125.91,100.7,445.58,38.4,Class_C
S044,S044_M02,2,101.18,118.36,137.27,147.1,163.84,155.47,145.78,125.56,776.16,252.09,107.11,123.97,104.44,430.86,37.46,Class_A
S271,S271_M01,1,101.44,110.24,126.82,143.63,159.37,141.85,136.53,127.13,769.96,248.63,113.47,131.62,112.01,415.5,35.55,Class_A
S103,S103_M01,1,103.42,122.35,146.53,151.44,165.21,163.65,151.81,140.76,774.17,245.3,113.62,123.6,101.98,414.78,34.86,Class_A
S337,S337_M01,1,97.17,111.44,132.51,152.38,160.66,151.23,146.27,126.01,772.96,258.88,123.22,132.35,118.67,433.44,41.08,Class_A
S100,S100_M05,5,111.26,130.09,145.89,148.16,160.01,161.75,157.27,146.17,781.83,243.82,115.22,121.37,103.91,419.7,40.47,Class_C
S495,S495_M02,2,105.21,124.47,133.84,150.37,154.35,159.54,146.64,136.36,762.04,259.84,131.57,124.76,98.47,419.21,39.24,Class_C
S372,S372_M02,2,101.08,127.86,142.28,152.08,163.36,143.36,139.86,129.05,755.68,265.05,117.2,138.58,110.54,409.64,37.1,Class_A
S278,S278_M04,4,114.77,123.55,139.88,155.63,164.6,155.78,148.41,141.81,780.47,245.81,123.22,135.13,121.76,417.94,33.49,Class_B
S304,S304_M05,5,102.9,115.64,140.29,145.95,147.69,143.96,143.42,130.47,768.11,256.45,136.33,145.5,127.01,452.68,39.84,Class_B
S335,S335_M02,2,100.41,130.98,138.66,150.1,162.92,149.75,140.38,135.68,779.81,268.7,112.03,126.74,105.4,423.22,40.26,Class_A
S068,S068_M04,4,101.94,119.48,144.5,141.27,152.12,146.2,134.75,131.84,789.1,251.59,111.62,133.11,101.85,415.15,45.41,Class_A
S455,S455_M05,5,121.05,134.43,148.53,163.17,169.27,157.74,145.97,124.53,787.68,265.37,113.83,126.01,102.19,447.8,37.59,Class_A
S238,S238_M04,4,122.25,127.95,138.22,150.43,151.24,142.07,140.72,138.61,779.78,253.4,113.91,114.24,95.57,411.17,40.35,Class_C
S006,S006_M04,4,123.74,139.06,154.07,159.36,168.71,160.31,145.94,140.6,783.94,255.96,128.76,130.7,105.88,432.68,43.25,Class_C
S309,S309_M01,1,111.12,123.29,145.04,158.3,167.84,161.2,153.07,133.28,763.24,256.12,101.84,126.97,108.84,426.03,39.02,Class_A
S244,S244_M03,3,107.93,126.61,146.91,159.83,172.13,157.1,144.56,134.08,777.11,265.32,116.37,124.91,117.98,429.37,44.1,Class_B
S459,S459_M01,1,109.76,126.92,152.52,151.32,151.4,145.22,142.43,131.64,787.58,243.57,118.44,127.28,110.79,424.92,43.95,Class_C
S159,S159_M05,5,113.77,134.18,146.57,143.53,145.76,139.22,137.36,125.7,803.01,258.4,107.61,109.28,95.31,415.63,41.41,Class_C
S190,S190_M01,1,103.46,118.91,137.96,143.89,151.72,139.86,132.45,126.05,779.17,271.19,107.76,128.83,113.57,414.69,42.57,Class_A
S284,S284_M02,2,100.91,116.85,127.51,141.48,158.89,164.03,147.39,135.82,780.14,247.78,118.3,131.04,109.8,417.5,40.77,Class_A
S034,S034_M05,5,95.4,116.06,131.85,145.86,148.87,139.3,134.28,127.44,767.97,260.93,120.04,126.6,113.7,414.39,32.56,Class_B
S457,S457_M01,1,109.38,125.42,147.96,158.6,163.44,161.56,153.21,137.16,798.68,251.33,125.63,133.92,110.53,419.87,41.45,Class_C
S336,S336_M02,2,112.6,125.87,145.39,157.02,161.68,148.69,139.67,127.81,797.23,278.56,130.66,130.1,111.82,419.65,43.41,Class_B
S240,S240_M03,3,109.77,123.1,144.46,153.44,154.51,154.7,146.03,133.08,789.33,272.59,120.88,123.05,97.48,419.94,44.13,Class_A
S309,S309_M03,3,113.84,127.09,144.62,157.86,163.86,155.75,146.33,128.68,767.52,247.49,107.14,120.82,108.27,423.62,39.07,Class_A
S251,S251_M04,4,103.53,116.49,134.0,138.97,155.65,150.75,136.72,128.45,781.3,261.61,136.71,139.98,119.44,427.97,36.07,Class_B
S256,S256_M02,2,120.19,136.48,151.03,165.03,174.3,164.25,145.01,135.76,799.16,269.28,132.11,132.93,119.05,427.39,44.33,Class_C
S183,S183_M03,3,111.29,133.42,145.64,163.73,158.44,145.66,144.65,129.63,783.44,269.08,128.52,132.05,114.87,426.8,33.63,Class_B
S099,S099_M02,2,101.75,111.7,138.35,150.28,160.6,155.82,140.12,115.83,780.91,262.84,120.7,131.51,113.63,417.82,38.37,Class_A
S191,S191_M04,4,106.41,119.46,130.58,141.05,148.3,145.44,142.56,142.26,778.22,268.28,121.56,131.76,101.51,425.96,43.33,Class_C
S220,S220_M03,3,93.0,119.1,140.62,158.95,156.91,147.76,133.52,123.29,770.55,271.87,119.51,120.78,112.59,415.79,38.63,Class_B
S207,S207_M03,3,102.09,122.55,135.57,144.5,154.63,151.52,135.08,127.07,767.53,251.32,130.53,131.07,103.52,415.64,36.48,Class_A
S118,S118_M03,3,115.93,130.37,139.76,146.67,146.52,150.16,140.39,134.46,770.2,259.26,121.0,127.01,99.1,402.43,42.3,Class_C
S151,S151_M01,1,116.05,133.26,155.9,156.51,159.81,156.87,148.38,137.88,772.77,262.3,127.89,124.09,100.83,429.52,34.96,Class_C
S132,S132_M03,3,119.32,131.44,150.63,161.84,154.02,135.67,136.58,131.22,789.9,234.06,129.16,124.63,105.06,421.48,40.97,Class_C
S374,S374_M02,2,111.4,130.41,141.64,151.55,165.34,156.3,145.4,128.95,786.67,254.0,111.22,123.0,100.21,411.52,38.47,Class_A
S047,S047_M05,5,114.41,128.24,152.62,162.45,160.91,153.49,138.72,128.62,785.94,264.52,113.85,119.87,106.65,422.93,37.42,Class_B
S147,S147_M03,3,107.48,128.88,142.51,144.8,152.33,149.21,145.17,136.67,780.55,259.73,129.16,134.42,117.56,410.96,39.96,Class_B
S238,S238_M02,2,127.07,123.96,139.91,150.96,154.49,147.23,137.25,136.5,802.59,249.32,119.26,119.42,98.35,404.2,40.76,Class_C
S232,S232_M02,2,94.23,111.54,132.19,142.14,153.01,145.75,138.04,125.18,766.75,255.4,128.64,126.18,101.91,399.5,43.69,Class_B
S446,S446_M04,4,112.12,129.02,146.55,161.08,169.78,166.75,158.11,139.93,789.08,258.09,131.6,143.59,109.13,429.42,42.71,Class_C
S242,S242_M05,5,113.7,122.77,132.88,145.77,151.75,143.91,141.13,133.95,768.11,254.08,125.26,132.24,110.33,408.78,40.74,Class_C
S214,S214_M01,1,104.11,114.39,132.41,145.33,150.65,146.55,137.82,131.48,772.74,257.53,119.58,124.05,107.47,405.04,43.39,Class_C
S213,S213_M03,3,103.59,121.32,146.17,151.67,151.92,155.42,146.78,132.66,776.86,248.21,106.0,122.5,107.46,407.68,31.95,Class_A
S234,S234_M03,3,122.79,136.9,148.21,154.46,152.94,152.83,145.37,133.24,775.55,259.16,116.85,121.95,106.05,414.13,39.88,Class_B
S299,S299_M03,3,121.82,133.14,148.44,153.43,165.04,157.49,153.06,136.59,779.92,261.76,133.64,138.11,105.17,409.02,38.69,Class_C
S413,S413_M05,5,105.23,118.18,138.95,152.64,164.04,157.13,149.42,126.29,763.0,245.59,124.96,134.67,112.33,424.04,39.15,Class_A
S177,S177_M05,5,102.48,116.95,140.27,149.17,158.79,152.11,141.09,137.19,782.68,241.94,114.21,119.8,101.37,407.53,45.15,Class_B
S029,S029_M04,4,108.25,124.49,144.44,154.51,168.23,160.05,153.75,132.18,777.42,248.74,121.17,129.99,112.79,403.19,38.52,Class_A
S493,S493_M01,1,111.45,129.76,137.54,151.32,158.3,150.08,150.76,135.09,802.94,274.71,131.45,133.22,118.08,436.6,35.07,Class_B
S171,S171_M01,1,104.65,120.49,144.36,158.73,156.27,155.9,138.71,126.05,786.31,275.71,126.15,141.94,117.63,426.89,38.38,Class_A
S144,S144_M03,3,114.03,122.43,139.72,154.0,156.78,148.5,148.2,134.87,787.94,259.18,126.81,129.81,109.71,418.11,37.56,Class_B
S476,S476_M04,4,104.43,121.77,141.2,150.73,160.13,160.09,152.41,138.3,740.27,249.63,115.88,138.8,108.8,426.28,36.91,Class_A
S053,S053_M05,5,120.22,140.04,147.62,154.54,163.52,154.6,158.09,146.86,776.22,286.42,131.22,135.6,115.62,440.01,41.91,Class_C
S016,S016_M01,1,103.11,125.45,149.92,156.21,159.82,151.88,143.32,131.0,762.96,260.72,130.82,141.73,113.23,433.65,31.16,Class_A
S080,S080_M01,1,117.91,135.69,147.28,155.44,151.94,151.4,146.38,130.78,785.48,263.71,135.78,135.14,106.81,426.46,42.15,Class_C
S425,S425_M05,5,119.28,133.85,150.19,153.39,152.82,150.64,144.36,134.3,774.78,269.43,124.04,132.78,114.42,443.4,37.01,Class_B
S469,S469_M03,3,92.39,116.47,134.76,147.29,153.675,144.9,140.52,129.65,786.51,263.57,111.62,131.27,111.91,420.24,35.58,Class_A
S080,S080_M02,2,117.36,136.29,149.64,158.93,154.49,148.67000000000002,147.73,134.15,815.85,260.36,126.44,124.4,99.12,427.88,44.42,Class_C
S274,S274_M01,1,117.75,126.27,138.9,157.58,160.27,160.36,153.61,147.29,770.23,254.16,123.91,130.72,119.29,405.19,35.99,Class_B
S417,S417_M05,5,96.48,113.21,132.32,150.38,161.26,164.2,160.89,139.99,764.43,246.97,116.38,122.53,99.78,412.08,41.35,Class_A
S381,S381_M04,4,112.84,127.86,141.81,153.47,155.7,149.07,143.21,128.6,779.0,243.64,122.08,127.19,110.1,443.8,35.1,Class_B
S120,S120_M01,1,112.17,123.78,134.6,139.84,148.45,145.86,136.71,133.25,789.23,253.78,115.33,119.69,106.18,394.2,46.03,Class_B
S260,S260_M02,2,125.77,135.67,146.59,159.37,163.61,150.62,149.5,146.03,783.22,270.22,119.25,125.64,118.15,429.95,44.9,Class_B
S365,S365_M02,2,113.09,126.67,139.71,154.21,164.11,158.16,148.72,142.7,780.68,244.37,123.92,130.67,116.38,416.06,41.25,Class_B
S175,S175_M03,3,105.78,126.46,147.8,149.11,156.43,146.6,138.83,118.13,791.49,248.59,111.86,120.7,98.89,422.72,41.25,Class_A
S310,S310_M04,4,106.73,124.67,143.69,155.48,160.4,152.74,158.91,136.96,781.1,261.59,114.23,132.68,103.96000000000001,422.86,43.29,Class_A
S008,S008_M02,2,117.27,126.07,143.81,140.41,147.57,145.41,144.02,141.18,776.15,257.17,126.1,135.95,119.72,413.7,41.9,Class_C
S422,S422_M04,4,96.02,114.82,135.31,146.88,153.48,150.84,147.45,133.31,765.39,247.06,132.05,144.23,114.41,413.35,40.41,Class_A
S427,S427_M01,1,96.68,118.45,129.76,147.3,162.45,151.89,142.82,122.54,800.25,260.14,120.1,136.6,110.58,416.495,39.75,Class_A
S196,S196_M03,3,113.66,127.52,137.95,146.72,164.46,157.56,154.3,136.85,786.34,252.45,122.17,128.12,104.66,428.37,35.5,Class_A
S315,S315_M02,2,102.51,128.47,144.12,146.92,155.28,155.72,147.75,139.14,770.96,251.97,123.17,123.97,104.25,416.19,43.79,Class_B
S225,S225_M03,3,107.33,125.48,147.07,159.47,162.62,159.34,148.08,136.57,801.82,248.45,115.17,129.46,116.25,417.83,39.16,Class_A
S379,S379_M03,3,110.77,118.48,136.88,140.37,156.12,153.08,147.85,136.69,773.63,250.31,130.95,133.15,109.28,438.22,36.43,Class_B
S136,S136_M01,1,96.91,119.79,143.54,162.48,172.68,174.06,166.57,139.83,786.87,256.59,109.64,123.81,98.91,417.27,43.01,Class_A
S146,S146_M04,4,104.49,117.61,131.63,142.09,152.84,153.5,147.63,134.28,770.19,252.13,120.04,134.88,108.23,411.54,35.21,Class_A
S083,S083_M03,3,125.26,131.48,142.95,140.65,142.51,148.97,147.67,128.38,767.01,270.88,122.91,120.93,101.41,436.42,42.15,Class_C
S304,S304_M02,2,95.11,117.93,138.99,149.58,148.49,144.98,145.37,129.17,773.5,248.13,132.32,138.11,125.77,419.38,40.69,Class_B
S330,S330_M05,5,100.48,125.26,139.7,151.99,165.67,158.91,152.05,137.78,792.86,256.78,118.58,130.79,104.77,419.72,41.36,Class_A
S166,S166_M01,1,116.04,132.58,145.92,157.56,159.12,143.97,140.12,137.08,762.6,272.11,121.72,131.06,111.33,441.34,39.06,Class_B
S124,S124_M02,2,104.43,128.75,139.2,150.23,164.42,153.14,157.72,141.6,762.43,231.9,118.07,125.0,106.39,426.8,40.51,Class_B
S023,S023_M05,5,116.82,124.24,139.93,151.3,144.47,144.08,145.04,129.05,779.01,256.45,124.92,128.28,102.32,420.6,42.83,Class_C
S084,S084_M03,3,110.07,122.54,129.38,133.05,155.32,150.3,142.6,129.38,775.38,259.27,105.54,116.38,97.8,414.4,45.99,Class_A
S326,S326_M01,1,109.46,130.86,152.78,153.93,155.8,151.02,141.05,129.42,785.22,260.69,117.15,134.77,115.21,410.39,44.53,Class_B
S492,S492_M04,4,109.56,122.82,134.99,145.12,157.76,153.92,143.08,134.44,772.96,237.55,118.54,129.58,113.69,422.28,41.77,Class_B
S018,S018_M05,5,105.19,124.03,139.77,158.34,169.93,157.69,146.32,138.13,794.17,275.73,123.77,131.57,105.9,452.93,40.88,Class_A
S417,S417_M03,3,101.57,125.13,140.14,152.22,158.79,157.19,158.43,150.24,790.34,253.09,110.55,123.41,102.33,407.57,40.66,Class_A
S151,S151_M04,4,116.03,131.28,148.24,148.97,157.38,159.21,150.6,141.75,778.81,258.81,120.61,117.54,105.13,415.37,37.55,Class_C
S327,S327_M01,1,116.9,128.42,140.46,157.93,162.59,154.4,145.79,133.7,791.34,259.22,112.64,136.31,108.78,419.9,40.66,Class_C
S003,S003_M02,2,113.97,120.83,135.68,151.54,155.58,144.77,151.41,136.82,757.68,244.24,119.4,127.36,97.01,403.39,38.5,Class_C
S057,S057_M05,5,114.88,131.67,147.0,156.86,164.49,161.07,142.85,132.17,802.53,273.01,121.92,128.23,116.5,437.85,37.57,Class_B
S214,S214_M02,2,113.19,121.66,142.58,149.39,154.77,151.36,146.22,132.82,773.99,256.54,117.53,127.72,110.33,396.13,40.2,Class_C
S239,S239_M02,2,103.5,120.31,135.58,142.63,151.88,147.26,136.6,124.56,769.81,262.72,114.0,123.31,106.98,426.58,37.28,Class_A
S289,S289_M01,1,122.74,146.94,162.39,175.62,164.94,156.78,144.8,134.84,787.38,273.55,139.75,141.32,119.24,429.16,37.84,Class_B
S469,S469_M05,5,91.37,115.68,137.71,144.89,157.02,146.72,145.43,138.58,753.99,256.73,108.8,125.88,106.63,413.53,36.82,Class_A
S488,S488_M04,4,119.54,135.47,147.75,162.87,163.03,155.805,146.31,123.68,789.84,256.22,117.57,130.42,113.44,402.11,40.04,Class_A
S499,S499_M02,2,114.25,138.07,157.07,160.73,163.6,153.53,145.98,137.82,757.59,242.99,110.19,118.45,98.74,415.91,34.52,Class_B
S314,S314_M04,4,100.83,119.53,132.23,134.11,141.93,131.48,128.9,124.42,776.4,246.42,134.35,134.55,115.06,435.11,33.62,Class_B
S431,S431_M01,1,109.11,128.16,141.17,151.91,147.46,153.63,146.81,139.07,779.81,253.81,108.59,119.03,106.46,424.43,37.87,Class_C
S338,S338_M03,3,118.72,128.8,149.46,152.91,166.93,158.72,149.51,139.32,774.11,260.95,112.91,130.77,105.99,425.89,42.07,Class_C
S171,S171_M02,2,103.79,119.44,141.79,154.09,159.42,158.84,139.505,124.96,796.31,277.04,126.38,134.69,115.94,423.67,36.28,Class_A
S180,S180_M01,1,112.66,128.59,141.75,151.7,160.94,156.94,149.75,136.34,815.68,250.71,131.04,129.5,104.67,423.29,43.7,Class_C
S100,S100_M02,2,108.74,128.74,145.86,149.12,168.24,164.67,164.75,151.73,769.37,252.36,114.8,122.3,107.34,417.53,39.76,Class_C
S357,S357_M03,3,126.21,136.48,148.13,153.87,160.39,162.69,147.14,126.58,747.0,255.53,126.28,123.53,95.66,429.4,46.85,Class_C
S068,S068_M01,1,97.41,109.0,133.7,138.77,148.13,147.6,141.52,131.29,796.79,244.46,109.15,122.68,97.97,410.07,45.1,Class_A
S104,S104_M01,1,120.44,134.65,151.04,152.82,158.83,151.71,143.67,135.72,765.58,269.48,113.27,113.47,94.21,424.27,41.69,Class_C
S270,S270_M04,4,108.39,136.57,153.05,154.21,166.01,162.8,154.83,138.21,774.79,264.94,119.44,138.75,117.14,405.85,36.76,Class_A
S204,S204_M01,1,106.81,130.02,148.23,155.27,165.53,159.24,148.01,128.33,798.09,261.51,115.81,127.59,104.62,409.5,44.12,Class_A
S471,S471_M01,1,118.3,144.17,151.95,159.07,160.1,150.51,136.06,125.05,785.65,267.5,114.97,127.18,114.06,414.34,40.06,Class_B
S357,S357_M02,2,119.17,137.52,142.32,151.93,158.51,162.0,145.21,122.94,755.79,250.92,124.79,118.91,94.48,427.81,47.42,Class_C
S358,S358_M01,1,117.99,131.7,145.88,156.31,159.14,148.66,149.51,134.9,784.56,251.84,119.9,121.51,100.65,425.94,35.49,Class_C
S415,S415_M01,1,110.37,126.26,144.43,158.82,173.33,159.42,145.77,132.1,786.75,248.68,122.83,138.88,113.4,411.85,40.99,Class_A
S072,S072_M02,2,106.34,116.15,131.48,145.43,154.82,146.35,133.51,128.47,771.4,262.47,121.75,136.71,112.94,427.79,37.16,Class_B
S478,S478_M01,1,105.27,120.89,130.16,147.86,165.3,148.62,135.76,129.54,754.98,248.48,122.1,134.38,115.14,413.45,43.01,Class_B
S263,S263_M03,3,98.03,112.43,137.1,143.22,152.81,150.32,144.85,127.13,805.9,265.51,102.59,119.55,89.15,402.53,37.42,Class_A
S328,S328_M01,1,113.31,127.72,137.16,151.39,155.28,142.03,134.38,124.43,797.24,250.13,116.48,128.8,110.07,426.09,40.86,Class_B
S111,S111_M01,1,101.32,121.3,139.74,151.34,145.77,148.75,151.92,136.87,761.76,249.96,121.36,138.06,119.42,429.4,41.66,Class_B
S246,S246_M03,3,118.79,128.6,139.74,146.66,152.66,156.63,151.6,140.25,780.42,275.7,108.42,120.56,87.03,413.11,45.43,Class_C
S474,S474_M02,2,105.35,120.76,133.07,139.21,152.14,148.34,148.56,128.84,775.5,258.07,107.65,119.94,111.02,413.1,32.93,Class_A
S192,S192_M03,3,111.02,122.54,147.73,153.62,155.79,145.27,137.87,119.32,769.13,262.41,106.17,123.66,99.18,427.79,40.1,Class_A
S355,S355_M04,4,119.72,135.9,146.08,148.78,156.18,148.16,151.19,141.79,786.17,255.16,126.68,125.31,110.39,423.04,39.44,Class_B
S202,S202_M04,4,112.21,130.68,135.86,145.73,154.66,150.34,153.01,127.86,776.09,254.48,120.21,128.08,101.41,409.74,41.14,Class_C
S219,S219_M03,3,109.22,114.79,139.56,150.2,150.17,145.89,151.14,137.31,789.81,251.88,115.48,121.25,112.55,429.75,37.38,Class_C
S447,S447_M02,2,106.74,115.09,140.74,149.64,151.12,157.27,147.66,138.74,778.47,262.38,117.96,119.72,107.94,402.31,47.63,Class_C
S200,S200_M02,2,107.42,123.32,147.54,144.41,165.79,157.2,138.68,118.35,777.38,254.05,119.52,129.71,104.89,414.38,34.61,Class_A
S336,S336_M05,5,108.65,126.44,144.81,153.6,161.75,147.58,139.99,128.0,773.97,274.65,124.2,131.0,117.54,413.75,43.82,Class_B
S031,S031_M04,4,109.13,120.12,137.01,139.94,152.64,153.62,146.47,137.03,776.39,269.89,117.64,130.44,112.31,438.41,46.03,Class_C
S117,S117_M01,1,111.71,127.65,141.81,151.81,160.04,152.94,148.17,137.11,780.28,259.57,125.05,129.7,102.84,418.85,47.61,Class_C
S295,S295_M01,1,109.65,118.61,130.43,142.54,148.06,142.0,138.71,128.73,795.77,262.62,117.49,119.87,94.62,429.08,41.66,Class_C
S141,S141_M04,4,104.26,128.98,140.82,156.73,161.08,154.49,139.59,132.7,776.43,254.13,112.61,112.58,99.68,449.32,43.4,Class_B
S243,S243_M03,3,110.19,131.01,136.6,145.5,162.71,149.93,141.23,123.88,767.11,262.03,125.65,134.71,108.12,410.05,41.71,Class_A
S180,S180_M02,2,113.03,131.01,145.68,155.49,158.61,157.27,153.92,133.37,768.51,254.27,135.0,129.35,102.79,407.66,41.95,Class_C
S098,S098_M03,3,103.55,119.6,138.29,153.77,168.25,154.78,136.51,124.56,805.94,267.02,112.68,128.82,110.62,409.11,40.5,Class_A
S112,S112_M05,5,109.26,124.5,146.67,154.97,170.8,164.96,154.59,136.62,769.65,272.26,118.94,132.77,114.11,435.26,40.52,Class_A
S229,S229_M02,2,106.88,133.49,143.53,149.21,158.31,140.64,137.62,131.59,792.06,246.76,119.7,120.32,114.35,394.48,32.74,Class_B
S224,S224_M05,5,116.15,132.96,146.36,146.72,154.89,144.97,148.41,139.64,789.26,282.47,119.84,124.12,104.53,425.1,44.57,Class_C
S103,S103_M03,3,96.8,111.91,137.19,153.46,165.72,162.2,151.9,134.31,798.16,253.33,114.02,130.43,102.88,414.35,36.68,Class_A
S127,S127_M04,4,105.16,116.38,130.23,145.61,160.33,157.67,151.35,133.97,752.38,256.52,122.82,132.41,106.79,423.04,38.94,Class_A
S432,S432_M03,3,118.16,131.04,146.67,152.15,159.06,159.19,153.63,145.99,776.14,254.78,124.73,125.94,96.03,426.08,36.97,Class_C
S333,S333_M05,5,123.19,135.25,154.81,158.69,169.92,164.99,159.74,141.26,773.1,274.33,126.02,144.15,119.88,418.01,37.82,Class_C
S203,S203_M03,3,122.79,127.82,146.19,154.14,162.02,157.2,158.67,140.79,752.61,269.87,122.54,134.05,111.61,416.27,34.22,Class_B
S387,S387_M02,2,115.64,129.38,144.74,142.74,152.36,150.79,148.42,138.38,770.96,254.93,126.95,135.91,116.97,420.08,37.35,Class_C
S231,S231_M01,1,99.08,116.32,135.46,141.06,156.36,152.15,144.38,128.7,778.64,256.85,118.16,124.07,96.13,422.5,37.2,Class_A
S470,S470_M03,3,111.76,128.81,139.76,148.81,155.71,157.18,143.31,133.31,764.64,247.24,120.23,128.37,110.27,416.11,35.84,Class_B
S024,S024_M02,2,112.58,135.92,149.55,155.11,160.21,155.49,153.64,142.44,793.43,267.75,124.76,137.19,113.04,413.57,45.33,Class_C
S149,S149_M01,1,111.71,126.03,135.25,141.95,161.94,160.76,148.29,135.91,779.31,259.49,128.2,134.39,116.36,431.32,41.11,Class_B
S463,S463_M02,2,106.77,125.355,135.36,138.94,150.17,146.05,147.02,136.01,772.52,246.46,121.49,126.58,108.15,413.21,42.21,Class_C
S395,S395_M05,5,90.22,106.57,128.65,143.15,154.13,140.13,138.67,123.08,757.24,236.18,114.51,125.28,96.81,418.84,41.34,Class_A
S217,S217_M02,2,102.34,120.93,130.61,144.73,153.92,149.24,136.58,127.58,752.94,276.98,125.91,136.21,115.93,421.87,37.09,Class_A
S363,S363_M01,1,93.44,118.63,144.14,160.33,164.92,162.04,145.71,134.2,758.45,237.49,112.13,123.63,105.68,409.52,45.32,Class_A
S167,S167_M01,1,99.73,117.82,135.58,138.46,150.97,135.11,142.64,123.81,771.72,261.6,119.7,126.11,99.58,423.05,42.02,Class_C
S024,S024_M05,5,110.35,135.21,149.11,154.57,159.14,156.8,161.68,143.98,792.91,256.44,121.4,132.23,107.18,402.88,44.59,Class_C
S132,S132_M02,2,111.27,126.74,147.03,151.82,153.91,144.73,136.79,125.87,791.42,228.12,126.46,125.1,105.47,407.88,41.89,Class_C
S458,S458_M01,1,109.3,124.98,141.33,137.93,144.03,146.71,149.19,136.66,793.11,250.85,114.68,119.32,104.46,407.79,37.16,Class_B
S450,S450_M02,2,116.84,128.62,147.04,158.62,162.26,152.12,143.22,132.84,784.6949999999999,265.91,118.35,131.39,114.22,415.21,40.86,Class_B
S491,S491_M03,3,117.23,132.14,139.82,155.51,163.4,153.8,151.32,132.92,779.55,264.11,121.06,125.48,100.86,415.71,38.79,Class_C
S128,S128_M01,1,111.96,127.95,145.13,158.15,172.29,164.99,150.38,131.28,765.0,245.28,114.64,126.98,97.66,418.62,39.65,Class_A
S074,S074_M05,5,112.91,131.51,147.07,155.95,165.32,156.81,146.15,130.54,763.35,275.13,117.09,127.6,115.59,409.18,40.8,Class_A
S054,S054_M04,4,117.67,135.26,143.33,143.38,154.31,142.97,144.72,133.88,795.22,268.23,129.6,125.91,107.32,416.71,40.76,Class_C
S010,S010_M02,2,110.44,136.63,154.64,156.18,165.63,154.23,140.99,132.29,782.2,259.91,117.28,125.8,120.65,398.07,36.6,Class_B
S199,S199_M02,2,91.87,115.73,125.49,140.29,152.71,153.0,137.61,123.5,776.34,251.51,116.93,135.33,105.31,412.31,39.45,Class_A
S176,S176_M02,2,117.9,130.46,146.5,152.86,166.72,172.85,157.78,141.86,775.27,256.96,112.54,134.25,116.67,432.54,40.26,Class_A
S155,S155_M04,4,107.45,120.93,137.71,148.74,158.85,154.36,157.41,137.15,784.04,270.7,120.5,132.08,106.9,424.77,43.4,Class_A
S244,S244_M05,5,105.32,127.29,146.16,163.34,176.94,157.79,149.83,139.21,768.66,273.91,116.16,127.48,115.83,401.84,41.13,Class_B
S226,S226_M02,2,116.31,133.86,149.92,146.01,148.22,147.77,140.86,131.33,786.59,272.33,125.79,129.89,106.38,428.32,37.81,Class_C
S001,S001_M05,5,111.19,117.59,130.1,134.6,139.19,139.7,140.2,128.12,775.38,241.38,119.27,118.21,92.39,403.12,42.61,Class_C
S320,S320_M01,1,123.33,132.87,143.4,143.0,145.57,142.89,137.95,134.89,789.71,260.43,124.65,126.23,103.94,428.36,36.92,Class_C
S216,S216_M03,3,104.61,120.14,131.61,147.55,156.07,151.49,145.72,131.66,788.16,260.43,129.39,133.47,114.04,419.36,44.28,Class_C
S168,S168_M03,3,116.4,119.46,139.5,145.22,153.87,146.17,142.46,131.54,772.71,258.27,121.72,128.08,110.88,400.51,44.13,Class_C
S137,S137_M02,2,111.07,123.49,133.93,148.55,151.35,154.54,159.64,150.31,789.46,263.27,115.89,118.01,107.42,426.13,39.04,Class_C
S344,S344_M01,1,110.33,127.9,138.8,152.98,165.71,151.67,135.7,128.41,789.82,258.20500000000004,119.77,123.76,108.76,429.36,35.74,Class_B
S230,S230_M04,4,102.07,125.69,145.86,153.5,154.73,146.9,147.96,133.16,795.38,258.17,128.33,138.41,113.98,410.64,39.94,Class_A
S115,S115_M05,5,106.83,118.24,126.41,135.25,152.96,150.87,148.25,132.05,779.84,269.79,109.04,120.28,110.27,409.37,39.15,Class_A
S011,S011_M01,1,100.05,118.02,132.79,147.38,153.79,143.72,143.56,123.93,764.19,247.81,123.98,133.4,111.7,390.05,41.13,Class_B
S171,S171_M04,4,110.29,125.64,142.78,155.57,158.68,160.05,139.35,125.71,791.6,261.57,126.42,139.86,117.46,422.89,38.0,Class_A
S397,S397_M03,3,120.43,139.48,155.37,160.95,164.56,162.26,161.82,143.79,778.87,260.19,118.02,122.99,102.59,442.91,41.93,Class_C
S365,S365_M04,4,112.39,126.25,144.13,155.55,159.35,153.53,143.51,137.63,776.58,254.0,119.23,131.75,121.81,420.31,42.82,Class_B
S167,S167_M04,4,101.04,114.17,128.06,140.49,150.76,134.05,141.88,122.75,787.08,273.5,116.77,128.96,100.54,425.94,38.61,Class_C
S224,S224_M01,1,120.7,131.89,143.4,148.98,154.11,144.54,152.06,143.75,794.42,263.8,119.65,127.12,103.9,416.93,48.14,Class_C
S234,S234_M02,2,118.84,130.57,143.98,149.7,157.11,147.84,146.88,128.1,762.14,254.99,110.1,116.14,106.9,414.61,39.58,Class_B
S382,S382_M02,2,110.89,130.41,141.14,144.47,148.92,156.96,156.98,147.53,776.48,266.99,127.3,143.16,120.91,417.21,36.18,Class_C
S195,S195_M02,2,98.0,114.82,136.41,150.36,163.54,152.23,142.02,139.92,796.58,259.17,118.36,135.04,108.79,420.52,35.12,Class_A
S080,S080_M05,5,120.51,133.07,144.02,154.84,154.47,149.18,150.88,133.5,811.14,276.18,127.66,128.74,105.91,412.33,43.8,Class_C
S004,S004_M05,5,114.3,132.28,139.39,151.0,149.88,149.15,151.42,131.32,782.16,273.27,119.28,130.41,101.3,419.34,41.26,Class_C
S137,S137_M05,5,107.26,118.49,132.95,143.99,145.7,156.09,155.97,151.65,771.57,272.04,119.01,119.27,106.11,422.43,40.56,Class_C
S008,S008_M01,1,110.36,125.39,143.94,139.37,149.55,144.77,147.35,145.42,753.69,236.51,121.43,135.08,121.43,407.27,44.24,Class_C
S474,S474_M05,5,105.35,122.65,135.56,134.9,147.82,147.28,139.01,115.18,800.65,239.65,119.67,122.44,108.85,422.13,33.29,Class_A
S105,S105_M05,5,121.75,131.02,151.49,154.0,152.35,150.41,143.99,139.12,787.06,267.36,127.06,132.7,102.41,419.59,43.19,Class_C
S185,S185_M01,1,106.42,121.5,135.06,138.60500000000002,158.68,153.23,147.85,133.76,768.96,263.65,117.38,123.39,102.88,428.58,42.43,Class_C
S369,S369_M02,2,110.08,118.66,137.22,147.47,156.29,147.1,133.2,129.64,751.78,261.17,121.1,120.59,99.28,408.1,45.29,Class_B
S379,S379_M01,1,109.28,117.76,133.59,143.41,153.71,145.65,138.68,127.7,787.12,241.97,124.05,127.02,116.48,435.33,37.45,Class_B
S108,S108_M03,3,114.56,132.29,141.94,155.28,172.69,153.35,139.37,119.26,763.01,265.5,113.77,125.27,110.08,414.15,42.04,Class_A
S342,S342_M01,1,113.79,123.71,133.53,140.05,151.73000000000002,149.45,144.44,127.99,762.88,273.77,117.22,120.04,95.45,437.27,40.1,Class_C
S491,S491_M02,2,117.98,135.0,140.48,152.6,169.05,152.89,151.56,135.32,769.05,259.72,119.25,125.70500000000001,103.73,429.12,41.21,Class_C
S050,S050_M01,1,101.99,123.22,142.71,155.12,169.05,158.59,156.25,145.84,760.61,269.02,119.97,133.53,116.21,415.26,39.66,Class_A
S157,S157_M05,5,109.54,127.51,135.95,149.0,163.18,162.34,145.55,127.97,785.9,259.54,110.41,128.03,93.85,400.09,43.35,Class_A
S282,S282_M05,5,105.3,114.22,129.91,140.83,156.58,159.43,148.84,140.71,784.42,261.24,123.4,134.42,105.35,419.39,35.35,Class_A
S031,S031_M05,5,114.11,124.22,144.62,143.82,149.51,151.54,149.25,137.96,807.23,271.81,124.56,142.27,118.99,429.15,42.31,Class_C
S338,S338_M02,2,121.84,132.2,151.46,160.19,167.51,159.16,151.58,142.05,756.23,263.58,121.18,127.55,108.12,440.45,41.96,Class_C
S126,S126_M01,1,111.13,119.51,144.21,157.89,161.52,158.04,149.97,142.41,768.76,276.25,124.57,129.44,116.59,411.95,44.13,Class_B
S481,S481_M04,4,104.0,124.34,135.25,143.5,157.83,156.7,146.27,136.7,777.32,244.03,124.57,131.92,113.77,406.05,39.46,Class_B
S270,S270_M02,2,104.48,134.1,143.55,148.96,163.21,162.77,153.96,135.05,798.64,279.97,113.92,137.26,113.98,418.65,36.46,Class_A
S114,S114_M05,5,118.39,134.88,151.79,155.02,151.86,151.06,138.34,118.8,773.42,260.9,125.51,140.71,117.49,436.72,42.71,Class_B
S352,S352_M04,4,102.44,116.04,140.65,157.44,169.31,158.14,142.99,126.94,768.85,264.5,117.87,135.52,112.2,439.19,36.12,Class_A
S364,S364_M02,2,118.04,134.24,146.95,151.59,162.08,152.91,151.53,129.42,770.22,263.92,114.51,126.17,109.13,440.38,32.76,Class_A
S414,S414_M01,1,109.78,122.03,144.32,147.44,161.65,156.87,145.04,136.13,766.72,244.49,113.21,124.52,114.62,425.44,42.4,Class_C
S026,S026_M03,3,102.36,116.34,130.04,143.64,163.55,160.82,147.94,145.82,770.44,274.23,115.1,126.89,99.99,407.77,35.43,Class_A
S498,S498_M03,3,108.84,129.24,132.8,149.0,153.22,141.93,144.42,131.88,768.65,249.02,114.49,121.43,100.27,419.63,34.14,Class_B
S402,S402_M02,2,103.17,128.9,142.21,146.54,159.31,149.64,150.58,130.21,785.99,247.01,132.75,136.74,102.75,428.24,41.04,Class_C
S197,S197_M01,1,95.43,111.77,123.15,137.94,127.71,135.05,116.17,99.01,801.62,252.77,133.23,140.11,120.66,437.83,43.28,Class_B
S039,S039_M01,1,98.91,120.74,139.85,146.11,157.42,161.32,148.4,133.58,733.72,264.44,114.22,132.05,104.1,421.38,38.18,Class_A
S228,S228_M05,5,112.06,122.75,147.44,154.0,157.06,144.03,134.79,134.6,785.98,255.0,132.78,136.18,110.08,427.65,36.08,Class_B
S199,S199_M03,3,97.86,120.12,130.37,141.45,157.83,150.68,139.28,123.26,797.52,247.34,121.04,140.9,109.88,407.29,40.12,Class_A
S140,S140_M05,5,100.46,116.87,143.65,151.77,160.32,149.82,141.03,138.23,763.93,255.48,115.68,136.29,114.03,426.44,42.39,Class_A
S122,S122_M02,2,93.42,130.03,151.06,158.49,171.48,162.67,148.01,134.14,784.5,254.0,116.06,120.76,116.39,422.38,40.04,Class_B
S037,S037_M01,1,107.01,122.05,140.29,139.36,158.22,154.32,150.15,134.67,761.25,244.13,106.76,122.22,105.08,423.58,39.26,Class_A
S061,S061_M02,2,111.82,126.99,138.78,152.05,157.63,144.03,143.03,126.75,796.29,250.37,127.15,126.3,107.86,420.79,38.1,Class_C
S213,S213_M01,1,106.17,124.74,141.87,155.07,157.07,152.21,149.49,132.05,775.77,268.33,106.89,127.7,104.53,411.18,33.53,Class_A
S473,S473_M02,2,113.27,127.96,140.38,153.89,163.19,152.9,153.48,128.61,776.91,257.95,106.62,122.89,93.62,421.99,38.26,Class_A
S214,S214_M05,5,113.63,124.21,142.96,150.23,154.92,149.31,142.6,130.29,768.95,258.19,122.22,122.29,106.25,383.92,41.745000000000005,Class_C
S442,S442_M01,1,109.22,123.38,141.14,151.78,158.35,155.16,144.43,128.12,756.05,251.66,117.98,133.4,115.09,408.87,40.49,Class_A
S249,S249_M04,4,116.61,123.93,139.86,146.58,157.88,146.2,141.55,125.34,775.72,272.19,126.78,127.18,110.45,432.34,42.6,Class_B
S004,S004_M02,2,109.77,129.79,139.81,150.9,149.59,151.7,154.42,132.29,754.67,270.53,120.81,128.38,102.76,442.09,41.33,Class_C
S499,S499_M01,1,108.45,134.22,147.95,155.46,162.2,154.18,147.23,137.16,786.33,259.05,118.17,122.39,105.48,417.42,31.28,Class_B
S110,S110_M02,2,118.56,125.6,141.5,151.36,163.1,162.48,149.25,142.53,790.66,276.4,127.46,135.11,114.72,433.58,38.95,Class_C
S132,S132_M04,4,118.03,132.41,153.08,154.6,150.85,145.81,139.0,130.03,784.14,247.68,134.89,124.97,105.33,404.76,43.27,Class_C
S452,S452_M04,4,108.16,126.62,138.47,152.55,167.35,167.48,151.13,139.07,786.84,258.25,108.02,120.0,99.37,433.74,44.81,Class_C
S458,S458_M04,4,108.42,121.66,138.46,147.5,149.81,153.52,145.41,133.45,788.08,251.71,116.76,124.94,104.13,409.82,34.92,Class_B
S301,S301_M05,5,118.09,130.99,145.65,155.1,159.7,156.36,155.16,135.92,786.06,266.33,115.64,124.24,98.23,434.11,41.61,Class_C
S192,S192_M05,5,107.92,125.35,143.44,151.35,148.52,142.6,137.36,120.46,778.94,257.83,108.77,125.59,100.34,421.09,37.32,Class_A
S160,S160_M03,3,117.57,123.6,142.57,147.9,155.2,148.81,152.62,141.81,804.29,247.68,117.9,131.98,111.46,421.89,37.53,Class_C
S046,S046_M01,1,116.23,131.98,140.46,154.21,164.72,156.14,146.82,130.66,801.08,252.36,124.19,129.0,102.17,419.93,44.2,Class_C
S415,S415_M05,5,108.77,128.73,147.13,156.21,169.52,155.77,148.96,131.98,799.61,251.48,130.11,138.13,116.52,408.95,39.19,Class_A
S360,S360_M05,5,114.47,140.2,151.54,156.38,173.83,158.31,152.73,139.91,773.87,264.885,106.18,112.69,101.71,421.97,34.48,Class_B
S496,S496_M02,2,109.88,117.89,121.42,137.31,148.25,149.55,138.12,132.19,780.72,252.52,129.41,132.53,112.21,439.02,37.3,Class_B
S418,S418_M01,1,114.52,127.6,133.1,152.13,158.82,157.28,154.44,143.49,758.96,257.77,127.49,133.26,103.93,416.37,43.75,Class_C
S339,S339_M04,4,103.23,122.25,144.4,155.94,157.46,158.73,153.54,135.89,784.03,260.96,114.42,119.8,111.71,421.28,39.04,Class_A
S210,S210_M01,1,108.76,127.87,141.94,146.23,148.63,150.25,144.94,134.75,773.81,260.63,113.33,127.02,100.4,417.99,36.68,Class_B
S094,S094_M05,5,122.35,133.98,151.38,159.06,160.5,151.64,148.33,136.75,773.41,270.51,127.7,135.56,119.42,408.97,38.34,Class_B
S191,S191_M05,5,112.96,130.14,135.57,138.99,143.79,148.29,148.57,146.16,769.73,255.72,119.88,132.49,108.06,416.64,39.75,Class_C
S498,S498_M02,2,103.94,123.26,133.67,141.66,150.99,149.84,147.23,131.08,757.21,249.99,117.19,126.18,107.31,419.43,33.98,Class_B
S128,S128_M05,5,105.97,128.32,145.01,159.84,163.24,157.1,142.52,127.87,773.76,243.3,120.76,132.46,102.6,404.59,37.64,Class_A
S465,S465_M04,4,110.83,129.1,140.87,156.15,169.9,155.13,139.88,126.19,781.08,259.24,124.37,132.89,122.27,389.5,39.19,Class_B
S244,S244_M04,4,100.84,126.82,144.96,157.54,174.69,160.47,149.87,137.28,775.28,263.82,117.29,129.91,118.55,434.29,39.54,Class_B
S232,S232_M04,4,98.13,116.98,135.17,140.96,149.02,142.54,138.47,129.41,771.32,276.66,121.53999999999999,122.86,101.42,411.32,43.88,Class_B
S284,S284_M01,1,102.57,114.81,128.13,140.68,157.61,153.52,141.59,131.74,790.32,245.37,123.64,127.06,104.87,428.27,44.59,Class_A
S468,S468_M04,4,117.9,133.18,140.52,153.66,158.15,159.73,150.73,134.28,777.68,266.97,129.53,129.36,117.27,411.77,42.6,Class_C
S306,S306_M03,3,115.18,133.03,145.77,156.91,160.37,153.35,146.85,136.68,799.06,256.51,112.63,121.25,104.7,407.12,39.55,Class_B
S489,S489_M03,3,117.07,129.27,142.37,148.18,157.34,150.7,133.53,124.17,768.0,245.3,123.3,134.76,115.68,423.36,39.56,Class_B
S261,S261_M01,1,104.54,126.59,136.01,162.38,165.92,160.21,146.59,128.27,781.15,253.0,123.81,142.24,122.5,417.78,38.27,Class_A
S480,S480_M03,3,109.99,129.11,145.18,150.48,166.72,157.39,150.91,139.14,759.56,257.93,136.17,140.56,121.58,428.5,44.93,Class_B
S321,S321_M04,4,110.77,126.44,141.86,152.77,150.23,147.59,156.1,137.7,776.94,265.15,122.97,131.97,112.47,419.66,41.78,Class_C
S033,S033_M01,1,113.03,122.64,140.49,142.07,155.39,153.63,139.75,131.75,814.38,254.74,118.25,131.93,109.13,414.18,37.56,Class_A
S341,S341_M05,5,95.32,113.73,133.58,150.3,157.95,152.97,146.33,127.69,792.39,247.24,111.05,128.07,109.27,431.5,41.05,Class_A
S192,S192_M02,2,111.92,124.99,145.86,147.42,147.73,137.15,136.23,119.34,789.22,258.25,104.29,124.41,100.54,414.51,39.29,Class_A
S488,S488_M03,3,119.53,134.23,148.85,159.24,165.68,153.79,143.53,124.08,783.33,249.11,118.59,127.48,109.09,420.68,37.74,Class_A
S176,S176_M03,3,120.3,129.26,145.37,156.55,167.03,165.69,152.24,139.66,788.57,260.58,113.73,128.9,109.03,430.99,41.27,Class_A
S384,S384_M05,5,101.93,126.96,143.08,149.57,158.64,148.45,147.47,139.49,771.3,248.86,113.32,126.18,109.34,430.56,43.05,Class_B
S377,S377_M05,5,120.78,127.89,148.68,153.33,161.91,152.02,152.61,135.18,772.96,268.4,125.92,127.34,107.23,413.55,34.07,Class_C
S441,S441_M01,1,110.73,120.98,133.45,142.25,143.59,145.29,138.29,132.77,777.81,255.42,124.1,130.41,94.97,419.4,44.53,Class_C
S020,S020_M04,4,120.59,134.75,147.37,155.7,159.32,154.56,146.96,129.98,797.67,268.4,138.07,148.3,124.83000000000001,410.07,43.47,Class_B
S474,S474_M03,3,99.86,118.19,142.44,137.06,151.15,146.88,138.66,122.3,799.25,257.38,113.13,122.1,113.38,411.87,34.54,Class_A
S051,S051_M04,4,110.77,118.94,136.09,145.37,154.7,151.98,134.46,126.49,805.41,266.22,117.98,133.7,112.94,383.89,44.28,Class_A
S021,S021_M04,4,114.93,130.94,147.57,146.98,151.58,136.77,133.73,132.21,770.4,270.54,128.9,125.17,111.54,418.87,39.95,Class_C
S290,S290_M01,1,102.97,109.63,119.32,144.23,153.31,152.52,142.16,124.58,757.81,252.83,113.93,126.47,104.46,408.93,32.86,Class_A
S289,S289_M04,4,121.38,144.73,162.38,168.85,166.1,156.19,136.46,126.46,763.59,264.68,136.39,139.59,116.09,427.0,39.07,Class_B
S330,S330_M04,4,100.41,123.02,134.2,147.4,159.71,155.0,144.52,138.72,804.07,259.43,116.8,130.86,107.92,415.26,39.0,Class_A
S118,S118_M02,2,115.35,135.44,144.41,151.68,151.07,150.83,142.97,132.54,781.19,246.94,119.92,128.89,108.94,414.84,44.5,Class_C
S126,S126_M03,3,107.55,121.49,144.88,148.74,156.96,154.82,148.21,139.88,762.55,276.93,117.55,130.12,117.04,407.09,41.81,Class_B
S340,S340_M02,2,110.52,120.82,144.2,147.16,150.2,151.01,148.61,129.14,787.42,263.57,127.36,127.42,106.38,428.09,38.38,Class_C
S421,S421_M02,2,112.47,135.26,152.25,159.66,164.44,155.5,142.66,142.17,798.8,267.24,120.2,137.17,120.61,422.21,37.42,Class_B
S440,S440_M05,5,112.35,125.4,143.69,157.72,162.14,154.4,156.69,136.2,825.43,271.41,123.74,135.54,116.27,436.67,43.52,Class_B
S081,S081_M04,4,119.12,139.32,137.98,150.02,154.34,152.61,157.01,139.62,782.91,264.79,124.95,131.39,109.77,426.97,37.46,Class_C
S231,S231_M05,5,101.85,116.51,137.11,144.28,158.3,152.31,142.94,129.32,789.78,269.18,125.38,130.07,97.46,419.53,34.99,Class_A
S452,S452_M01,1,108.19,132.62,143.25,149.63,168.85,172.54,157.11,145.31,780.74,273.42,114.44,126.42,98.37,428.77,44.0,Class_C
S337,S337_M03,3,95.46,110.78,131.25,148.93,156.51,154.42,154.16,135.06,771.14,255.65,126.97,135.71,114.01,428.14,39.41,Class_A
S412,S412_M02,2,105.985,129.65,144.87,153.89,149.57,149.15,144.64,136.61,772.93,263.13,124.26,127.82,107.77,420.36,39.51,Class_B
S477,S477_M01,1,111.65,124.41,136.92,154.11,155.43,147.16,139.65,130.16,766.4,259.57,125.93,128.86,110.63,405.98,44.13,Class_B
S091,S091_M03,3,102.58,119.13,151.88,160.64,178.04,158.49,144.15,134.06,807.09,260.3,121.57,126.83,101.45,413.72,40.16,Class_A
S266,S266_M03,3,102.79,113.45,126.14,143.66,150.87,153.51,148.32,137.4,766.03,239.9,111.27,116.59,97.45,403.8,37.35,Class_A
S410,S410_M05,5,114.41,117.35,134.35,142.87,153.75,145.18,139.88,128.91,761.51,264.77,116.69,119.9,101.02,419.99,35.01,Class_C
S177,S177_M01,1,103.74,119.97,137.11,151.27,156.93,156.53,149.02,135.92,805.61,250.15,114.3,116.68,108.48,413.72,45.14,Class_B
S488,S488_M05,5,120.29,134.37,150.95,164.97,173.21,157.82,141.8,124.73,792.12,267.52,120.42,130.92,109.56,410.06,39.05,Class_A
S125,S125_M04,4,105.15,126.84,145.9,153.82,163.68,147.58,131.34,117.34,754.84,270.24,120.7,134.06,111.54,425.47,40.56,Class_A
S464,S464_M04,4,94.33,107.25,130.32,139.17,152.61,145.07,143.04,132.74,769.3,259.71,111.04,125.83,108.03,411.03,36.37,Class_A
S358,S358_M03,3,114.42,129.62,137.57,149.95,158.0,150.52,145.37,135.32,789.95,254.58,117.64,128.62,99.5,433.43,37.14,Class_C
S053,S053_M03,3,120.22,133.69,143.54,152.79,162.74,151.37,153.85,146.62,778.99,283.24,127.42,136.99,114.16,435.27,40.9,Class_C
S327,S327_M05,5,118.05,133.47,147.51,159.96,167.85,154.29,145.18,132.9,804.07,251.92,114.88,134.2,106.75,422.04,36.14,Class_C
S288,S288_M04,4,107.57,127.6,133.83,138.42,150.39,157.05,144.63,126.64,782.93,260.02,118.62,127.85,112.27,422.17,43.11,Class_B
S440,S440_M04,4,116.7,131.75,148.73,156.32,162.09,153.66,151.8,133.62,806.78,257.54,126.67,129.02,112.68,435.23,43.35,Class_B
S394,S394_M05,5,113.32,128.75,136.91,146.49,165.47,158.16,147.27,129.32,788.13,269.54,135.73,135.81,98.7,434.69,37.82,Class_C
S361,S361_M03,3,108.67,120.04,137.0,145.7,144.38,136.0,143.74,128.26,763.84,233.64,127.25,122.42,99.2,416.96,40.56,Class_C
S129,S129_M01,1,104.15,121.93,140.04,141.59,154.61,154.12,136.72,133.44,768.86,269.76,115.12,124.09,103.16,408.29,39.26,Class_A
S475,S475_M01,1,96.3,118.47,136.36,146.26,156.25,156.07,150.66,133.19,777.21,261.84,108.78,121.1,93.85,378.62,41.1,Class_A
S392,S392_M05,5,106.87,116.11,136.29500000000002,151.83,160.24,159.99,155.25,133.63,804.55,266.14,120.44,129.11,106.52,425.01,41.1,Class_A
S098,S098_M04,4,103.52,121.43,143.44,160.94,168.18,152.53,141.66,123.89,781.19,265.8,116.31,123.58,105.74,400.48,43.23,Class_A
S369,S369_M04,4,107.48,122.74,144.5,150.59,161.64,150.67,140.72,130.54,762.17,268.5,121.72,122.45,99.85,412.65,46.83,Class_B
S347,S347_M05,5,109.03,124.08,139.94,154.39,160.18,145.29,143.17,134.64,784.27,280.89,120.9,124.26,106.9,429.48,41.26,Class_C
S030,S030_M02,2,120.9,123.05,142.31,150.38,151.32,147.34,134.63,125.54,775.98,256.4,121.54,125.45,107.76,449.5,42.4,Class_C
S307,S307_M05,5,122.82,128.85,153.68,159.83,156.07,142.13,141.02,128.91,806.95,265.39,126.31,135.5,108.34,431.27,44.18,Class_B
S398,S398_M02,2,104.06,116.09,126.51,136.47,144.09,136.21,137.21,126.58,782.52,259.97,106.75,127.6,109.69,403.75,36.7,Class_A
S274,S274_M05,5,118.89,133.13,143.51,157.12,155.52,157.96,157.64,142.44,759.14,257.31,122.94,125.85,122.88,405.51,38.27,Class_B
S492,S492_M01,1,112.77,122.29,135.88,143.96,158.61,153.88,140.97,132.62,767.48,252.68,119.99,131.98,110.87,418.0,43.99,Class_B
S132,S132_M05,5,124.76,131.46,152.46,154.79,157.18,148.99,138.47,136.07,787.69,250.01,123.3,124.06,105.32,427.71,37.57,Class_C
S359,S359_M05,5,109.52,124.23,142.75,161.52,156.23,146.68,145.13,132.91,767.23,265.51,122.46,122.97,104.19,416.65,43.85,Class_B
S038,S038_M02,2,110.74,125.53,133.56,151.16,155.6,147.66,142.47,137.19,797.53,246.52,124.56,133.84,113.6,423.57,43.13,Class_B
S230,S230_M03,3,109.83,130.01,148.27,152.82,155.17,145.81,140.45,127.37,811.17,262.58,130.49,138.93,109.82,410.33,41.26,Class_A
S122,S122_M04,4,97.82,124.66,145.06,152.33,167.17,151.61,145.92,128.8,785.45,257.85,116.32,123.12,111.45,410.71,38.18,Class_B
S439,S439_M02,2,113.18,119.23,131.62,144.33,150.36,141.69,143.62,134.78,786.69,254.61,122.46,121.88,113.6,414.59,40.26,Class_C
S387,S387_M01,1,118.37,132.31,145.8,147.85,159.42,157.45,149.05,136.51,805.21,239.1,128.28,135.51,117.43,438.35,37.99,Class_C
S040,S040_M03,3,95.4,113.78,133.15,140.33,152.14,150.75,147.24,123.78,781.27,245.93,122.55,131.9,113.01,418.79,37.83,Class_C
S059,S059_M04,4,104.15,125.01,135.83,152.84,165.85,149.01,142.08,132.73,767.93,264.3,104.04,118.27,99.65,429.34,36.86,Class_A
S154,S154_M02,2,118.0,128.36,135.58,145.05,161.54,148.81,144.78,131.51,783.92,256.93,132.05,135.44,104.93,407.49,41.73,Class_B
S081,S081_M01,1,121.9,136.09,146.04,151.85,157.3,152.4,153.62,142.19,775.66,256.82,127.67,130.6,114.83,418.86,42.32,Class_C
S025,S025_M03,3,120.49,132.12,145.23,149.94,158.44,150.74,152.21,138.25,810.91,265.62,116.31,132.31,113.3,450.22,38.19,Class_C
S041,S041_M03,3,106.67,126.4,137.96,159.5,162.39,149.02,144.18,137.89,800.82,273.36,112.61,127.02,102.99,419.36,42.87,Class_B
S168,S168_M01,1,116.48,117.76,131.95,138.18,151.34,142.61,147.28,138.49,780.61,258.54,117.53,126.04,108.44,419.51,42.96,Class_C
S459,S459_M05,5,109.42,127.38,145.41,150.2,151.06,145.27,146.04,136.06,760.9,257.41,115.15,124.83,105.14,406.9,43.7,Class_C
S288,S288_M05,5,105.07,123.72,129.78,138.79,149.85,148.84,138.8,129.3,786.32,266.52,123.65,129.03,112.34,430.51,43.39,Class_B
S347,S347_M04,4,113.39,128.28,143.32,154.63,162.79,151.17,148.8,131.98,785.3,273.76,128.29,130.62,110.65,432.32,39.26,Class_C
S340,S340_M01,1,114.44,125.57,143.48,148.37,148.04,150.42,150.99,133.54,754.9,248.51,127.46,122.24,101.505,424.7,42.33,Class_C
S342,S342_M03,3,108.97,119.51,129.9,142.94,150.68,147.31,143.87,125.33,772.67,266.95,118.48,118.27,93.56,407.65,40.04,Class_C
S494,S494_M04,4,106.17,132.72,150.98,157.23,167.29,157.58,146.61,142.5,792.81,250.07,116.24,133.08,111.92,412.87,41.8,Class_A
S231,S231_M04,4,106.62,112.43,137.46,146.71,158.01,155.02,145.03,133.98,802.05,264.42,122.23,126.98,97.95,414.63,38.82,Class_A
S333,S333_M02,2,114.44,135.81,149.4,157.11,170.69,165.61,160.2,134.04,775.4449999999999,268.24,128.89,138.37,114.95,416.36,36.2,Class_C
S352,S352_M05,5,110.67,131.85,144.94,160.77,165.38,154.86,142.99,129.29,763.63,268.31,118.82,139.03,119.96,413.99,40.66,Class_A
S171,S171_M05,5,109.93,126.23,142.9,157.29,159.54,153.11,143.86,130.71,797.32,269.71,123.85,137.18,116.69,404.33,33.93,Class_A
S318,S318_M05,5,111.38,129.4,143.33,146.63,155.28,146.24,141.19,137.01,784.33,255.18,116.18,126.5,99.13,400.8,37.96,Class_C
S454,S454_M03,3,110.0,125.37,133.13,158.94,163.28,161.58,151.7,130.94,778.21,263.55,114.19,136.73,105.5,403.87,40.19,Class_A
S129,S129_M02,2,108.54,121.73,140.97,144.52,158.07,150.59,139.92,127.94,765.93,279.32,117.75,126.67,103.17,418.97,40.27,Class_A
S001,S001_M02,2,107.02,123.34,132.11,141.89,145.73,146.92,135.14,124.31,776.7,270.98,124.81,123.07,96.91,411.65,41.44,Class_C
S433,S433_M01,1,114.86,127.28,144.65,149.65,158.14,159.58,158.9,153.85,787.84,255.16,123.96,136.59,108.9,424.11,44.07,Class_C
S140,S140_M04,4,102.74,122.48,144.51,151.97,155.23,154.55,143.44,135.5,747.72,268.57,122.84,144.64,108.91,421.44,42.57,Class_A
S328,S328_M02,2,114.14,129.77,139.65,143.9,151.21,137.95,131.07,122.72,792.36,255.17,117.51,123.9,110.59,407.12,40.45,Class_B
S259,S259_M02,2,100.49,132.12,148.33,159.09,158.65,150.61,146.34,124.38,786.29,251.73,113.49,130.45,104.12,422.25,38.32,Class_A
S478,S478_M05,5,98.82,113.08,130.76,146.66,165.4,148.16,133.29,125.84,768.98,241.39,122.46,133.22,115.89,411.43,36.98,Class_B
S305,S305_M01,1,101.01,117.67,132.44,138.72,148.69,135.6,141.025,136.11,779.17,266.75,115.97,128.23,110.27,420.25,35.08,Class_C
S371,S371_M04,4,129.02,134.41,150.32,154.75,158.73,159.4,150.95,130.23,772.94,262.13,129.44,144.28,129.55,416.48,41.5,Class_C
S228,S228_M02,2,113.81,124.33,146.09,149.92,159.02,142.63,146.32,134.72,801.43,260.45,128.63,136.97,114.25,417.64,36.92,Class_B
S485,S485_M03,3,106.71,131.72,155.38,161.16,162.24,168.26,157.42,135.84,781.46,267.86,119.17,129.9,109.59,426.18,44.65,Class_A
S327,S327_M02,2,117.7,126.51,145.67,155.92,160.13,160.14,151.39,126.46,787.97,258.65,123.53,133.74,109.5,421.63,34.91,Class_C
S400,S400_M04,4,109.21,123.57,142.09,154.14,164.86,157.8,138.88,125.14,748.39,247.94,126.49,130.58,103.88,416.76,40.93,Class_B
S133,S133_M04,4,124.31,146.48,155.25,152.94,163.38,153.26,143.63,132.44,800.99,267.12,126.91,128.56,111.52,420.32,42.38,Class_B
S137,S137_M04,4,110.38,128.75,145.22,146.62,144.2,150.5,155.48,151.3,772.08,263.91,118.76,119.31,101.59,433.16,42.5,Class_C
S252,S252_M03,3,102.54,108.83,131.19,140.99,152.89,147.84,139.56,137.48,803.2,276.59,139.42,141.72,117.03,428.75,39.17,Class_C
S064,S064_M03,3,113.17,114.23,122.41,136.62,142.42,130.51,132.21,123.5,804.14,250.47,122.74,138.04,107.07,427.8,42.18,Class_C
S130,S130_M04,4,111.7,123.06,136.45,142.85,154.73,155.43,152.73,140.2,784.74,260.0,126.55,124.19,119.84,439.05,40.84,Class_B
S287,S287_M05,5,105.02,130.5,146.77,148.6,163.11,148.95,139.46,126.54,770.6,264.47,129.72,128.21,101.25,409.33,36.54,Class_A
S296,S296_M05,5,110.2,118.35,131.23,144.23,148.66,154.52,140.45,125.88,790.56,257.5,124.5,136.91,118.1,427.52,44.88,Class_C
S142,S142_M05,5,108.17,120.27,140.03,144.39,161.07,156.65,144.41,127.55,777.05,258.41,104.69,115.21,103.66,408.93,42.63,Class_B
S257,S257_M03,3,115.26,135.12,142.72,150.58,152.12,150.72,144.6,131.54,793.07,257.45,123.56,117.03,100.83,422.65,44.36,Class_C
S354,S354_M04,4,118.99,132.31,148.06,154.84,168.19,165.25,142.46,134.21,774.56,267.79,123.49,124.47,111.52,428.14,39.11,Class_B
S195,S195_M03,3,101.6,117.77,135.23,147.79,157.67,159.02,149.96,142.61,781.64,265.37,117.7,140.89,113.83,427.25,36.6,Class_A
S262,S262_M02,2,106.81,129.38,141.54,152.39,157.57,155.16,144.29,134.98,780.81,267.69,110.78,107.87,95.24,410.77,41.0,Class_C
S281,S281_M01,1,115.12,138.37,155.67,160.69,162.81,165.04,151.92,133.76,785.7,259.48,130.1,136.88,115.15,421.92,36.31,Class_A
S282,S282_M04,4,99.63,119.24,127.62,142.06,163.07,163.16,144.82,139.02,769.93,252.11,113.23,128.17,98.92,407.14,35.41,Class_A
S448,S448_M03,3,110.04,124.85,138.34,154.64,159.87,150.37,148.68,148.23,755.78,271.25,131.17,136.49,115.22,425.2,40.77,Class_B
S300,S300_M02,2,115.24,131.56,153.02,159.64,169.59,156.44,144.79,136.54,808.89,275.93,113.74,118.67,107.3,403.96,42.1,Class_B
S408,S408_M04,4,110.01,119.57,137.57,146.19,147.71,144.48,136.46,124.25,764.36,254.5,119.56,121.04499999999999,104.19,418.82,41.03,Class_C
S306,S306_M05,5,114.19,131.15,147.05,151.17,162.1,152.09,146.18,132.29,808.71,258.19,114.6,119.36,105.13,422.06,36.51,Class_B
S333,S333_M04,4,117.37,137.78,156.67,157.78,166.65,157.3,152.06,131.32,764.58,278.06,120.74,138.95,113.63,418.26,37.18,Class_C
S271,S271_M05,5,109.89,111.76,129.46,143.3,156.76,139.78,133.86,127.44,777.21,262.52,118.31,137.16,109.45,420.12,37.15,Class_A
S490,S490_M01,1,115.14,134.03,139.91,153.93,154.83,135.97,135.4,131.36,747.72,247.82,134.26,133.17,106.87,421.39,38.0,Class_B
S493,S493_M03,3,109.08,129.63,141.41,154.73,158.48,153.35,151.51,131.13,766.54,275.2,132.9,141.29,122.69,433.76,34.84,Class_B
S329,S329_M04,4,114.2,125.56,147.52,156.39,158.07,147.19,136.62,126.07,752.57,253.38,122.49,135.63,114.6,423.84,35.3,Class_B
S211,S211_M02,2,111.27,127.51,138.06,149.93,162.3,152.99,156.47,143.06,787.3,257.55,125.17,131.51,106.66,405.62,46.52,Class_C
S160,S160_M01,1,120.98,124.94,141.24,144.84,153.52,152.43,155.84,143.45,800.4,270.83,118.59,127.93,105.02,427.07,36.74,Class_C
S320,S320_M03,3,116.39,127.57,143.5,143.83,140.68,139.59,137.17,130.68,773.99,251.15,126.2,127.4,101.8,420.36,37.32,Class_C
S364,S364_M05,5,117.09,134.26,145.02,149.7,163.95,164.74,157.37,133.8,746.71,266.38,114.48,136.18,111.79,441.1,34.81,Class_A
S345,S345_M03,3,106.08,122.5,136.55,141.59,145.14,148.77,155.13,141.56,786.21,258.05,113.56,123.72,112.4,410.69,40.21,Class_C
S237,S237_M04,4,109.46,124.8,146.7,159.34,153.14,145.86,140.58,132.95,801.08,262.63,125.74,126.0,108.07,447.89,44.85,Class_B
S212,S212_M05,5,113.24,137.28,151.03,155.2,155.53,146.71,141.57,131.2,785.64,260.4,135.47,132.26,121.98,418.41,47.51,Class_B
S109,S109_M01,1,94.19,115.97,136.1,151.87,148.18,144.82,136.72,121.11,757.72,255.62,118.07,126.73,107.63,412.28,45.61,Class_A
S336,S336_M04,4,113.92,129.3,142.3,149.69,151.67,143.74,139.82999999999998,123.51,790.75,272.96,127.45,126.96,115.08,428.07,40.89,Class_B
S483,S483_M04,4,121.06,135.95,151.3,163.98,174.73,162.73,146.62,150.71,773.3,251.8,122.99,132.5,110.16,417.69,38.2,Class_B
S352,S352_M03,3,103.65,123.08,140.15,154.15,160.85,152.08,139.09,126.09,774.54,252.27,121.21,134.16,112.12,431.69,36.13,Class_A
S385,S385_M04,4,107.87,120.17,129.59,146.17,157.07,152.85,145.33,136.26,784.21,253.63,130.95,138.6,108.4,422.3,38.1,Class_B
S020,S020_M01,1,124.61,139.18,147.3,151.46,158.56,156.96,147.09,130.36,797.1800000000001,265.65,132.28,140.99,115.73,401.53,44.92,Class_B
S205,S205_M01,1,100.83,119.15,146.37,152.13,168.56,150.13,134.16,120.64,778.04,253.17,124.63,134.93,115.51,406.03,43.4,Class_A
S113,S113_M04,4,92.73,112.49,134.94,146.97,154.07,147.36,133.05,119.29,792.68,255.62,128.63,139.45,110.86,400.67,40.51,Class_A
S173,S173_M04,4,109.82,122.77,135.05,145.24,152.75,148.04,135.43,123.57,747.88,267.45,103.11,128.93,104.59,412.17,42.61,Class_A
S297,S297_M05,5,117.94,139.66,140.98,147.41,156.75,151.89,145.06,133.32,794.7,254.4,124.11,129.8,98.2,403.35,41.91,Class_C
S377,S377_M02,2,121.89,129.8,148.43,152.4,152.75,153.52,156.93,131.36,781.02,264.64,129.81,136.64,113.28,434.43,32.66,Class_C
S208,S208_M04,4,109.49,122.59,138.43,150.15,154.46,149.41,154.61,138.63,755.6,247.95,126.45,135.22,115.49,421.11,39.06,Class_C
S042,S042_M02,2,111.33,130.06,148.91,154.7,162.62,153.59,148.1,140.78,773.86,253.28,129.45,135.87,107.49,407.03,42.0,Class_C
S079,S079_M03,3,115.39,125.07,149.71,156.1,159.33,149.59,135.65,127.77,779.4,256.93,118.52,121.3,104.45,428.21,41.85,Class_B
S175,S175_M01,1,99.29,118.28,140.1,143.14,148.81,139.29,131.35,119.79,777.5,268.25,109.7,115.47,94.36,417.2,42.44,Class_A
S080,S080_M03,3,119.11,136.99,144.27,157.02,153.88,148.1,141.93,139.11,809.92,259.29,134.4,130.53,106.49,423.18,47.19,Class_C
S482,S482_M03,3,98.19,114.82,129.04,146.6,165.8,165.38,152.54,136.7,790.85,248.25,105.83,122.93,99.97,396.49,42.74,Class_A
S206,S206_M04,4,114.36,127.82,144.44,154.28,162.9,160.51,146.28,134.78,767.46,262.28,124.62,135.87,115.29,426.79,37.46,Class_A
S298,S298_M01,1,100.19,119.28,145.76,147.54,150.48,143.39,145.38,135.4,787.52,268.75,112.71,125.16,107.08,424.94,36.09,Class_C
S193,S193_M01,1,110.94,118.26,142.2,143.61,160.66,154.11,146.06,137.87,778.43,274.86,115.33,124.76,110.25,411.36,33.19,Class_A
S315,S315_M01,1,107.31,129.83,141.69,143.32,156.755,154.91,149.42,138.39,776.2,247.96,124.22,124.95,107.75,415.4,43.14,Class_B
S380,S380_M01,1,116.86,129.93,136.5,151.39,155.14,157.22,155.15,146.68,814.44,264.92,130.27,137.31,106.63,443.01,38.69,Class_C
S430,S430_M02,2,104.91,123.2,137.42,157.84,157.86,154.45,147.51,132.72,793.67,269.6,116.82,121.14,100.2,431.37,36.96,Class_C
S161,S161_M05,5,93.25,115.05,133.22,145.82,161.03,154.79,151.17,130.56,765.92,256.04,120.13,124.56,96.8,430.65,40.77,Class_A
S351,S351_M02,2,126.4,149.06,159.61,168.43,181.69,171.15,156.79,139.94,763.05,258.22,121.72,128.32,110.34,415.06,42.08,Class_B
S101,S101_M03,3,98.54,118.5,141.03,154.5,157.88,149.58,150.27,135.5,795.68,268.49,114.02,121.74,114.2,414.33,42.76,Class_C
S156,S156_M05,5,118.93,130.69,139.62,146.61,152.39,147.73,137.95,130.58,787.88,254.36,127.08,130.39,107.55,408.29,43.67,Class_C
S373,S373_M04,4,115.2,126.53,146.19,149.21,155.74,152.73,136.13,123.88,779.81,262.7,130.2,141.72,122.2,420.45,40.09,Class_B
S041,S041_M01,1,107.3,132.97,143.8,163.8,165.05,146.34,137.55,128.23,791.88,259.34,115.47,130.96,103.34,386.86,43.11,Class_B
S437,S437_M03,3,106.47,124.04,147.01,159.74,175.33,166.45,151.38,126.15,759.83,251.86,110.59,137.39,116.68,417.91,39.82,Class_A
S418,S418_M04,4,116.41,128.24,135.02,150.15,154.71,154.97,153.63,148.19,766.62,260.38,132.33,132.74,110.29,392.13,41.19,Class_C
S456,S456_M04,4,109.82,120.61,142.48,151.0,156.68,151.3,147.04,128.75,766.03,277.48,109.86,130.01,112.19,424.42,39.58,Class_A
S360,S360_M02,2,106.46,133.58,143.03,150.38,166.33,162.02,153.89,136.7,777.67,274.19,106.16,116.64,102.18,421.79,36.47,Class_B
S076,S076_M04,4,105.36,120.95,131.68,139.55,156.35,140.33,127.14,118.64,773.58,254.75,113.03,115.79,99.95,427.13,35.69,Class_A
S468,S468_M02,2,114.91,126.09,141.38,161.99,159.39,160.1,148.1,135.37,756.76,254.74,134.87,136.83,120.02,416.7,40.67,Class_C
S084,S084_M04,4,105.56,121.0,130.78,140.93,153.7,152.54,155.88,139.41,794.1,252.23,115.16,119.2,104.35,405.79,44.92,Class_A
S340,S340_M04,4,112.01,121.67,140.32,149.54,153.61,156.37,144.84,131.23,780.57,256.25,128.27,124.68,98.63,433.01,40.43,Class_C
S079,S079_M02,2,115.21,130.45,149.77,155.06,158.74,146.85,133.94,127.17,778.02,253.44,110.84,117.82,102.24,436.59,41.5,Class_B
S305,S305_M03,3,101.5,120.95,129.21,131.39,151.2,135.2,139.37,141.45,791.47,264.77,126.0,125.16,104.96,410.75,34.57,Class_C
S233,S233_M03,3,117.89,137.44,140.88,143.95,155.32,153.24,147.92,134.12,775.37,254.8,129.56,140.7,123.04,423.56,40.59,Class_C
S300,S300_M01,1,118.63,128.69,150.06,153.17,161.77,148.29,137.17,129.49,799.04,264.82,116.87,114.9,100.77,423.14,38.07,Class_B
S406,S406_M03,3,113.13,139.01,145.19,157.69,159.67,162.31,154.5,140.23,791.01,263.49,128.37,135.21,110.29,415.7,40.49,Class_C
S231,S231_M03,3,105.29,115.1,136.24,149.36,159.01,153.47,147.3,132.13,784.67,269.91,129.52,130.85,103.87,406.15,36.4,Class_A
S274,S274_M03,3,110.79,121.91,136.47,148.52,153.76,158.52,152.79,143.69,768.17,245.63,120.84,130.17,117.01,397.59,39.0,Class_B
S013,S013_M05,5,115.49,126.33,145.79,163.05,160.88,161.12,150.08,136.94,796.72,263.31,117.99,133.54,112.09,421.04,41.44,Class_B
S413,S413_M03,3,107.78,119.61,135.52,152.53,168.62,163.8,150.71,124.85,780.5,247.25,120.53,132.48,105.57,415.54,40.81,Class_A
S237,S237_M01,1,114.45,123.96,148.56,161.15,162.37,158.15,145.4,133.51,791.3,268.88,122.62,130.89,109.57,430.48,44.29,Class_B
S099,S099_M03,3,99.82,106.07,132.16,145.77,153.56,151.04,136.11,115.34,768.5,245.13,116.02,129.13,111.29,428.55,38.31,Class_A
S076,S076_M05,5,108.69,126.01,126.16,140.23,155.5,148.95,134.33,120.14,783.78,252.99,121.06,116.03,104.7,418.46,33.56,Class_A
S448,S448_M01,1,107.07,123.97,137.12,144.29,152.21,146.83,145.9,138.75,788.26,274.07,120.45,132.41,112.04,430.05,42.33,Class_B
S153,S153_M04,4,98.27,120.65,143.32,148.32,167.15,149.19,138.72,128.21,805.94,263.28,130.24,143.14,113.25,429.95,36.98,Class_A
S453,S453_M05,5,107.06,124.87,146.22,159.12,162.66,155.13,157.65,142.83,779.8,258.78,126.85,137.1,112.13,411.07,39.31,Class_C
S159,S159_M02,2,112.83,127.79,147.56,141.07,138.29,140.31,137.2,127.14,802.17,260.71,117.23,118.5,95.27,416.61,39.16,Class_C
S216,S216_M02,2,101.005,114.53,128.26,145.84,153.7,156.32,145.71,135.69,771.21,251.52,126.82,136.41,110.68,423.93,40.2,Class_C
S176,S176_M04,4,120.46,134.9,150.16,155.76,164.4,167.95,156.04,138.26,797.76,246.75,114.33,132.36,114.09,421.62,41.23,Class_A
S068,S068_M03,3,101.58,112.04,134.94,137.66,155.73,150.09,143.24,127.36,793.59,261.16,119.01,130.3,99.49,418.25,43.59,Class_A
S469,S469_M04,4,87.19,109.62,132.18,141.76,151.34,146.64,138.38,131.89,747.65,242.5,105.08,122.8,105.11,402.28,36.68,Class_A
S204,S204_M02,2,110.0,130.82,152.51,157.72,159.58,159.42,151.26,137.66,781.17,251.44,124.27,126.08,109.63,398.01,42.23,Class_A
S256,S256_M01,1,119.41,134.29,148.87,162.56,173.07,164.64,142.7,136.45,798.33,260.74,134.58,126.34,111.59,403.57,44.93,Class_C
S092,S092_M01,1,112.72,128.86,146.08,148.65,157.44,143.54,142.02,133.72,777.92,260.15,115.48,129.73,102.66,417.79,41.92,Class_C
S164,S164_M01,1,105.9,112.58500000000001,132.2,144.9,151.55,154.23,143.19,133.95,793.43,260.18,125.79,131.61,118.22,433.28,40.53,Class_A
S464,S464_M03,3,95.12,115.06,129.9,144.44,154.28,150.32,142.63,135.47,791.48,272.95,108.35,127.4,102.04,419.36,41.62,Class_A
S200,S200_M01,1,103.25,117.43,143.64,148.91,166.92,157.06,140.87,117.93,775.55,244.47,117.37,127.94,103.17,412.72,33.88,Class_A
S397,S397_M02,2,114.82,132.62,156.73,165.47,165.79,159.15,158.0,143.17,767.56,269.38,122.07,126.72,110.95,430.76,40.48,Class_C
S041,S041_M02,2,112.18,132.84,147.6,161.7,167.97,145.01,142.2,131.28,796.92,261.08,116.73,131.47,102.67,423.62,42.26,Class_B
S033,S033_M02,2,109.47,122.2,138.26,143.96,151.99,148.9,140.38,129.37,807.44,257.45,112.25,121.67,107.24,423.73,39.24,Class_A
S316,S316_M05,5,107.32,123.98,152.53,164.99,164.93,156.31,150.45,144.65,750.06,269.45,113.14,120.97,106.2,396.78,40.94,Class_A
S490,S490_M05,5,116.68,136.44,145.85,155.6,156.89,141.81,136.4,129.28,760.4,242.65,137.55,140.57,108.76,424.3,47.34,Class_B
S141,S141_M03,3,108.13,129.42,135.68,151.27,162.13,154.98,140.04,131.2,754.34,260.26,112.19,117.75,101.14,429.42,38.45,Class_B
S301,S301_M01,1,112.7,131.36,150.54,160.06,158.62,154.08,153.26,136.17,802.52,272.91,116.1,120.36,91.29,433.28,38.97,Class_C
S226,S226_M05,5,117.15,138.97,146.19,146.16,150.59,139.9,136.39,120.61,786.47,267.38,120.27,132.71,102.87,424.16,41.48,Class_C
S205,S205_M02,2,111.82,124.8,141.31,149.52,166.08,150.71,135.1,117.08,791.17,250.75,127.5,137.45,113.95,406.22,45.17,Class_A
S318,S318_M01,1,108.35,129.08,140.18,145.46,155.18,148.81,137.47,132.13,796.54,268.16,113.65,128.91,103.2,414.5,38.32,Class_C
S392,S392_M01,1,102.89,115.38,133.01,147.57,160.52,159.86,151.82,137.08,781.13,243.3,118.03,126.39,109.13,431.41,42.75,Class_A
S451,S451_M04,4,106.44,121.92,142.01,154.55,162.86,155.4,149.59,131.86,789.07,262.47,110.1,129.07,109.54,415.03,40.31,Class_A
S007,S007_M05,5,120.66,136.11,145.21,154.12,164.66,164.18,150.06,135.77,794.64,267.77,125.55,125.6,96.77,417.38,41.77,Class_C
S156,S156_M01,1,117.58,124.59,135.79,146.04,159.02,153.89,145.55,128.89,782.66,281.65,121.34,131.34,110.66,412.14,41.74,Class_C
S296,S296_M04,4,112.38,111.52,119.57,137.72,138.61,143.06,132.63,122.54,787.18,255.08,118.95,131.39,111.22,416.31,43.29,Class_C
S279,S279_M01,1,142.38,146.43,159.52,180.38,184.51,185.42,175.58,173.74,791.92,250.95,123.67,128.47,104.19,424.09,38.82,Class_C
S428,S428_M05,5,114.3,121.42,126.78,139.35,151.1,143.58,140.61,128.13,781.41,266.42,119.01,124.3,107.82,415.13,45.49,Class_C
S273,S273_M04,4,106.68,121.5,138.95,148.72,154.2,157.56,149.76,130.85,782.835,257.46,117.01,132.23,109.59,419.61,37.17,Class_A
S409,S409_M02,2,100.0,117.65,128.48,137.97,150.58,139.25,129.97,118.4,769.05,252.34,106.99,120.99,106.03,419.94,38.41,Class_A
S049,S049_M02,2,106.51,124.7,143.9,154.68,158.88,153.19,142.48,133.37,785.02,260.18,116.48,128.04,106.35,408.9,36.81,Class_C
S413,S413_M02,2,112.67,124.87,140.83,154.19,162.19,164.51,151.62,132.64,765.37,253.16,124.57,135.06,104.44,431.87,39.01,Class_A
S473,S473_M04,4,113.13,130.66,140.95,160.81,164.72,158.09,152.33,128.78,785.6,262.38,105.52,120.06,94.36,429.29,40.48,Class_A
S121,S121_M01,1,122.84,131.91,138.03,152.09,155.4,149.53,144.5,137.54,765.82,245.2,113.68,125.44,115.34,421.14,42.45,Class_B
S488,S488_M01,1,113.3,136.86,150.33,159.35,169.2,159.12,140.41,122.0,791.42,247.31,113.62,129.73,111.86,398.69,38.6,Class_A
S260,S260_M03,3,126.89,142.69,153.82,168.11,164.11,157.33,156.31,152.48,775.52,285.0,110.8,122.02,111.51,446.2,42.01,Class_B
S443,S443_M05,5,113.71,126.54,144.39,152.94,148.88,144.23,142.85,131.96,777.93,281.92,125.57,129.68,112.28,415.84,40.27,Class_C
S414,S414_M04,4,113.0,123.91,144.16,147.3,158.65,158.39,143.12,131.04,748.04,252.78,115.76,126.81,109.9,413.96,41.99,Class_C
S130,S130_M02,2,102.55,119.33,137.04,144.04,157.62,155.7,147.52,138.21,781.27,262.03,117.55,125.18,116.88,427.9,37.75,Class_B
S306,S306_M04,4,116.3,131.5,145.61,148.39,158.17,149.97,141.91,128.76,799.88,246.32,115.27,119.31,107.89,422.94,39.99,Class_B
S254,S254_M03,3,83.64,107.53,122.01,135.85,152.3,144.37,132.42,116.95,778.885,253.83,117.36,119.49,98.11,396.81,41.47,Class_A
S380,S380_M05,5,114.05,127.08,140.82,154.5,154.02,153.49,154.71,152.48,795.55,253.33,125.8,130.69,104.35,428.25,40.32,Class_C
S113,S113_M03,3,98.79,115.75,136.13,139.57,153.18,143.99,136.32,121.68,784.54,258.17,130.24,134.57,107.88,398.61,39.61,Class_A
S038,S038_M05,5,114.1,130.05,141.93,151.55,153.85,151.92,143.85,134.14,774.88,277.51,124.81,128.66,119.11,428.44,45.0,Class_B
S362,S362_M02,2,114.19,127.68,141.74,147.21,165.87,150.87,151.05,128.09,792.59,252.52,121.87,135.84,107.32,436.09,39.18,Class_A
S196,S196_M01,1,111.74,124.58,137.23,143.3,163.37,158.55,143.27,131.97,790.69,239.76,116.04,127.32,102.19,411.02,37.81,Class_A
S410,S410_M03,3,115.47,124.75,133.72,140.79,148.08,149.55,141.81,133.12,793.53,259.77,125.59,124.17,100.76,415.5,38.17,Class_C
S217,S217_M03,3,99.65,117.7,130.71,140.61,151.69,150.43,137.63,127.56,774.62,260.01,126.14,137.78,110.8,416.33,38.9,Class_A
S095,S095_M05,5,98.24,119.0,142.1,147.7,149.67,142.49,145.71,129.26,782.02,248.28,121.84,142.54,112.08,410.43,43.21,Class_A
S150,S150_M03,3,100.69,127.72,140.91,150.72,160.04,155.73,141.36,125.78,777.64,258.9,113.55,131.05,111.63,411.79,39.76,Class_A
S461,S461_M01,1,115.19,126.03,150.03,160.8,167.4,159.33,159.93,142.1,790.97,267.81,120.3,132.25,113.98,423.1,39.62,Class_B
S005,S005_M02,2,114.33,128.57,144.52,151.69,162.19,163.0,146.93,121.71,776.11,259.06,116.75,126.98,109.39,434.01,38.13,Class_A
S092,S092_M05,5,119.49,136.45,152.38,155.58,155.46,144.15,134.58,130.2,778.07,249.65,112.7,129.65,105.05,431.91,37.75,Class_C
S237,S237_M05,5,113.54,127.83,137.84,157.51,163.42,153.41,141.82,129.39,774.51,268.14,124.82,128.08,109.95,431.24,41.45,Class_B
S465,S465_M05,5,111.8,129.54,145.52,161.28,163.78,155.43,146.25,126.9,776.21,264.81,130.31,138.36,117.27,403.36,39.83,Class_B
S192,S192_M01,1,112.93,127.0,145.42,154.92,156.49,143.51,138.73,118.36,788.08,259.05,111.28,125.79,104.55,431.44,36.83,Class_A
S244,S244_M01,1,109.39,130.06,147.14,160.62,171.64,157.445,146.16,135.45,782.4,252.97,107.52,125.54,110.28,405.11,41.85,Class_B
S487,S487_M04,4,115.97,133.76,143.6,151.81,158.56,157.29,152.74,141.89,797.74,252.68,119.33,122.49,105.32,425.45,44.22,Class_B
S304,S304_M01,1,100.37,119.11,143.2,148.49,154.98,147.29,148.01,131.98,781.57,270.83,135.37,142.43,125.71,433.78,38.4,Class_B
S479,S479_M02,2,108.88,122.25,136.05,147.8,161.02499999999998,154.91,140.74,134.41,806.41,273.31,118.27,121.14,104.82,408.04,38.33,Class_B
S154,S154_M05,5,107.82,123.94,129.84,141.82,157.02,149.88,142.6,125.7,778.91,254.38,127.89,129.21,100.15,398.3,38.83,Class_B
S338,S338_M01,1,117.77,128.69,149.65,153.19,164.32,161.91,154.69,144.97,777.56,259.08,118.28,129.67,111.38,416.24,45.25,Class_C
S027,S027_M01,1,107.43,119.57,140.32,149.2,159.28,150.8,133.4,125.52,776.01,249.06,123.12,130.9,107.28,423.68,43.05,Class_B
S428,S428_M01,1,115.8,128.92,131.39,136.19,144.55,138.9,142.21,130.4,760.33,267.13,116.52,122.45,105.61,415.76,42.87,Class_C
S297,S297_M03,3,118.38,130.78,136.5,142.2,151.34,149.98,142.85,126.37,781.89,261.65,123.79,136.88,94.62,420.83,42.05,Class_C
S067,S067_M01,1,108.19,125.92,138.07,150.11,154.83,151.79,140.73,136.14,773.54,254.87,115.17,122.16,102.02,424.07,45.59,Class_B
S248,S248_M04,4,103.92,119.71,139.23,150.82,164.03,155.67,140.57,137.2,763.87,274.61,125.26,130.47,105.09,414.42,38.93,Class_B
S094,S094_M02,2,118.59,128.09,151.67,155.36,158.14,151.21,152.31,136.13,771.37,245.0,125.16,135.92,119.84,418.13,43.49,Class_B
S434,S434_M05,5,98.66,116.73,133.3,139.11,142.06,141.31,138.52,130.69,791.8,255.57,128.17,132.63,105.16,417.91,40.54,Class_C
S328,S328_M04,4,113.46,128.73,137.63,144.3,148.53,138.46,136.56,125.38,792.02,247.4,111.3,125.04,111.84,411.12,40.17,Class_B
S220,S220_M01,1,97.42,118.33,142.61,152.79,157.6,145.1,131.1,120.52,771.79,253.65,121.82,122.25,107.13,395.37,37.04,Class_B
S227,S227_M01,1,92.09,113.73,129.78,144.84,162.61,155.91,141.94,128.84,784.35,278.34,121.74,136.65,100.57,419.72,41.71,Class_A
S259,S259_M05,5,96.06,124.91,140.63,156.26,156.48,152.35,146.19,120.8,773.71,256.24,118.28,128.42,103.66,415.07,41.04,Class_A
S173,S173_M01,1,115.8,122.82,140.91,152.56,153.91,145.03,131.12,121.2,754.15,260.97,102.02,129.17,103.59,399.91,41.49,Class_A
